[2026-02-17 14:38:23] 🚀 Iniciando script – 2026-02-17_14-38-23
[2026-02-17 14:38:23] ✅ Node v24.12.0 OK
[2026-02-17 14:38:23] ✅ Yarn 4.12.0 OK
[2026-02-17 14:38:23] ✅ Xcode 26.2 OK
[2026-02-17 14:38:23] ✅ CocoaPods 1.16.2 OK
[2026-02-17 14:38:23] ✅ libimobiledevice (idevicepair) disponível
[2026-02-17 14:38:23] 🚀 Script iniciado – 2026-02-17_14-38-23
[2026-02-17 14:38:23] 🧹 Iniciando limpeza rápida dos artefatos da build anterior…
[2026-02-17 14:38:23]    • Jobs paralelos permitidos: 10
[2026-02-17 14:38:23]    • Aguardando finalização das remoções async…
[2026-02-17 14:41:45] ✅ Limpeza rápida concluída.
[2026-02-17 14:41:45] 📦 Instalando dependências JavaScript (Yarn)…
➤ YN0050: The --frozen-lockfile option is deprecated; use --immutable and/or --immutable-cache instead

➤ YN0000: · Yarn 4.12.0
➤ YN0000: ┌ Resolution step
➤ YN0000: └ Completed
➤ YN0000: ┌ Post-resolution validation
➤ YN0060: │ react is listed by your project with version 19.1.0 (pf5c6e9), which doesn't satisfy what react-test-renderer and other dependencies request (but they have non-overlapping ranges!).
➤ YN0086: │ Some peer dependencies are incorrectly met by your project; run yarn explain peer-requirements <hash> for details, where <hash> is the six-letter p-prefixed code.
➤ YN0086: │ Some peer dependencies are incorrectly met by dependencies; run yarn explain peer-requirements for details.
➤ YN0000: └ Completed
➤ YN0000: ┌ Fetch step
➤ YN0000: └ Completed in 0s 474ms
➤ YN0000: ┌ Link step
➤ YN0007: │ @biomejs/biome@npm:1.9.2 must be built because it never has been before or the last one failed
➤ YN0007: │ aws-sdk@npm:2.1693.0 must be built because it never has been before or the last one failed
➤ YN0000: └ Completed in 6s 243ms
➤ YN0000: · Done with warnings in 6s 919ms
[2026-02-17 14:41:52] ✅ Yarn install concluído.
[2026-02-17 14:41:52] 🩺 Executando expo‑doctor...
[2026-02-17 14:41:52] ⚡ expo‑doctor ausente – instalando como dev‑dependency
[2026-02-17 14:41:52]    • Executando: yarn
add
-D
expo-doctor
➤ YN0000: · Yarn 4.12.0
➤ YN0000: ┌ Resolution step
➤ YN0000: └ Completed
➤ YN0000: ┌ Post-resolution validation
➤ YN0060: │ react is listed by your project with version 19.1.0 (pf5c6e9), which doesn't satisfy what react-test-renderer and other dependencies request (but they have non-overlapping ranges!).
➤ YN0086: │ Some peer dependencies are incorrectly met by your project; run yarn explain peer-requirements <hash> for details, where <hash> is the six-letter p-prefixed code.
➤ YN0086: │ Some peer dependencies are incorrectly met by dependencies; run yarn explain peer-requirements for details.
➤ YN0000: └ Completed
➤ YN0000: ┌ Fetch step
➤ YN0000: └ Completed in 0s 455ms
➤ YN0000: ┌ Link step
➤ YN0000: └ Completed
➤ YN0000: · Done with warnings in 0s 777ms
[2026-02-17 14:41:53]    • Executando: npx
expo-doctor
env: load .env
env: export EXPO_PUBLIC_API_URL EXPO_PUBLIC_IMMICH_URL EXPO_PUBLIC_IMMICH_API_KEY
Running 17 checks on your project...
17/17 checks passed. No issues detected!
[2026-02-17 14:42:13] ✅ expo‑doctor finalizado sem erros críticos.
[2026-02-17 14:42:13] 📦 Instalando pods iOS…
[2026-02-17 14:42:13]    • Rodando expo prebuild --clean…
[2026-02-17 14:42:13]    • Executando: npx
expo
prebuild
--clean
env: load .env
env: export EXPO_PUBLIC_API_URL EXPO_PUBLIC_IMMICH_URL EXPO_PUBLIC_IMMICH_API_KEY
! Git branch has uncommitted file changes
› It's recommended to commit all changes before proceeding in case you want to revert generated changes.
Git status is dirty but the command will continue because the terminal is not interactive.
- Clearing android, ios
✔ Cleared android, ios code
- Creating native directories (./ios and ./android)
✔ Created native directories
- Updating package.json
✔ Updated package.json | no changes
- Running prebuild
✔ Finished prebuild
- Installing CocoaPods...
✔ Installed CocoaPods
[2026-02-17 14:42:53]    • Executando: pod
install
--repo-update
Using Expo modules
[Expo] Enabling modular headers for pod ExpoModulesCore
[Expo] Enabling modular headers for pod React-RCTAppDelegate
[Expo] Enabling modular headers for pod React-RCTFabric
[Expo] Enabling modular headers for pod ReactAppDependencyProvider
[Expo] Enabling modular headers for pod React-Core
[Expo] Enabling modular headers for pod ReactCodegen
[Expo] Enabling modular headers for pod RCTRequired
[Expo] Enabling modular headers for pod RCTTypeSafety
[Expo] Enabling modular headers for pod ReactCommon
[Expo] Enabling modular headers for pod React-NativeModulesApple
[Expo] Enabling modular headers for pod Yoga
[Expo] Enabling modular headers for pod React-Fabric
[Expo] Enabling modular headers for pod React-graphics
[Expo] Enabling modular headers for pod React-utils
[Expo] Enabling modular headers for pod React-featureflags
[Expo] Enabling modular headers for pod React-debug
[Expo] Enabling modular headers for pod React-ImageManager
[Expo] Enabling modular headers for pod React-rendererdebug
[Expo] Enabling modular headers for pod React-jsi
[Expo] Enabling modular headers for pod React-renderercss
[Expo] Enabling modular headers for pod hermes-engine
[Expo] Enabling modular headers for pod glog
[Expo] Enabling modular headers for pod boost
[Expo] Enabling modular headers for pod DoubleConversion
[Expo] Enabling modular headers for pod fast_float
[Expo] Enabling modular headers for pod fmt
[Expo] Enabling modular headers for pod RCT-Folly
[Expo] Enabling modular headers for pod SocketRocket
[Expo] Enabling modular headers for pod ZXingObjC
[Expo] Enabling modular headers for pod expo-dev-menu-interface
[Expo] Enabling modular headers for pod EXManifests
[Expo] Enabling modular headers for pod EXUpdatesInterface
[Expo] Enabling modular headers for pod expo-dev-menu
[Expo] Enabling modular headers for pod React-jsinspector
[Expo] Enabling modular headers for pod expo-dev-launcher
[Expo] Enabling modular headers for pod EXImageLoader
[Expo] Enabling modular headers for pod SDWebImageWebPCoder
[Expo] Enabling modular headers for pod RNScreens
[Expo] Enabling modular headers for pod EXStructuredHeaders
[Expo] Enabling modular headers for pod EASClient
[Expo] Enabling modular headers for pod ReachabilitySwift
Found 10 modules for target `FormCam`
link_native_modules! {:ios_packages=>[{:configurations=>[], :name=>"@react-native-async-storage/async-storage", :root=>"/Users/clisamax/Documents/GITHUB/FormCam/node_modules/@react-native-async-storage/async-storage", :path=>"../node_modules/@react-native-async-storage/async-storage", :podspec_path=>"/Users/clisamax/Documents/GITHUB/FormCam/node_modules/@react-native-async-storage/async-storage/RNCAsyncStorage.podspec", :script_phases=>[]}, {:configurations=>[], :name=>"@react-native-community/datetimepicker", :root=>"/Users/clisamax/Documents/GITHUB/FormCam/node_modules/@react-native-community/datetimepicker", :path=>"../node_modules/@react-native-community/datetimepicker", :podspec_path=>"/Users/clisamax/Documents/GITHUB/FormCam/node_modules/@react-native-community/datetimepicker/RNDateTimePicker.podspec", :script_phases=>[]}, {:configurations=>[], :name=>"@react-native-community/netinfo", :root=>"/Users/clisamax/Documents/GITHUB/FormCam/node_modules/@react-native-community/netinfo", :path=>"../node_modules/@react-native-community/netinfo", :podspec_path=>"/Users/clisamax/Documents/GITHUB/FormCam/node_modules/@react-native-community/netinfo/react-native-netinfo.podspec", :script_phases=>[]}, {:configurations=>[], :name=>"expo", :root=>"/Users/clisamax/Documents/GITHUB/FormCam/node_modules/expo", :path=>"../node_modules/expo", :podspec_path=>"/Users/clisamax/Documents/GITHUB/FormCam/node_modules/expo/Expo.podspec", :script_phases=>[]}, {:configurations=>[], :name=>"react-native-gesture-handler", :root=>"/Users/clisamax/Documents/GITHUB/FormCam/node_modules/react-native-gesture-handler", :path=>"../node_modules/react-native-gesture-handler", :podspec_path=>"/Users/clisamax/Documents/GITHUB/FormCam/node_modules/react-native-gesture-handler/RNGestureHandler.podspec", :script_phases=>[]}, {:configurations=>[], :name=>"react-native-reanimated", :root=>"/Users/clisamax/Documents/GITHUB/FormCam/node_modules/react-native-reanimated", :path=>"../node_modules/react-native-reanimated", :podspec_path=>"/Users/clisamax/Documents/GITHUB/FormCam/node_modules/react-native-reanimated/RNReanimated.podspec", :script_phases=>[]}, {:configurations=>[], :name=>"react-native-safe-area-context", :root=>"/Users/clisamax/Documents/GITHUB/FormCam/node_modules/react-native-safe-area-context", :path=>"../node_modules/react-native-safe-area-context", :podspec_path=>"/Users/clisamax/Documents/GITHUB/FormCam/node_modules/react-native-safe-area-context/react-native-safe-area-context.podspec", :script_phases=>[]}, {:configurations=>[], :name=>"react-native-screens", :root=>"/Users/clisamax/Documents/GITHUB/FormCam/node_modules/react-native-screens", :path=>"../node_modules/react-native-screens", :podspec_path=>"/Users/clisamax/Documents/GITHUB/FormCam/node_modules/react-native-screens/RNScreens.podspec", :script_phases=>[]}, {:configurations=>[], :name=>"react-native-vector-icons", :root=>"/Users/clisamax/Documents/GITHUB/FormCam/node_modules/react-native-vector-icons", :path=>"../node_modules/react-native-vector-icons", :podspec_path=>"/Users/clisamax/Documents/GITHUB/FormCam/node_modules/react-native-vector-icons/RNVectorIcons.podspec", :script_phases=>[]}, {:configurations=>[], :name=>"react-native-worklets", :root=>"/Users/clisamax/Documents/GITHUB/FormCam/node_modules/react-native-worklets", :path=>"../node_modules/react-native-worklets", :podspec_path=>"/Users/clisamax/Documents/GITHUB/FormCam/node_modules/react-native-worklets/RNWorklets.podspec", :script_phases=>[]}], :ios_project_root_path=>"/Users/clisamax/Documents/GITHUB/FormCam/ios", :react_native_path=>"../node_modules/react-native"}
Auto-linking React Native modules for target `FormCam`: RNCAsyncStorage, RNDateTimePicker, RNGestureHandler, RNReanimated, RNScreens, RNVectorIcons, RNWorklets, react-native-netinfo, and react-native-safe-area-context
Framework build type is static library
[ReactNativeDependencies] Setting up ReactNativeDependencies...
[ReactNativeDependencies] Building from source: false
[ReactNativeDependencies] Using release tarball
[ReactNativeDependencies] Using tarball from URL: https://repo1.maven.org/maven2/com/facebook/react/react-native-artifacts/0.81.5/react-native-artifacts-0.81.5-reactnative-dependencies-debug.tar.gz
[ReactNativeDependencies] Source: {:http=>"https://repo1.maven.org/maven2/com/facebook/react/react-native-artifacts/0.81.5/react-native-artifacts-0.81.5-reactnative-dependencies-debug.tar.gz"}
[ReactNativeCore] Setting up ReactNativeCore...
[ReactNativeCore] Building from source: false
[ReactNativeCore] Using tarball from URL: https://repo1.maven.org/maven2/com/facebook/react/react-native-artifacts/0.81.5/react-native-artifacts-0.81.5-reactnative-core-debug.tar.gz
[ReactNativeCore] Source: {:http=>"https://repo1.maven.org/maven2/com/facebook/react/react-native-artifacts/0.81.5/react-native-artifacts-0.81.5-reactnative-core-debug.tar.gz"}
Configuring the target with the New Architecture
[ReactNativeCore] Using React Native Core and React Native Dependencies prebuilt versions.
[36m[1m[Codegen][0m Analyzing /Users/clisamax/Documents/GITHUB/FormCam/package.json[0m
[36m[1m[Codegen][0m [33mSearching for codegen-enabled libraries in the app.[0m
[36m[1m[Codegen][0m [33mThe "codegenConfig" field is not defined in package.json. Assuming there is nothing to generate at the app level.[0m
[36m[1m[Codegen][0m [33mSearching for codegen-enabled libraries in react-native.config.js[0m
[36m[1m[Codegen][0m Found @react-native-async-storage/async-storage[0m
[36m[1m[Codegen][0m Found @react-native-community/datetimepicker[0m
[36m[1m[Codegen][0m Found react-native-gesture-handler[0m
[36m[1m[Codegen][0m Found react-native-reanimated[0m
[36m[1m[Codegen][0m Found react-native-safe-area-context[0m
[36m[1m[Codegen][0m Found react-native-screens[0m
[36m[1m[Codegen][0m Found react-native-vector-icons[0m
[36m[1m[Codegen][0m Found react-native-worklets[0m
[36m[1m[Codegen][0m Processing rnasyncstorage[0m
[36m[1m[Codegen][0m [33mSearching for podspec in the project dependencies.[0m
[36m[1m[Codegen][0m Supported Apple platforms: ios, macos, tvos, visionos for rnasyncstorage[0m
[36m[1m[Codegen][0m Processing RNDateTimePickerCGen[0m
[36m[1m[Codegen][0m [33mSearching for podspec in the project dependencies.[0m
[36m[1m[Codegen][0m Supported Apple platforms: ios, visionos for RNDateTimePickerCGen[0m
[36m[1m[Codegen][0m Processing rngesturehandler_codegen[0m
[36m[1m[Codegen][0m [33mSearching for podspec in the project dependencies.[0m
[36m[1m[Codegen][0m Supported Apple platforms: ios, macos, tvos, visionos for rngesturehandler_codegen[0m
[36m[1m[Codegen][0m Processing rnreanimated[0m
[36m[1m[Codegen][0m [33mSearching for podspec in the project dependencies.[0m
[36m[1m[Codegen][0m Supported Apple platforms: ios, macos, tvos, visionos for rnreanimated[0m
[36m[1m[Codegen][0m Processing safeareacontext[0m
[36m[1m[Codegen][0m [33mSearching for podspec in the project dependencies.[0m
[36m[1m[Codegen][0m Supported Apple platforms: ios, macos, tvos, visionos for safeareacontext[0m
[36m[1m[Codegen][0m Processing rnscreens[0m
[36m[1m[Codegen][0m [33mSearching for podspec in the project dependencies.[0m
[36m[1m[Codegen][0m Supported Apple platforms: ios, tvos, visionos for rnscreens[0m
[36m[1m[Codegen][0m Processing RNVectorIconsSpec[0m
[36m[1m[Codegen][0m [33mSearching for podspec in the project dependencies.[0m
[36m[1m[Codegen][0m Supported Apple platforms: ios, tvos, visionos for RNVectorIconsSpec[0m
[36m[1m[Codegen][0m Processing rnworklets[0m
[36m[1m[Codegen][0m [33mSearching for podspec in the project dependencies.[0m
[36m[1m[Codegen][0m Supported Apple platforms: ios, macos, tvos, visionos for rnworklets[0m
[36m[1m[Codegen][0m Generating Native Code for rnasyncstorage - ios[0m
[36m[1m[Codegen][0m Generated artifacts: /Users/clisamax/Documents/GITHUB/FormCam/ios/build/generated/ios[0m
[36m[1m[Codegen][0m Generating Native Code for RNDateTimePickerCGen - ios[0m
[36m[1m[Codegen][0m Generated artifacts: /Users/clisamax/Documents/GITHUB/FormCam/ios/build/generated/ios[0m
[36m[1m[Codegen][0m Generating Native Code for rngesturehandler_codegen - ios[0m
[36m[1m[Codegen][0m Generated artifacts: /Users/clisamax/Documents/GITHUB/FormCam/ios/build/generated/ios[0m
[36m[1m[Codegen][0m Generating Native Code for rnreanimated - ios[0m
[36m[1m[Codegen][0m Generated artifacts: /Users/clisamax/Documents/GITHUB/FormCam/ios/build/generated/ios[0m
[36m[1m[Codegen][0m Generating Native Code for safeareacontext - ios[0m
[36m[1m[Codegen][0m Generated artifacts: /Users/clisamax/Documents/GITHUB/FormCam/ios/build/generated/ios[0m
[36m[1m[Codegen][0m Generating Native Code for rnscreens - ios[0m
[36m[1m[Codegen][0m Generated artifacts: /Users/clisamax/Documents/GITHUB/FormCam/ios/build/generated/ios[0m
[36m[1m[Codegen][0m Generating Native Code for RNVectorIconsSpec - ios[0m
[36m[1m[Codegen][0m Generated artifacts: /Users/clisamax/Documents/GITHUB/FormCam/ios/build/generated/ios[0m
[36m[1m[Codegen][0m Generating Native Code for rnworklets - ios[0m
[36m[1m[Codegen][0m Generated artifacts: /Users/clisamax/Documents/GITHUB/FormCam/ios/build/generated/ios[0m
[36m[1m[Codegen][0m Generating RCTThirdPartyComponentsProvider.h[0m
[36m[1m[Codegen][0m Generated artifact: /Users/clisamax/Documents/GITHUB/FormCam/ios/build/generated/ios/RCTThirdPartyComponentsProvider.h[0m
[36m[1m[Codegen][0m Generating RCTThirdPartyComponentsProvider.mm[0m
[36m[1m[Codegen][0m Generated artifact: /Users/clisamax/Documents/GITHUB/FormCam/ios/build/generated/ios/RCTThirdPartyComponentsProvider.mm[0m
[36m[1m[Codegen][0m Generating RCTModulesProvider.h[0m
[36m[1m[Codegen][0m Generated artifact: /Users/clisamax/Documents/GITHUB/FormCam/ios/build/generated/ios/RCTModuleProviders.h[0m
[36m[1m[Codegen][0m Generating RCTModuleProviders.mm[0m
[36m[1m[Codegen][0m Generated artifact: /Users/clisamax/Documents/GITHUB/FormCam/ios/build/generated/ios/RCTModuleProviders.mm[0m
[36m[1m[Codegen][0m Generating RCTAppDependencyProvider[0m
[36m[1m[Codegen][0m Generated artifact: /Users/clisamax/Documents/GITHUB/FormCam/ios/build/generated/ios/RCTAppDependencyProvider.h[0m
[36m[1m[Codegen][0m Generated artifact: /Users/clisamax/Documents/GITHUB/FormCam/ios/build/generated/ios/RCTAppDependencyProvider.mm[0m
[36m[1m[Codegen][0m Generated podspec: /Users/clisamax/Documents/GITHUB/FormCam/ios/build/generated/ios/ReactAppDependencyProvider.podspec[0m
[36m[1m[Codegen][0m Generated podspec: /Users/clisamax/Documents/GITHUB/FormCam/ios/build/generated/ios/ReactCodegen.podspec[0m
[36m[1m[Codegen][0m [33mDone.[0m
[ReactNativeDependencies] Using release tarball
[ReactNativeDependencies] Using tarball from URL: https://repo1.maven.org/maven2/com/facebook/react/react-native-artifacts/0.81.5/react-native-artifacts-0.81.5-reactnative-dependencies-debug.tar.gz
Updating local specs repositories
Analyzing dependencies
Downloading dependencies
Generating Pods project
Setting USE_HERMES build settings
Setting REACT_NATIVE_PATH build settings
Setting SWIFT_ACTIVE_COMPILATION_CONDITIONS build settings
[Ccache]: Removing Ccache from CC, LD, CXX & LDPLUSPLUS build settings
Setting SWIFT_ENABLE_EXPLICIT_MODULES build settings
[SPM] Cleaning old SPM dependencies from Pods project
[SPM] Adding SPM dependencies to Pods project
[Privacy Manifest Aggregation] Appending aggregated reasons to existing PrivacyInfo.xcprivacy file.
[Privacy Manifest Aggregation] Reading .xcprivacy files to aggregate all used Required Reason APIs.
Setting CLANG_CXX_LANGUAGE_STANDARD to c++20 on /Users/clisamax/Documents/GITHUB/FormCam/ios/FormCam.xcodeproj

==================== DEPRECATION NOTICE =====================
Calling `pod install` directly is deprecated in React Native
because we are moving away from Cocoapods toward alternative
solutions to build the project.
* If you are using Expo, please run:
`npx expo run:ios`
* If you are using the Community CLI, please run:
`yarn ios`
=============================================================

Pod install took 10 [s] to run
Integrating client project
Pod installation complete! There are 103 dependencies from the Podfile and 107 total pods installed.
[Expo] Adding '[Expo Autolinking] Run Codegen with autolinking' build phase to ReactCodegen
[2026-02-17 14:43:04] ✅ Pods instalados.
[2026-02-17 14:43:04] 🔎 Testando compilação com xcodebuild (Debug)…
[2026-02-17 14:43:04]    • Executando: xcodebuild
-workspace
FormCam.xcworkspace
-scheme
FormCam
-configuration
Debug
-sdk
iphoneos
-derivedDataPath
build
-jobs
10
clean
build
Command line invocation:
    /Applications/Xcode.app/Contents/Developer/usr/bin/xcodebuild -workspace FormCam.xcworkspace -scheme FormCam -configuration Debug -sdk iphoneos -derivedDataPath build -jobs 10 clean build

Build settings from command line:
    SDKROOT = iphoneos26.2

--- xcodebuild: WARNING: Using the first of multiple matching destinations:
{ platform:iOS, id:dvtdevice-DVTiPhonePlaceholder-iphoneos:placeholder, name:Any iOS Device }
{ platform:macOS, arch:arm64, variant:Designed for [iPad,iPhone], id:00008132-000668692653801C, name:My Mac }
{ platform:iOS Simulator, id:dvtdevice-DVTiOSDeviceSimulatorPlaceholder-iphonesimulator:placeholder, name:Any iOS Simulator Device }
{ platform:iOS Simulator, arch:arm64, id:ADCD9AD4-5D06-4240-999B-A146996C751A, OS:26.1, name:iPad (A16) }
{ platform:iOS Simulator, arch:arm64, id:A50E9BF8-0CF2-456A-A2D0-6CC402AA9090, OS:26.2, name:iPad (A16) }
{ platform:iOS Simulator, arch:arm64, id:79FC3762-BD72-4F61-991C-0B660CDB2C6D, OS:26.1, name:iPad Air 11-inch (M3) }
{ platform:iOS Simulator, arch:arm64, id:DD99553A-F12A-4816-B30F-376380CC06B4, OS:26.2, name:iPad Air 11-inch (M3) }
{ platform:iOS Simulator, arch:arm64, id:1A9472A0-4390-4D7C-B857-EAE5D0EB0975, OS:26.1, name:iPad Air 13-inch (M3) }
{ platform:iOS Simulator, arch:arm64, id:E75B31A4-9C7E-495C-8725-FA8826DAC5FE, OS:26.2, name:iPad Air 13-inch (M3) }
{ platform:iOS Simulator, arch:arm64, id:2B715F92-7508-404B-B966-30C37D215A54, OS:26.1, name:iPad Pro 11-inch (M5) }
{ platform:iOS Simulator, arch:arm64, id:9EDF5669-6657-43E4-A3E0-ECB49B3902E2, OS:26.2, name:iPad Pro 11-inch (M5) }
{ platform:iOS Simulator, arch:arm64, id:F3509EE4-ADE6-4CC8-A6CA-3D6EFE1734A4, OS:26.1, name:iPad Pro 13-inch (M5) }
{ platform:iOS Simulator, arch:arm64, id:6AFA3444-7AD4-4B3B-BF43-6A4FF7A3D797, OS:26.2, name:iPad Pro 13-inch (M5) }
{ platform:iOS Simulator, arch:arm64, id:5BB992CF-4406-4D65-BE7A-B6F9C3AEF252, OS:26.1, name:iPad mini (A17 Pro) }
{ platform:iOS Simulator, arch:arm64, id:C018A2C4-12B9-45F4-AECE-AC30516AA75C, OS:26.2, name:iPad mini (A17 Pro) }
{ platform:iOS Simulator, arch:arm64, id:D5DF3EE8-26EA-4003-ABA8-38929DE02097, OS:26.1, name:iPhone 15 }
{ platform:iOS Simulator, arch:arm64, id:77A84AB8-4B20-4A16-B60C-EF3CE9359223, OS:26.1, name:iPhone 16e }
{ platform:iOS Simulator, arch:arm64, id:B228DBBE-4948-4E0C-B709-C2E0B6D901FA, OS:26.2, name:iPhone 16e }
{ platform:iOS Simulator, arch:arm64, id:CB9FFEC9-8D91-4789-89C3-E666F4FB6504, OS:26.1, name:iPhone 17 }
{ platform:iOS Simulator, arch:arm64, id:F53F47E8-20D3-441A-BBB3-24B9F6700687, OS:26.2, name:iPhone 17 }
{ platform:iOS Simulator, arch:arm64, id:DD55AF79-15E0-4937-BB6C-44C4EE0805DD, OS:26.1, name:iPhone 17 Pro }
{ platform:iOS Simulator, arch:arm64, id:988A3597-2F6A-4545-AC3E-079CA5FA19E2, OS:26.2, name:iPhone 17 Pro }
{ platform:iOS Simulator, arch:arm64, id:06074ECB-3BA1-4294-9466-0A23601957C1, OS:26.1, name:iPhone 17 Pro Max }
{ platform:iOS Simulator, arch:arm64, id:483F4AA7-9A08-44BA-8B29-629392AA85CD, OS:26.2, name:iPhone 17 Pro Max }
{ platform:iOS Simulator, arch:arm64, id:5198FE2E-FE3E-462C-9829-D2BD457C63D0, OS:26.1, name:iPhone Air }
{ platform:iOS Simulator, arch:arm64, id:5F8964AA-01DE-475B-99FA-DFEEA14A9250, OS:26.2, name:iPhone Air }
{ platform:iOS, arch:arm64, id:00008120-000A7C400A05A01E, name:Clisamax }
Build Preparation
Build task concurrency set to 10 via user default IDEBuildOperationMaxNumberOfConcurrentCompileTasks

CreateBuildRequest

SendProjectDescription

CreateBuildOperation

** CLEAN SUCCEEDED **

--- xcodebuild: WARNING: Using the first of multiple matching destinations:
{ platform:iOS, id:dvtdevice-DVTiPhonePlaceholder-iphoneos:placeholder, name:Any iOS Device }
{ platform:macOS, arch:arm64, variant:Designed for [iPad,iPhone], id:00008132-000668692653801C, name:My Mac }
{ platform:iOS Simulator, id:dvtdevice-DVTiOSDeviceSimulatorPlaceholder-iphonesimulator:placeholder, name:Any iOS Simulator Device }
{ platform:iOS Simulator, arch:arm64, id:ADCD9AD4-5D06-4240-999B-A146996C751A, OS:26.1, name:iPad (A16) }
{ platform:iOS Simulator, arch:arm64, id:A50E9BF8-0CF2-456A-A2D0-6CC402AA9090, OS:26.2, name:iPad (A16) }
{ platform:iOS Simulator, arch:arm64, id:79FC3762-BD72-4F61-991C-0B660CDB2C6D, OS:26.1, name:iPad Air 11-inch (M3) }
{ platform:iOS Simulator, arch:arm64, id:DD99553A-F12A-4816-B30F-376380CC06B4, OS:26.2, name:iPad Air 11-inch (M3) }
{ platform:iOS Simulator, arch:arm64, id:1A9472A0-4390-4D7C-B857-EAE5D0EB0975, OS:26.1, name:iPad Air 13-inch (M3) }
{ platform:iOS Simulator, arch:arm64, id:E75B31A4-9C7E-495C-8725-FA8826DAC5FE, OS:26.2, name:iPad Air 13-inch (M3) }
{ platform:iOS Simulator, arch:arm64, id:2B715F92-7508-404B-B966-30C37D215A54, OS:26.1, name:iPad Pro 11-inch (M5) }
{ platform:iOS Simulator, arch:arm64, id:9EDF5669-6657-43E4-A3E0-ECB49B3902E2, OS:26.2, name:iPad Pro 11-inch (M5) }
{ platform:iOS Simulator, arch:arm64, id:F3509EE4-ADE6-4CC8-A6CA-3D6EFE1734A4, OS:26.1, name:iPad Pro 13-inch (M5) }
{ platform:iOS Simulator, arch:arm64, id:6AFA3444-7AD4-4B3B-BF43-6A4FF7A3D797, OS:26.2, name:iPad Pro 13-inch (M5) }
{ platform:iOS Simulator, arch:arm64, id:5BB992CF-4406-4D65-BE7A-B6F9C3AEF252, OS:26.1, name:iPad mini (A17 Pro) }
{ platform:iOS Simulator, arch:arm64, id:C018A2C4-12B9-45F4-AECE-AC30516AA75C, OS:26.2, name:iPad mini (A17 Pro) }
{ platform:iOS Simulator, arch:arm64, id:D5DF3EE8-26EA-4003-ABA8-38929DE02097, OS:26.1, name:iPhone 15 }
{ platform:iOS Simulator, arch:arm64, id:77A84AB8-4B20-4A16-B60C-EF3CE9359223, OS:26.1, name:iPhone 16e }
{ platform:iOS Simulator, arch:arm64, id:B228DBBE-4948-4E0C-B709-C2E0B6D901FA, OS:26.2, name:iPhone 16e }
{ platform:iOS Simulator, arch:arm64, id:CB9FFEC9-8D91-4789-89C3-E666F4FB6504, OS:26.1, name:iPhone 17 }
{ platform:iOS Simulator, arch:arm64, id:F53F47E8-20D3-441A-BBB3-24B9F6700687, OS:26.2, name:iPhone 17 }
{ platform:iOS Simulator, arch:arm64, id:DD55AF79-15E0-4937-BB6C-44C4EE0805DD, OS:26.1, name:iPhone 17 Pro }
{ platform:iOS Simulator, arch:arm64, id:988A3597-2F6A-4545-AC3E-079CA5FA19E2, OS:26.2, name:iPhone 17 Pro }
{ platform:iOS Simulator, arch:arm64, id:06074ECB-3BA1-4294-9466-0A23601957C1, OS:26.1, name:iPhone 17 Pro Max }
{ platform:iOS Simulator, arch:arm64, id:483F4AA7-9A08-44BA-8B29-629392AA85CD, OS:26.2, name:iPhone 17 Pro Max }
{ platform:iOS Simulator, arch:arm64, id:5198FE2E-FE3E-462C-9829-D2BD457C63D0, OS:26.1, name:iPhone Air }
{ platform:iOS Simulator, arch:arm64, id:5F8964AA-01DE-475B-99FA-DFEEA14A9250, OS:26.2, name:iPhone Air }
{ platform:iOS, arch:arm64, id:00008120-000A7C400A05A01E, name:Clisamax }
Build Preparation
Build task concurrency set to 10 via user default IDEBuildOperationMaxNumberOfConcurrentCompileTasks

ComputePackagePrebuildTargetDependencyGraph

Prepare packages

CreateBuildRequest

SendProjectDescription

CreateBuildOperation

ComputeTargetDependencyGraph
note: Building targets in dependency order
note: Target dependency graph (122 targets)
    Target 'FormCam' in project 'FormCam'
        ➜ Implicit dependency on target 'Pods-FormCam' in project 'Pods' via file 'libPods-FormCam.a' in build phase 'Link Binary'
        ➜ Implicit dependency on target 'EASClient' in project 'Pods' via options '-lEASClient' in build setting 'OTHER_LDFLAGS'
        ➜ Implicit dependency on target 'EXConstants' in project 'Pods' via options '-lEXConstants' in build setting 'OTHER_LDFLAGS'
        ➜ Implicit dependency on target 'EXImageLoader' in project 'Pods' via options '-lEXImageLoader' in build setting 'OTHER_LDFLAGS'
        ➜ Implicit dependency on target 'EXJSONUtils' in project 'Pods' via options '-lEXJSONUtils' in build setting 'OTHER_LDFLAGS'
        ➜ Implicit dependency on target 'EXManifests' in project 'Pods' via options '-lEXManifests' in build setting 'OTHER_LDFLAGS'
        ➜ Implicit dependency on target 'EXStructuredHeaders' in project 'Pods' via options '-lEXStructuredHeaders' in build setting 'OTHER_LDFLAGS'
        ➜ Implicit dependency on target 'EXUpdates' in project 'Pods' via options '-lEXUpdates' in build setting 'OTHER_LDFLAGS'
        ➜ Implicit dependency on target 'EXUpdatesInterface' in project 'Pods' via options '-lEXUpdatesInterface' in build setting 'OTHER_LDFLAGS'
        ➜ Implicit dependency on target 'Expo' in project 'Pods' via options '-lExpo' in build setting 'OTHER_LDFLAGS'
        ➜ Implicit dependency on target 'ExpoAsset' in project 'Pods' via options '-lExpoAsset' in build setting 'OTHER_LDFLAGS'
        ➜ Implicit dependency on target 'ExpoCamera' in project 'Pods' via options '-lExpoCamera' in build setting 'OTHER_LDFLAGS'
        ➜ Implicit dependency on target 'ExpoFileSystem' in project 'Pods' via options '-lExpoFileSystem' in build setting 'OTHER_LDFLAGS'
        ➜ Implicit dependency on target 'ExpoFont' in project 'Pods' via options '-lExpoFont' in build setting 'OTHER_LDFLAGS'
        ➜ Implicit dependency on target 'ExpoHead' in project 'Pods' via options '-lExpoHead' in build setting 'OTHER_LDFLAGS'
        ➜ Implicit dependency on target 'ExpoImageManipulator' in project 'Pods' via options '-lExpoImageManipulator' in build setting 'OTHER_LDFLAGS'
        ➜ Implicit dependency on target 'ExpoKeepAwake' in project 'Pods' via options '-lExpoKeepAwake' in build setting 'OTHER_LDFLAGS'
        ➜ Implicit dependency on target 'ExpoLinking' in project 'Pods' via options '-lExpoLinking' in build setting 'OTHER_LDFLAGS'
        ➜ Implicit dependency on target 'ExpoMediaLibrary' in project 'Pods' via options '-lExpoMediaLibrary' in build setting 'OTHER_LDFLAGS'
        ➜ Implicit dependency on target 'ExpoModulesCore' in project 'Pods' via options '-lExpoModulesCore' in build setting 'OTHER_LDFLAGS'
        ➜ Implicit dependency on target 'ExpoSplashScreen' in project 'Pods' via options '-lExpoSplashScreen' in build setting 'OTHER_LDFLAGS'
        ➜ Implicit dependency on target 'ExpoSystemUI' in project 'Pods' via options '-lExpoSystemUI' in build setting 'OTHER_LDFLAGS'
        ➜ Implicit dependency on target 'ExpoWebBrowser' in project 'Pods' via options '-lExpoWebBrowser' in build setting 'OTHER_LDFLAGS'
        ➜ Implicit dependency on target 'RNCAsyncStorage' in project 'Pods' via options '-lRNCAsyncStorage' in build setting 'OTHER_LDFLAGS'
        ➜ Implicit dependency on target 'RNDateTimePicker' in project 'Pods' via options '-lRNDateTimePicker' in build setting 'OTHER_LDFLAGS'
        ➜ Implicit dependency on target 'RNGestureHandler' in project 'Pods' via options '-lRNGestureHandler' in build setting 'OTHER_LDFLAGS'
        ➜ Implicit dependency on target 'RNReanimated' in project 'Pods' via options '-lRNReanimated' in build setting 'OTHER_LDFLAGS'
        ➜ Implicit dependency on target 'RNScreens' in project 'Pods' via options '-lRNScreens' in build setting 'OTHER_LDFLAGS'
        ➜ Implicit dependency on target 'RNVectorIcons' in project 'Pods' via options '-lRNVectorIcons' in build setting 'OTHER_LDFLAGS'
        ➜ Implicit dependency on target 'RNWorklets' in project 'Pods' via options '-lRNWorklets' in build setting 'OTHER_LDFLAGS'
        ➜ Implicit dependency on target 'ReachabilitySwift' in project 'Pods' via options '-lReachabilitySwift' in build setting 'OTHER_LDFLAGS'
        ➜ Implicit dependency on target 'ReactAppDependencyProvider' in project 'Pods' via options '-lReactAppDependencyProvider' in build setting 'OTHER_LDFLAGS'
        ➜ Implicit dependency on target 'ReactCodegen' in project 'Pods' via options '-lReactCodegen' in build setting 'OTHER_LDFLAGS'
        ➜ Implicit dependency on target 'SDWebImage' in project 'Pods' via options '-lSDWebImage' in build setting 'OTHER_LDFLAGS'
        ➜ Implicit dependency on target 'SDWebImageWebPCoder' in project 'Pods' via options '-lSDWebImageWebPCoder' in build setting 'OTHER_LDFLAGS'
        ➜ Implicit dependency on target 'ZXingObjC' in project 'Pods' via options '-lZXingObjC' in build setting 'OTHER_LDFLAGS'
        ➜ Implicit dependency on target 'expo-dev-launcher' in project 'Pods' via options '-lexpo-dev-launcher' in build setting 'OTHER_LDFLAGS'
        ➜ Implicit dependency on target 'expo-dev-menu' in project 'Pods' via options '-lexpo-dev-menu' in build setting 'OTHER_LDFLAGS'
        ➜ Implicit dependency on target 'expo-dev-menu-interface' in project 'Pods' via options '-lexpo-dev-menu-interface' in build setting 'OTHER_LDFLAGS'
        ➜ Implicit dependency on target 'libwebp' in project 'Pods' via options '-llibwebp' in build setting 'OTHER_LDFLAGS'
        ➜ Implicit dependency on target 'react-native-netinfo' in project 'Pods' via options '-lreact-native-netinfo' in build setting 'OTHER_LDFLAGS'
        ➜ Implicit dependency on target 'react-native-safe-area-context' in project 'Pods' via options '-lreact-native-safe-area-context' in build setting 'OTHER_LDFLAGS'
    Target 'Pods-FormCam' in project 'Pods'
        ➜ Explicit dependency on target 'EASClient' in project 'Pods'
        ➜ Explicit dependency on target 'EXConstants' in project 'Pods'
        ➜ Explicit dependency on target 'EXImageLoader' in project 'Pods'
        ➜ Explicit dependency on target 'EXJSONUtils' in project 'Pods'
        ➜ Explicit dependency on target 'EXManifests' in project 'Pods'
        ➜ Explicit dependency on target 'EXStructuredHeaders' in project 'Pods'
        ➜ Explicit dependency on target 'EXUpdates' in project 'Pods'
        ➜ Explicit dependency on target 'EXUpdatesInterface' in project 'Pods'
        ➜ Explicit dependency on target 'Expo' in project 'Pods'
        ➜ Explicit dependency on target 'ExpoAsset' in project 'Pods'
        ➜ Explicit dependency on target 'ExpoCamera' in project 'Pods'
        ➜ Explicit dependency on target 'ExpoFileSystem' in project 'Pods'
        ➜ Explicit dependency on target 'ExpoFont' in project 'Pods'
        ➜ Explicit dependency on target 'ExpoHead' in project 'Pods'
        ➜ Explicit dependency on target 'ExpoImageManipulator' in project 'Pods'
        ➜ Explicit dependency on target 'ExpoKeepAwake' in project 'Pods'
        ➜ Explicit dependency on target 'ExpoLinking' in project 'Pods'
        ➜ Explicit dependency on target 'ExpoMediaLibrary' in project 'Pods'
        ➜ Explicit dependency on target 'ExpoModulesCore' in project 'Pods'
        ➜ Explicit dependency on target 'ExpoSplashScreen' in project 'Pods'
        ➜ Explicit dependency on target 'ExpoSystemUI' in project 'Pods'
        ➜ Explicit dependency on target 'ExpoWebBrowser' in project 'Pods'
        ➜ Explicit dependency on target 'FBLazyVector' in project 'Pods'
        ➜ Explicit dependency on target 'RCTDeprecation' in project 'Pods'
        ➜ Explicit dependency on target 'RCTRequired' in project 'Pods'
        ➜ Explicit dependency on target 'RCTTypeSafety' in project 'Pods'
        ➜ Explicit dependency on target 'RNCAsyncStorage' in project 'Pods'
        ➜ Explicit dependency on target 'RNDateTimePicker' in project 'Pods'
        ➜ Explicit dependency on target 'RNGestureHandler' in project 'Pods'
        ➜ Explicit dependency on target 'RNReanimated' in project 'Pods'
        ➜ Explicit dependency on target 'RNScreens' in project 'Pods'
        ➜ Explicit dependency on target 'RNVectorIcons' in project 'Pods'
        ➜ Explicit dependency on target 'RNWorklets' in project 'Pods'
        ➜ Explicit dependency on target 'ReachabilitySwift' in project 'Pods'
        ➜ Explicit dependency on target 'React' in project 'Pods'
        ➜ Explicit dependency on target 'React-Core' in project 'Pods'
        ➜ Explicit dependency on target 'React-Core-prebuilt' in project 'Pods'
        ➜ Explicit dependency on target 'React-CoreModules' in project 'Pods'
        ➜ Explicit dependency on target 'React-Fabric' in project 'Pods'
        ➜ Explicit dependency on target 'React-FabricComponents' in project 'Pods'
        ➜ Explicit dependency on target 'React-FabricImage' in project 'Pods'
        ➜ Explicit dependency on target 'React-ImageManager' in project 'Pods'
        ➜ Explicit dependency on target 'React-Mapbuffer' in project 'Pods'
        ➜ Explicit dependency on target 'React-NativeModulesApple' in project 'Pods'
        ➜ Explicit dependency on target 'React-RCTActionSheet' in project 'Pods'
        ➜ Explicit dependency on target 'React-RCTAnimation' in project 'Pods'
        ➜ Explicit dependency on target 'React-RCTAppDelegate' in project 'Pods'
        ➜ Explicit dependency on target 'React-RCTBlob' in project 'Pods'
        ➜ Explicit dependency on target 'React-RCTFBReactNativeSpec' in project 'Pods'
        ➜ Explicit dependency on target 'React-RCTFabric' in project 'Pods'
        ➜ Explicit dependency on target 'React-RCTImage' in project 'Pods'
        ➜ Explicit dependency on target 'React-RCTLinking' in project 'Pods'
        ➜ Explicit dependency on target 'React-RCTNetwork' in project 'Pods'
        ➜ Explicit dependency on target 'React-RCTRuntime' in project 'Pods'
        ➜ Explicit dependency on target 'React-RCTSettings' in project 'Pods'
        ➜ Explicit dependency on target 'React-RCTText' in project 'Pods'
        ➜ Explicit dependency on target 'React-RCTVibration' in project 'Pods'
        ➜ Explicit dependency on target 'React-RuntimeApple' in project 'Pods'
        ➜ Explicit dependency on target 'React-RuntimeCore' in project 'Pods'
        ➜ Explicit dependency on target 'React-RuntimeHermes' in project 'Pods'
        ➜ Explicit dependency on target 'React-callinvoker' in project 'Pods'
        ➜ Explicit dependency on target 'React-cxxreact' in project 'Pods'
        ➜ Explicit dependency on target 'React-debug' in project 'Pods'
        ➜ Explicit dependency on target 'React-defaultsnativemodule' in project 'Pods'
        ➜ Explicit dependency on target 'React-domnativemodule' in project 'Pods'
        ➜ Explicit dependency on target 'React-featureflags' in project 'Pods'
        ➜ Explicit dependency on target 'React-featureflagsnativemodule' in project 'Pods'
        ➜ Explicit dependency on target 'React-graphics' in project 'Pods'
        ➜ Explicit dependency on target 'React-hermes' in project 'Pods'
        ➜ Explicit dependency on target 'React-idlecallbacksnativemodule' in project 'Pods'
        ➜ Explicit dependency on target 'React-jserrorhandler' in project 'Pods'
        ➜ Explicit dependency on target 'React-jsi' in project 'Pods'
        ➜ Explicit dependency on target 'React-jsiexecutor' in project 'Pods'
        ➜ Explicit dependency on target 'React-jsinspector' in project 'Pods'
        ➜ Explicit dependency on target 'React-jsinspectorcdp' in project 'Pods'
        ➜ Explicit dependency on target 'React-jsinspectornetwork' in project 'Pods'
        ➜ Explicit dependency on target 'React-jsinspectortracing' in project 'Pods'
        ➜ Explicit dependency on target 'React-jsitooling' in project 'Pods'
        ➜ Explicit dependency on target 'React-jsitracing' in project 'Pods'
        ➜ Explicit dependency on target 'React-logger' in project 'Pods'
        ➜ Explicit dependency on target 'React-microtasksnativemodule' in project 'Pods'
        ➜ Explicit dependency on target 'React-oscompat' in project 'Pods'
        ➜ Explicit dependency on target 'React-perflogger' in project 'Pods'
        ➜ Explicit dependency on target 'React-performancetimeline' in project 'Pods'
        ➜ Explicit dependency on target 'React-rendererconsistency' in project 'Pods'
        ➜ Explicit dependency on target 'React-renderercss' in project 'Pods'
        ➜ Explicit dependency on target 'React-rendererdebug' in project 'Pods'
        ➜ Explicit dependency on target 'React-runtimeexecutor' in project 'Pods'
        ➜ Explicit dependency on target 'React-runtimescheduler' in project 'Pods'
        ➜ Explicit dependency on target 'React-timing' in project 'Pods'
        ➜ Explicit dependency on target 'React-utils' in project 'Pods'
        ➜ Explicit dependency on target 'ReactAppDependencyProvider' in project 'Pods'
        ➜ Explicit dependency on target 'ReactCodegen' in project 'Pods'
        ➜ Explicit dependency on target 'ReactCommon' in project 'Pods'
        ➜ Explicit dependency on target 'ReactNativeDependencies' in project 'Pods'
        ➜ Explicit dependency on target 'SDWebImage' in project 'Pods'
        ➜ Explicit dependency on target 'SDWebImageWebPCoder' in project 'Pods'
        ➜ Explicit dependency on target 'Yoga' in project 'Pods'
        ➜ Explicit dependency on target 'ZXingObjC' in project 'Pods'
        ➜ Explicit dependency on target 'expo-dev-client' in project 'Pods'
        ➜ Explicit dependency on target 'expo-dev-launcher' in project 'Pods'
        ➜ Explicit dependency on target 'expo-dev-menu' in project 'Pods'
        ➜ Explicit dependency on target 'expo-dev-menu-interface' in project 'Pods'
        ➜ Explicit dependency on target 'hermes-engine' in project 'Pods'
        ➜ Explicit dependency on target 'libwebp' in project 'Pods'
        ➜ Explicit dependency on target 'react-native-netinfo' in project 'Pods'
        ➜ Explicit dependency on target 'react-native-safe-area-context' in project 'Pods'
    Target 'react-native-safe-area-context' in project 'Pods'
        ➜ Explicit dependency on target 'RCTRequired' in project 'Pods'
        ➜ Explicit dependency on target 'RCTTypeSafety' in project 'Pods'
        ➜ Explicit dependency on target 'React-Core' in project 'Pods'
        ➜ Explicit dependency on target 'React-Core-prebuilt' in project 'Pods'
        ➜ Explicit dependency on target 'React-Fabric' in project 'Pods'
        ➜ Explicit dependency on target 'React-ImageManager' in project 'Pods'
        ➜ Explicit dependency on target 'React-NativeModulesApple' in project 'Pods'
        ➜ Explicit dependency on target 'React-RCTFabric' in project 'Pods'
        ➜ Explicit dependency on target 'React-debug' in project 'Pods'
        ➜ Explicit dependency on target 'React-featureflags' in project 'Pods'
        ➜ Explicit dependency on target 'React-graphics' in project 'Pods'
        ➜ Explicit dependency on target 'React-jsi' in project 'Pods'
        ➜ Explicit dependency on target 'React-renderercss' in project 'Pods'
        ➜ Explicit dependency on target 'React-rendererdebug' in project 'Pods'
        ➜ Explicit dependency on target 'React-utils' in project 'Pods'
        ➜ Explicit dependency on target 'ReactCodegen' in project 'Pods'
        ➜ Explicit dependency on target 'ReactCommon' in project 'Pods'
        ➜ Explicit dependency on target 'ReactNativeDependencies' in project 'Pods'
        ➜ Explicit dependency on target 'Yoga' in project 'Pods'
        ➜ Explicit dependency on target 'hermes-engine' in project 'Pods'
    Target 'react-native-netinfo' in project 'Pods'
        ➜ Explicit dependency on target 'React-Core' in project 'Pods'
    Target 'expo-dev-client' in project 'Pods'
        ➜ Explicit dependency on target 'EXManifests' in project 'Pods'
        ➜ Explicit dependency on target 'expo-dev-launcher' in project 'Pods'
        ➜ Explicit dependency on target 'expo-dev-menu' in project 'Pods'
        ➜ Explicit dependency on target 'expo-dev-menu-interface' in project 'Pods'
        ➜ Explicit dependency on target 'EXUpdatesInterface' in project 'Pods'
    Target 'expo-dev-launcher' in project 'Pods'
        ➜ Explicit dependency on target 'EXManifests' in project 'Pods'
        ➜ Explicit dependency on target 'EXUpdatesInterface' in project 'Pods'
        ➜ Explicit dependency on target 'ExpoModulesCore' in project 'Pods'
        ➜ Explicit dependency on target 'RCTRequired' in project 'Pods'
        ➜ Explicit dependency on target 'RCTTypeSafety' in project 'Pods'
        ➜ Explicit dependency on target 'React-Core' in project 'Pods'
        ➜ Explicit dependency on target 'React-Core-prebuilt' in project 'Pods'
        ➜ Explicit dependency on target 'React-Fabric' in project 'Pods'
        ➜ Explicit dependency on target 'React-ImageManager' in project 'Pods'
        ➜ Explicit dependency on target 'React-NativeModulesApple' in project 'Pods'
        ➜ Explicit dependency on target 'React-RCTAppDelegate' in project 'Pods'
        ➜ Explicit dependency on target 'React-RCTFabric' in project 'Pods'
        ➜ Explicit dependency on target 'React-debug' in project 'Pods'
        ➜ Explicit dependency on target 'React-featureflags' in project 'Pods'
        ➜ Explicit dependency on target 'React-graphics' in project 'Pods'
        ➜ Explicit dependency on target 'React-jsi' in project 'Pods'
        ➜ Explicit dependency on target 'React-jsinspector' in project 'Pods'
        ➜ Explicit dependency on target 'React-renderercss' in project 'Pods'
        ➜ Explicit dependency on target 'React-rendererdebug' in project 'Pods'
        ➜ Explicit dependency on target 'React-utils' in project 'Pods'
        ➜ Explicit dependency on target 'ReactAppDependencyProvider' in project 'Pods'
        ➜ Explicit dependency on target 'ReactCodegen' in project 'Pods'
        ➜ Explicit dependency on target 'ReactCommon' in project 'Pods'
        ➜ Explicit dependency on target 'ReactNativeDependencies' in project 'Pods'
        ➜ Explicit dependency on target 'Yoga' in project 'Pods'
        ➜ Explicit dependency on target 'expo-dev-launcher-EXDevLauncher' in project 'Pods'
        ➜ Explicit dependency on target 'expo-dev-menu' in project 'Pods'
        ➜ Explicit dependency on target 'expo-dev-menu-interface' in project 'Pods'
        ➜ Explicit dependency on target 'hermes-engine' in project 'Pods'
    Target 'expo-dev-menu' in project 'Pods'
        ➜ Explicit dependency on target 'EXManifests' in project 'Pods'
        ➜ Explicit dependency on target 'ExpoModulesCore' in project 'Pods'
        ➜ Explicit dependency on target 'RCTRequired' in project 'Pods'
        ➜ Explicit dependency on target 'RCTTypeSafety' in project 'Pods'
        ➜ Explicit dependency on target 'React-Core' in project 'Pods'
        ➜ Explicit dependency on target 'React-Core-prebuilt' in project 'Pods'
        ➜ Explicit dependency on target 'React-Fabric' in project 'Pods'
        ➜ Explicit dependency on target 'React-ImageManager' in project 'Pods'
        ➜ Explicit dependency on target 'React-NativeModulesApple' in project 'Pods'
        ➜ Explicit dependency on target 'React-RCTFabric' in project 'Pods'
        ➜ Explicit dependency on target 'React-debug' in project 'Pods'
        ➜ Explicit dependency on target 'React-featureflags' in project 'Pods'
        ➜ Explicit dependency on target 'React-graphics' in project 'Pods'
        ➜ Explicit dependency on target 'React-jsi' in project 'Pods'
        ➜ Explicit dependency on target 'React-jsinspector' in project 'Pods'
        ➜ Explicit dependency on target 'React-renderercss' in project 'Pods'
        ➜ Explicit dependency on target 'React-rendererdebug' in project 'Pods'
        ➜ Explicit dependency on target 'React-utils' in project 'Pods'
        ➜ Explicit dependency on target 'ReactCodegen' in project 'Pods'
        ➜ Explicit dependency on target 'ReactCommon' in project 'Pods'
        ➜ Explicit dependency on target 'ReactNativeDependencies' in project 'Pods'
        ➜ Explicit dependency on target 'Yoga' in project 'Pods'
        ➜ Explicit dependency on target 'expo-dev-menu-EXDevMenu' in project 'Pods'
        ➜ Explicit dependency on target 'expo-dev-menu-interface' in project 'Pods'
        ➜ Explicit dependency on target 'hermes-engine' in project 'Pods'
    Target 'expo-dev-menu-interface' in project 'Pods' (no dependencies)
    Target 'expo-dev-menu-EXDevMenu' in project 'Pods' (no dependencies)
    Target 'expo-dev-launcher-EXDevLauncher' in project 'Pods' (no dependencies)
    Target 'React' in project 'Pods'
        ➜ Explicit dependency on target 'React-Core' in project 'Pods'
        ➜ Explicit dependency on target 'React-RCTActionSheet' in project 'Pods'
        ➜ Explicit dependency on target 'React-RCTAnimation' in project 'Pods'
        ➜ Explicit dependency on target 'React-RCTBlob' in project 'Pods'
        ➜ Explicit dependency on target 'React-RCTImage' in project 'Pods'
        ➜ Explicit dependency on target 'React-RCTLinking' in project 'Pods'
        ➜ Explicit dependency on target 'React-RCTNetwork' in project 'Pods'
        ➜ Explicit dependency on target 'React-RCTSettings' in project 'Pods'
        ➜ Explicit dependency on target 'React-RCTText' in project 'Pods'
        ➜ Explicit dependency on target 'React-RCTVibration' in project 'Pods'
    Target 'React-RCTVibration' in project 'Pods'
        ➜ Explicit dependency on target 'React-Core' in project 'Pods'
        ➜ Explicit dependency on target 'React-Core-prebuilt' in project 'Pods'
        ➜ Explicit dependency on target 'React-jsi' in project 'Pods'
        ➜ Explicit dependency on target 'React-NativeModulesApple' in project 'Pods'
        ➜ Explicit dependency on target 'React-RCTFBReactNativeSpec' in project 'Pods'
        ➜ Explicit dependency on target 'ReactCommon' in project 'Pods'
        ➜ Explicit dependency on target 'ReactNativeDependencies' in project 'Pods'
    Target 'React-RCTSettings' in project 'Pods'
        ➜ Explicit dependency on target 'RCTTypeSafety' in project 'Pods'
        ➜ Explicit dependency on target 'React-Core' in project 'Pods'
        ➜ Explicit dependency on target 'React-Core-prebuilt' in project 'Pods'
        ➜ Explicit dependency on target 'React-jsi' in project 'Pods'
        ➜ Explicit dependency on target 'React-NativeModulesApple' in project 'Pods'
        ➜ Explicit dependency on target 'React-RCTFBReactNativeSpec' in project 'Pods'
        ➜ Explicit dependency on target 'ReactCommon' in project 'Pods'
        ➜ Explicit dependency on target 'ReactNativeDependencies' in project 'Pods'
    Target 'React-RCTLinking' in project 'Pods'
        ➜ Explicit dependency on target 'React-Core' in project 'Pods'
        ➜ Explicit dependency on target 'React-jsi' in project 'Pods'
        ➜ Explicit dependency on target 'React-NativeModulesApple' in project 'Pods'
        ➜ Explicit dependency on target 'React-RCTFBReactNativeSpec' in project 'Pods'
        ➜ Explicit dependency on target 'ReactCommon' in project 'Pods'
    Target 'React-RCTActionSheet' in project 'Pods'
        ➜ Explicit dependency on target 'React-Core' in project 'Pods'
    Target 'RNVectorIcons' in project 'Pods'
        ➜ Explicit dependency on target 'RCTRequired' in project 'Pods'
        ➜ Explicit dependency on target 'RCTTypeSafety' in project 'Pods'
        ➜ Explicit dependency on target 'React-Core' in project 'Pods'
        ➜ Explicit dependency on target 'React-Core-prebuilt' in project 'Pods'
        ➜ Explicit dependency on target 'React-Fabric' in project 'Pods'
        ➜ Explicit dependency on target 'React-ImageManager' in project 'Pods'
        ➜ Explicit dependency on target 'React-NativeModulesApple' in project 'Pods'
        ➜ Explicit dependency on target 'React-RCTFabric' in project 'Pods'
        ➜ Explicit dependency on target 'React-debug' in project 'Pods'
        ➜ Explicit dependency on target 'React-featureflags' in project 'Pods'
        ➜ Explicit dependency on target 'React-graphics' in project 'Pods'
        ➜ Explicit dependency on target 'React-jsi' in project 'Pods'
        ➜ Explicit dependency on target 'React-renderercss' in project 'Pods'
        ➜ Explicit dependency on target 'React-rendererdebug' in project 'Pods'
        ➜ Explicit dependency on target 'React-utils' in project 'Pods'
        ➜ Explicit dependency on target 'ReactCodegen' in project 'Pods'
        ➜ Explicit dependency on target 'ReactCommon' in project 'Pods'
        ➜ Explicit dependency on target 'ReactNativeDependencies' in project 'Pods'
        ➜ Explicit dependency on target 'Yoga' in project 'Pods'
        ➜ Explicit dependency on target 'hermes-engine' in project 'Pods'
    Target 'RNReanimated' in project 'Pods'
        ➜ Explicit dependency on target 'RCTRequired' in project 'Pods'
        ➜ Explicit dependency on target 'RCTTypeSafety' in project 'Pods'
        ➜ Explicit dependency on target 'RNWorklets' in project 'Pods'
        ➜ Explicit dependency on target 'React-Core' in project 'Pods'
        ➜ Explicit dependency on target 'React-Core-prebuilt' in project 'Pods'
        ➜ Explicit dependency on target 'React-Fabric' in project 'Pods'
        ➜ Explicit dependency on target 'React-ImageManager' in project 'Pods'
        ➜ Explicit dependency on target 'React-NativeModulesApple' in project 'Pods'
        ➜ Explicit dependency on target 'React-RCTFabric' in project 'Pods'
        ➜ Explicit dependency on target 'React-debug' in project 'Pods'
        ➜ Explicit dependency on target 'React-featureflags' in project 'Pods'
        ➜ Explicit dependency on target 'React-graphics' in project 'Pods'
        ➜ Explicit dependency on target 'React-hermes' in project 'Pods'
        ➜ Explicit dependency on target 'React-jsi' in project 'Pods'
        ➜ Explicit dependency on target 'React-renderercss' in project 'Pods'
        ➜ Explicit dependency on target 'React-rendererdebug' in project 'Pods'
        ➜ Explicit dependency on target 'React-utils' in project 'Pods'
        ➜ Explicit dependency on target 'ReactCodegen' in project 'Pods'
        ➜ Explicit dependency on target 'ReactCommon' in project 'Pods'
        ➜ Explicit dependency on target 'ReactNativeDependencies' in project 'Pods'
        ➜ Explicit dependency on target 'Yoga' in project 'Pods'
        ➜ Explicit dependency on target 'hermes-engine' in project 'Pods'
    Target 'RNWorklets' in project 'Pods'
        ➜ Explicit dependency on target 'RCTRequired' in project 'Pods'
        ➜ Explicit dependency on target 'RCTTypeSafety' in project 'Pods'
        ➜ Explicit dependency on target 'React-Core' in project 'Pods'
        ➜ Explicit dependency on target 'React-Core-prebuilt' in project 'Pods'
        ➜ Explicit dependency on target 'React-Fabric' in project 'Pods'
        ➜ Explicit dependency on target 'React-ImageManager' in project 'Pods'
        ➜ Explicit dependency on target 'React-NativeModulesApple' in project 'Pods'
        ➜ Explicit dependency on target 'React-RCTFabric' in project 'Pods'
        ➜ Explicit dependency on target 'React-debug' in project 'Pods'
        ➜ Explicit dependency on target 'React-featureflags' in project 'Pods'
        ➜ Explicit dependency on target 'React-graphics' in project 'Pods'
        ➜ Explicit dependency on target 'React-hermes' in project 'Pods'
        ➜ Explicit dependency on target 'React-jsi' in project 'Pods'
        ➜ Explicit dependency on target 'React-renderercss' in project 'Pods'
        ➜ Explicit dependency on target 'React-rendererdebug' in project 'Pods'
        ➜ Explicit dependency on target 'React-utils' in project 'Pods'
        ➜ Explicit dependency on target 'ReactCodegen' in project 'Pods'
        ➜ Explicit dependency on target 'ReactCommon' in project 'Pods'
        ➜ Explicit dependency on target 'ReactNativeDependencies' in project 'Pods'
        ➜ Explicit dependency on target 'Yoga' in project 'Pods'
        ➜ Explicit dependency on target 'hermes-engine' in project 'Pods'
    Target 'RNGestureHandler' in project 'Pods'
        ➜ Explicit dependency on target 'RCTRequired' in project 'Pods'
        ➜ Explicit dependency on target 'RCTTypeSafety' in project 'Pods'
        ➜ Explicit dependency on target 'React-Core' in project 'Pods'
        ➜ Explicit dependency on target 'React-Core-prebuilt' in project 'Pods'
        ➜ Explicit dependency on target 'React-Fabric' in project 'Pods'
        ➜ Explicit dependency on target 'React-ImageManager' in project 'Pods'
        ➜ Explicit dependency on target 'React-NativeModulesApple' in project 'Pods'
        ➜ Explicit dependency on target 'React-RCTFabric' in project 'Pods'
        ➜ Explicit dependency on target 'React-debug' in project 'Pods'
        ➜ Explicit dependency on target 'React-featureflags' in project 'Pods'
        ➜ Explicit dependency on target 'React-graphics' in project 'Pods'
        ➜ Explicit dependency on target 'React-jsi' in project 'Pods'
        ➜ Explicit dependency on target 'React-renderercss' in project 'Pods'
        ➜ Explicit dependency on target 'React-rendererdebug' in project 'Pods'
        ➜ Explicit dependency on target 'React-utils' in project 'Pods'
        ➜ Explicit dependency on target 'ReactCodegen' in project 'Pods'
        ➜ Explicit dependency on target 'ReactCommon' in project 'Pods'
        ➜ Explicit dependency on target 'ReactNativeDependencies' in project 'Pods'
        ➜ Explicit dependency on target 'Yoga' in project 'Pods'
        ➜ Explicit dependency on target 'hermes-engine' in project 'Pods'
    Target 'RNDateTimePicker' in project 'Pods'
        ➜ Explicit dependency on target 'RCTRequired' in project 'Pods'
        ➜ Explicit dependency on target 'RCTTypeSafety' in project 'Pods'
        ➜ Explicit dependency on target 'React-Core' in project 'Pods'
        ➜ Explicit dependency on target 'React-Core-prebuilt' in project 'Pods'
        ➜ Explicit dependency on target 'React-Fabric' in project 'Pods'
        ➜ Explicit dependency on target 'React-ImageManager' in project 'Pods'
        ➜ Explicit dependency on target 'React-NativeModulesApple' in project 'Pods'
        ➜ Explicit dependency on target 'React-RCTFabric' in project 'Pods'
        ➜ Explicit dependency on target 'React-debug' in project 'Pods'
        ➜ Explicit dependency on target 'React-featureflags' in project 'Pods'
        ➜ Explicit dependency on target 'React-graphics' in project 'Pods'
        ➜ Explicit dependency on target 'React-jsi' in project 'Pods'
        ➜ Explicit dependency on target 'React-renderercss' in project 'Pods'
        ➜ Explicit dependency on target 'React-rendererdebug' in project 'Pods'
        ➜ Explicit dependency on target 'React-utils' in project 'Pods'
        ➜ Explicit dependency on target 'ReactCodegen' in project 'Pods'
        ➜ Explicit dependency on target 'ReactCommon' in project 'Pods'
        ➜ Explicit dependency on target 'ReactNativeDependencies' in project 'Pods'
        ➜ Explicit dependency on target 'Yoga' in project 'Pods'
        ➜ Explicit dependency on target 'hermes-engine' in project 'Pods'
    Target 'RNCAsyncStorage' in project 'Pods'
        ➜ Explicit dependency on target 'RCTRequired' in project 'Pods'
        ➜ Explicit dependency on target 'RCTTypeSafety' in project 'Pods'
        ➜ Explicit dependency on target 'RNCAsyncStorage-RNCAsyncStorage_resources' in project 'Pods'
        ➜ Explicit dependency on target 'React-Core' in project 'Pods'
        ➜ Explicit dependency on target 'React-Core-prebuilt' in project 'Pods'
        ➜ Explicit dependency on target 'React-Fabric' in project 'Pods'
        ➜ Explicit dependency on target 'React-ImageManager' in project 'Pods'
        ➜ Explicit dependency on target 'React-NativeModulesApple' in project 'Pods'
        ➜ Explicit dependency on target 'React-RCTFabric' in project 'Pods'
        ➜ Explicit dependency on target 'React-debug' in project 'Pods'
        ➜ Explicit dependency on target 'React-featureflags' in project 'Pods'
        ➜ Explicit dependency on target 'React-graphics' in project 'Pods'
        ➜ Explicit dependency on target 'React-jsi' in project 'Pods'
        ➜ Explicit dependency on target 'React-renderercss' in project 'Pods'
        ➜ Explicit dependency on target 'React-rendererdebug' in project 'Pods'
        ➜ Explicit dependency on target 'React-utils' in project 'Pods'
        ➜ Explicit dependency on target 'ReactCodegen' in project 'Pods'
        ➜ Explicit dependency on target 'ReactCommon' in project 'Pods'
        ➜ Explicit dependency on target 'ReactNativeDependencies' in project 'Pods'
        ➜ Explicit dependency on target 'Yoga' in project 'Pods'
        ➜ Explicit dependency on target 'hermes-engine' in project 'Pods'
    Target 'RNCAsyncStorage-RNCAsyncStorage_resources' in project 'Pods' (no dependencies)
    Target 'ExpoWebBrowser' in project 'Pods'
        ➜ Explicit dependency on target 'ExpoModulesCore' in project 'Pods'
    Target 'ExpoSystemUI' in project 'Pods'
        ➜ Explicit dependency on target 'ExpoModulesCore' in project 'Pods'
        ➜ Explicit dependency on target 'ExpoSystemUI-ExpoSystemUI_privacy' in project 'Pods'
    Target 'ExpoSystemUI-ExpoSystemUI_privacy' in project 'Pods' (no dependencies)
    Target 'ExpoSplashScreen' in project 'Pods'
        ➜ Explicit dependency on target 'ExpoModulesCore' in project 'Pods'
    Target 'ExpoMediaLibrary' in project 'Pods'
        ➜ Explicit dependency on target 'ExpoMediaLibrary-ExpoMediaLibrary_privacy' in project 'Pods'
        ➜ Explicit dependency on target 'ExpoModulesCore' in project 'Pods'
        ➜ Explicit dependency on target 'React-Core' in project 'Pods'
    Target 'ExpoMediaLibrary-ExpoMediaLibrary_privacy' in project 'Pods' (no dependencies)
    Target 'ExpoLinking' in project 'Pods'
        ➜ Explicit dependency on target 'ExpoModulesCore' in project 'Pods'
    Target 'ExpoKeepAwake' in project 'Pods'
        ➜ Explicit dependency on target 'ExpoModulesCore' in project 'Pods'
    Target 'ExpoImageManipulator' in project 'Pods'
        ➜ Explicit dependency on target 'EXImageLoader' in project 'Pods'
        ➜ Explicit dependency on target 'ExpoModulesCore' in project 'Pods'
        ➜ Explicit dependency on target 'SDWebImageWebPCoder' in project 'Pods'
    Target 'SDWebImageWebPCoder' in project 'Pods'
        ➜ Explicit dependency on target 'SDWebImage' in project 'Pods'
        ➜ Explicit dependency on target 'libwebp' in project 'Pods'
    Target 'libwebp' in project 'Pods' (no dependencies)
    Target 'SDWebImage' in project 'Pods'
        ➜ Explicit dependency on target 'SDWebImage-SDWebImage' in project 'Pods'
    Target 'SDWebImage-SDWebImage' in project 'Pods' (no dependencies)
    Target 'ExpoHead' in project 'Pods'
        ➜ Explicit dependency on target 'ExpoModulesCore' in project 'Pods'
        ➜ Explicit dependency on target 'RNScreens' in project 'Pods'
    Target 'RNScreens' in project 'Pods'
        ➜ Explicit dependency on target 'RCTRequired' in project 'Pods'
        ➜ Explicit dependency on target 'RCTTypeSafety' in project 'Pods'
        ➜ Explicit dependency on target 'React-Core' in project 'Pods'
        ➜ Explicit dependency on target 'React-Core-prebuilt' in project 'Pods'
        ➜ Explicit dependency on target 'React-Fabric' in project 'Pods'
        ➜ Explicit dependency on target 'React-ImageManager' in project 'Pods'
        ➜ Explicit dependency on target 'React-NativeModulesApple' in project 'Pods'
        ➜ Explicit dependency on target 'React-RCTFabric' in project 'Pods'
        ➜ Explicit dependency on target 'React-RCTImage' in project 'Pods'
        ➜ Explicit dependency on target 'React-debug' in project 'Pods'
        ➜ Explicit dependency on target 'React-featureflags' in project 'Pods'
        ➜ Explicit dependency on target 'React-graphics' in project 'Pods'
        ➜ Explicit dependency on target 'React-jsi' in project 'Pods'
        ➜ Explicit dependency on target 'React-renderercss' in project 'Pods'
        ➜ Explicit dependency on target 'React-rendererdebug' in project 'Pods'
        ➜ Explicit dependency on target 'React-utils' in project 'Pods'
        ➜ Explicit dependency on target 'ReactCodegen' in project 'Pods'
        ➜ Explicit dependency on target 'ReactCommon' in project 'Pods'
        ➜ Explicit dependency on target 'ReactNativeDependencies' in project 'Pods'
        ➜ Explicit dependency on target 'Yoga' in project 'Pods'
        ➜ Explicit dependency on target 'hermes-engine' in project 'Pods'
    Target 'ExpoFont' in project 'Pods'
        ➜ Explicit dependency on target 'ExpoModulesCore' in project 'Pods'
    Target 'ExpoFileSystem' in project 'Pods'
        ➜ Explicit dependency on target 'ExpoFileSystem-ExpoFileSystem_privacy' in project 'Pods'
        ➜ Explicit dependency on target 'ExpoModulesCore' in project 'Pods'
    Target 'ExpoFileSystem-ExpoFileSystem_privacy' in project 'Pods' (no dependencies)
    Target 'ExpoCamera' in project 'Pods'
        ➜ Explicit dependency on target 'ExpoModulesCore' in project 'Pods'
        ➜ Explicit dependency on target 'ZXingObjC' in project 'Pods'
    Target 'ZXingObjC' in project 'Pods' (no dependencies)
    Target 'ExpoAsset' in project 'Pods'
        ➜ Explicit dependency on target 'ExpoModulesCore' in project 'Pods'
    Target 'Expo' in project 'Pods'
        ➜ Explicit dependency on target 'ExpoModulesCore' in project 'Pods'
        ➜ Explicit dependency on target 'RCTRequired' in project 'Pods'
        ➜ Explicit dependency on target 'RCTTypeSafety' in project 'Pods'
        ➜ Explicit dependency on target 'React-Core' in project 'Pods'
        ➜ Explicit dependency on target 'React-Core-prebuilt' in project 'Pods'
        ➜ Explicit dependency on target 'React-Fabric' in project 'Pods'
        ➜ Explicit dependency on target 'React-ImageManager' in project 'Pods'
        ➜ Explicit dependency on target 'React-NativeModulesApple' in project 'Pods'
        ➜ Explicit dependency on target 'React-RCTAppDelegate' in project 'Pods'
        ➜ Explicit dependency on target 'React-RCTFabric' in project 'Pods'
        ➜ Explicit dependency on target 'React-debug' in project 'Pods'
        ➜ Explicit dependency on target 'React-featureflags' in project 'Pods'
        ➜ Explicit dependency on target 'React-graphics' in project 'Pods'
        ➜ Explicit dependency on target 'React-jsi' in project 'Pods'
        ➜ Explicit dependency on target 'React-renderercss' in project 'Pods'
        ➜ Explicit dependency on target 'React-rendererdebug' in project 'Pods'
        ➜ Explicit dependency on target 'React-utils' in project 'Pods'
        ➜ Explicit dependency on target 'ReactAppDependencyProvider' in project 'Pods'
        ➜ Explicit dependency on target 'ReactCodegen' in project 'Pods'
        ➜ Explicit dependency on target 'ReactCommon' in project 'Pods'
        ➜ Explicit dependency on target 'ReactNativeDependencies' in project 'Pods'
        ➜ Explicit dependency on target 'Yoga' in project 'Pods'
        ➜ Explicit dependency on target 'hermes-engine' in project 'Pods'
    Target 'ReactAppDependencyProvider' in project 'Pods'
        ➜ Explicit dependency on target 'ReactCodegen' in project 'Pods'
    Target 'EXUpdates' in project 'Pods'
        ➜ Explicit dependency on target 'EASClient' in project 'Pods'
        ➜ Explicit dependency on target 'EXManifests' in project 'Pods'
        ➜ Explicit dependency on target 'EXStructuredHeaders' in project 'Pods'
        ➜ Explicit dependency on target 'EXUpdates-EXUpdates' in project 'Pods'
        ➜ Explicit dependency on target 'EXUpdatesInterface' in project 'Pods'
        ➜ Explicit dependency on target 'ExpoModulesCore' in project 'Pods'
        ➜ Explicit dependency on target 'RCTRequired' in project 'Pods'
        ➜ Explicit dependency on target 'RCTTypeSafety' in project 'Pods'
        ➜ Explicit dependency on target 'ReachabilitySwift' in project 'Pods'
        ➜ Explicit dependency on target 'React-Core' in project 'Pods'
        ➜ Explicit dependency on target 'React-Core-prebuilt' in project 'Pods'
        ➜ Explicit dependency on target 'React-Fabric' in project 'Pods'
        ➜ Explicit dependency on target 'React-ImageManager' in project 'Pods'
        ➜ Explicit dependency on target 'React-NativeModulesApple' in project 'Pods'
        ➜ Explicit dependency on target 'React-RCTFabric' in project 'Pods'
        ➜ Explicit dependency on target 'React-debug' in project 'Pods'
        ➜ Explicit dependency on target 'React-featureflags' in project 'Pods'
        ➜ Explicit dependency on target 'React-graphics' in project 'Pods'
        ➜ Explicit dependency on target 'React-jsi' in project 'Pods'
        ➜ Explicit dependency on target 'React-renderercss' in project 'Pods'
        ➜ Explicit dependency on target 'React-rendererdebug' in project 'Pods'
        ➜ Explicit dependency on target 'React-utils' in project 'Pods'
        ➜ Explicit dependency on target 'ReactCodegen' in project 'Pods'
        ➜ Explicit dependency on target 'ReactCommon' in project 'Pods'
        ➜ Explicit dependency on target 'ReactNativeDependencies' in project 'Pods'
        ➜ Explicit dependency on target 'Yoga' in project 'Pods'
        ➜ Explicit dependency on target 'hermes-engine' in project 'Pods'
    Target 'ReachabilitySwift' in project 'Pods'
        ➜ Explicit dependency on target 'ReachabilitySwift-ReachabilitySwift' in project 'Pods'
    Target 'ReachabilitySwift-ReachabilitySwift' in project 'Pods' (no dependencies)
    Target 'EXUpdatesInterface' in project 'Pods'
        ➜ Explicit dependency on target 'ExpoModulesCore' in project 'Pods'
    Target 'EXUpdates-EXUpdates' in project 'Pods' (no dependencies)
    Target 'EXStructuredHeaders' in project 'Pods' (no dependencies)
    Target 'EXManifests' in project 'Pods'
        ➜ Explicit dependency on target 'ExpoModulesCore' in project 'Pods'
    Target 'EXJSONUtils' in project 'Pods' (no dependencies)
    Target 'EXImageLoader' in project 'Pods'
        ➜ Explicit dependency on target 'ExpoModulesCore' in project 'Pods'
        ➜ Explicit dependency on target 'React-Core' in project 'Pods'
    Target 'EXConstants' in project 'Pods'
        ➜ Explicit dependency on target 'EXConstants-EXConstants' in project 'Pods'
        ➜ Explicit dependency on target 'EXConstants-ExpoConstants_privacy' in project 'Pods'
        ➜ Explicit dependency on target 'ExpoModulesCore' in project 'Pods'
    Target 'EXConstants-ExpoConstants_privacy' in project 'Pods' (no dependencies)
    Target 'EXConstants-EXConstants' in project 'Pods' (no dependencies)
    Target 'EASClient' in project 'Pods'
        ➜ Explicit dependency on target 'ExpoModulesCore' in project 'Pods'
    Target 'ExpoModulesCore' in project 'Pods'
        ➜ Explicit dependency on target 'RCTRequired' in project 'Pods'
        ➜ Explicit dependency on target 'RCTTypeSafety' in project 'Pods'
        ➜ Explicit dependency on target 'React-Core' in project 'Pods'
        ➜ Explicit dependency on target 'React-Core-prebuilt' in project 'Pods'
        ➜ Explicit dependency on target 'React-Fabric' in project 'Pods'
        ➜ Explicit dependency on target 'React-ImageManager' in project 'Pods'
        ➜ Explicit dependency on target 'React-NativeModulesApple' in project 'Pods'
        ➜ Explicit dependency on target 'React-RCTFabric' in project 'Pods'
        ➜ Explicit dependency on target 'React-debug' in project 'Pods'
        ➜ Explicit dependency on target 'React-featureflags' in project 'Pods'
        ➜ Explicit dependency on target 'React-graphics' in project 'Pods'
        ➜ Explicit dependency on target 'React-jsi' in project 'Pods'
        ➜ Explicit dependency on target 'React-jsinspector' in project 'Pods'
        ➜ Explicit dependency on target 'React-renderercss' in project 'Pods'
        ➜ Explicit dependency on target 'React-rendererdebug' in project 'Pods'
        ➜ Explicit dependency on target 'React-utils' in project 'Pods'
        ➜ Explicit dependency on target 'ReactCodegen' in project 'Pods'
        ➜ Explicit dependency on target 'ReactCommon' in project 'Pods'
        ➜ Explicit dependency on target 'ReactNativeDependencies' in project 'Pods'
        ➜ Explicit dependency on target 'Yoga' in project 'Pods'
        ➜ Explicit dependency on target 'hermes-engine' in project 'Pods'
    Target 'ReactCodegen' in project 'Pods'
        ➜ Explicit dependency on target 'RCTRequired' in project 'Pods'
        ➜ Explicit dependency on target 'RCTTypeSafety' in project 'Pods'
        ➜ Explicit dependency on target 'React-Core' in project 'Pods'
        ➜ Explicit dependency on target 'React-Core-prebuilt' in project 'Pods'
        ➜ Explicit dependency on target 'React-Fabric' in project 'Pods'
        ➜ Explicit dependency on target 'React-FabricImage' in project 'Pods'
        ➜ Explicit dependency on target 'React-NativeModulesApple' in project 'Pods'
        ➜ Explicit dependency on target 'React-RCTAppDelegate' in project 'Pods'
        ➜ Explicit dependency on target 'React-debug' in project 'Pods'
        ➜ Explicit dependency on target 'React-featureflags' in project 'Pods'
        ➜ Explicit dependency on target 'React-graphics' in project 'Pods'
        ➜ Explicit dependency on target 'React-jsi' in project 'Pods'
        ➜ Explicit dependency on target 'React-jsiexecutor' in project 'Pods'
        ➜ Explicit dependency on target 'React-rendererdebug' in project 'Pods'
        ➜ Explicit dependency on target 'React-utils' in project 'Pods'
        ➜ Explicit dependency on target 'ReactCommon' in project 'Pods'
        ➜ Explicit dependency on target 'ReactNativeDependencies' in project 'Pods'
        ➜ Explicit dependency on target 'hermes-engine' in project 'Pods'
    Target 'React-RCTAppDelegate' in project 'Pods'
        ➜ Explicit dependency on target 'hermes-engine' in project 'Pods'
        ➜ Explicit dependency on target 'RCTRequired' in project 'Pods'
        ➜ Explicit dependency on target 'RCTTypeSafety' in project 'Pods'
        ➜ Explicit dependency on target 'React-Core' in project 'Pods'
        ➜ Explicit dependency on target 'React-Core-prebuilt' in project 'Pods'
        ➜ Explicit dependency on target 'React-CoreModules' in project 'Pods'
        ➜ Explicit dependency on target 'React-debug' in project 'Pods'
        ➜ Explicit dependency on target 'React-defaultsnativemodule' in project 'Pods'
        ➜ Explicit dependency on target 'React-Fabric' in project 'Pods'
        ➜ Explicit dependency on target 'React-featureflags' in project 'Pods'
        ➜ Explicit dependency on target 'React-graphics' in project 'Pods'
        ➜ Explicit dependency on target 'React-hermes' in project 'Pods'
        ➜ Explicit dependency on target 'React-jsitooling' in project 'Pods'
        ➜ Explicit dependency on target 'React-NativeModulesApple' in project 'Pods'
        ➜ Explicit dependency on target 'React-RCTFabric' in project 'Pods'
        ➜ Explicit dependency on target 'React-RCTFBReactNativeSpec' in project 'Pods'
        ➜ Explicit dependency on target 'React-RCTImage' in project 'Pods'
        ➜ Explicit dependency on target 'React-RCTNetwork' in project 'Pods'
        ➜ Explicit dependency on target 'React-RCTRuntime' in project 'Pods'
        ➜ Explicit dependency on target 'React-rendererdebug' in project 'Pods'
        ➜ Explicit dependency on target 'React-RuntimeApple' in project 'Pods'
        ➜ Explicit dependency on target 'React-RuntimeCore' in project 'Pods'
        ➜ Explicit dependency on target 'React-runtimeexecutor' in project 'Pods'
        ➜ Explicit dependency on target 'React-runtimescheduler' in project 'Pods'
        ➜ Explicit dependency on target 'React-utils' in project 'Pods'
        ➜ Explicit dependency on target 'ReactCommon' in project 'Pods'
        ➜ Explicit dependency on target 'ReactNativeDependencies' in project 'Pods'
    Target 'React-RCTRuntime' in project 'Pods'
        ➜ Explicit dependency on target 'hermes-engine' in project 'Pods'
        ➜ Explicit dependency on target 'React-Core' in project 'Pods'
        ➜ Explicit dependency on target 'React-Core-prebuilt' in project 'Pods'
        ➜ Explicit dependency on target 'React-jsi' in project 'Pods'
        ➜ Explicit dependency on target 'React-jsinspector' in project 'Pods'
        ➜ Explicit dependency on target 'React-jsinspectorcdp' in project 'Pods'
        ➜ Explicit dependency on target 'React-jsinspectortracing' in project 'Pods'
        ➜ Explicit dependency on target 'React-jsitooling' in project 'Pods'
        ➜ Explicit dependency on target 'React-RuntimeApple' in project 'Pods'
        ➜ Explicit dependency on target 'React-RuntimeCore' in project 'Pods'
        ➜ Explicit dependency on target 'React-runtimeexecutor' in project 'Pods'
        ➜ Explicit dependency on target 'React-RuntimeHermes' in project 'Pods'
        ➜ Explicit dependency on target 'ReactNativeDependencies' in project 'Pods'
    Target 'React-RuntimeApple' in project 'Pods'
        ➜ Explicit dependency on target 'hermes-engine' in project 'Pods'
        ➜ Explicit dependency on target 'React-callinvoker' in project 'Pods'
        ➜ Explicit dependency on target 'React-Core' in project 'Pods'
        ➜ Explicit dependency on target 'React-Core-prebuilt' in project 'Pods'
        ➜ Explicit dependency on target 'React-CoreModules' in project 'Pods'
        ➜ Explicit dependency on target 'React-cxxreact' in project 'Pods'
        ➜ Explicit dependency on target 'React-featureflags' in project 'Pods'
        ➜ Explicit dependency on target 'React-jserrorhandler' in project 'Pods'
        ➜ Explicit dependency on target 'React-jsi' in project 'Pods'
        ➜ Explicit dependency on target 'React-jsiexecutor' in project 'Pods'
        ➜ Explicit dependency on target 'React-jsinspector' in project 'Pods'
        ➜ Explicit dependency on target 'React-jsitooling' in project 'Pods'
        ➜ Explicit dependency on target 'React-Mapbuffer' in project 'Pods'
        ➜ Explicit dependency on target 'React-NativeModulesApple' in project 'Pods'
        ➜ Explicit dependency on target 'React-RCTFabric' in project 'Pods'
        ➜ Explicit dependency on target 'React-RCTFBReactNativeSpec' in project 'Pods'
        ➜ Explicit dependency on target 'React-RuntimeCore' in project 'Pods'
        ➜ Explicit dependency on target 'React-runtimeexecutor' in project 'Pods'
        ➜ Explicit dependency on target 'React-RuntimeHermes' in project 'Pods'
        ➜ Explicit dependency on target 'React-runtimescheduler' in project 'Pods'
        ➜ Explicit dependency on target 'React-utils' in project 'Pods'
        ➜ Explicit dependency on target 'ReactNativeDependencies' in project 'Pods'
    Target 'React-RuntimeHermes' in project 'Pods'
        ➜ Explicit dependency on target 'hermes-engine' in project 'Pods'
        ➜ Explicit dependency on target 'React-Core-prebuilt' in project 'Pods'
        ➜ Explicit dependency on target 'React-featureflags' in project 'Pods'
        ➜ Explicit dependency on target 'React-hermes' in project 'Pods'
        ➜ Explicit dependency on target 'React-jsi' in project 'Pods'
        ➜ Explicit dependency on target 'React-jsinspector' in project 'Pods'
        ➜ Explicit dependency on target 'React-jsinspectorcdp' in project 'Pods'
        ➜ Explicit dependency on target 'React-jsinspectortracing' in project 'Pods'
        ➜ Explicit dependency on target 'React-jsitooling' in project 'Pods'
        ➜ Explicit dependency on target 'React-jsitracing' in project 'Pods'
        ➜ Explicit dependency on target 'React-RuntimeCore' in project 'Pods'
        ➜ Explicit dependency on target 'React-runtimeexecutor' in project 'Pods'
        ➜ Explicit dependency on target 'React-utils' in project 'Pods'
        ➜ Explicit dependency on target 'ReactNativeDependencies' in project 'Pods'
    Target 'React-jsitracing' in project 'Pods'
        ➜ Explicit dependency on target 'React-jsi' in project 'Pods'
    Target 'React-RuntimeCore' in project 'Pods'
        ➜ Explicit dependency on target 'hermes-engine' in project 'Pods'
        ➜ Explicit dependency on target 'React-Core-prebuilt' in project 'Pods'
        ➜ Explicit dependency on target 'React-cxxreact' in project 'Pods'
        ➜ Explicit dependency on target 'React-Fabric' in project 'Pods'
        ➜ Explicit dependency on target 'React-featureflags' in project 'Pods'
        ➜ Explicit dependency on target 'React-jserrorhandler' in project 'Pods'
        ➜ Explicit dependency on target 'React-jsi' in project 'Pods'
        ➜ Explicit dependency on target 'React-jsiexecutor' in project 'Pods'
        ➜ Explicit dependency on target 'React-jsinspector' in project 'Pods'
        ➜ Explicit dependency on target 'React-jsitooling' in project 'Pods'
        ➜ Explicit dependency on target 'React-performancetimeline' in project 'Pods'
        ➜ Explicit dependency on target 'React-runtimeexecutor' in project 'Pods'
        ➜ Explicit dependency on target 'React-runtimescheduler' in project 'Pods'
        ➜ Explicit dependency on target 'React-utils' in project 'Pods'
        ➜ Explicit dependency on target 'ReactNativeDependencies' in project 'Pods'
    Target 'React-Mapbuffer' in project 'Pods'
        ➜ Explicit dependency on target 'React-Core-prebuilt' in project 'Pods'
        ➜ Explicit dependency on target 'React-debug' in project 'Pods'
        ➜ Explicit dependency on target 'ReactNativeDependencies' in project 'Pods'
    Target 'React-jserrorhandler' in project 'Pods'
        ➜ Explicit dependency on target 'hermes-engine' in project 'Pods'
        ➜ Explicit dependency on target 'React-Core-prebuilt' in project 'Pods'
        ➜ Explicit dependency on target 'React-cxxreact' in project 'Pods'
        ➜ Explicit dependency on target 'React-debug' in project 'Pods'
        ➜ Explicit dependency on target 'React-featureflags' in project 'Pods'
        ➜ Explicit dependency on target 'React-jsi' in project 'Pods'
        ➜ Explicit dependency on target 'ReactCommon' in project 'Pods'
        ➜ Explicit dependency on target 'ReactNativeDependencies' in project 'Pods'
    Target 'React-defaultsnativemodule' in project 'Pods'
        ➜ Explicit dependency on target 'hermes-engine' in project 'Pods'
        ➜ Explicit dependency on target 'React-Core-prebuilt' in project 'Pods'
        ➜ Explicit dependency on target 'React-domnativemodule' in project 'Pods'
        ➜ Explicit dependency on target 'React-featureflagsnativemodule' in project 'Pods'
        ➜ Explicit dependency on target 'React-idlecallbacksnativemodule' in project 'Pods'
        ➜ Explicit dependency on target 'React-jsi' in project 'Pods'
        ➜ Explicit dependency on target 'React-jsiexecutor' in project 'Pods'
        ➜ Explicit dependency on target 'React-microtasksnativemodule' in project 'Pods'
        ➜ Explicit dependency on target 'React-RCTFBReactNativeSpec' in project 'Pods'
        ➜ Explicit dependency on target 'ReactNativeDependencies' in project 'Pods'
    Target 'React-microtasksnativemodule' in project 'Pods'
        ➜ Explicit dependency on target 'hermes-engine' in project 'Pods'
        ➜ Explicit dependency on target 'React-Core-prebuilt' in project 'Pods'
        ➜ Explicit dependency on target 'React-jsi' in project 'Pods'
        ➜ Explicit dependency on target 'React-jsiexecutor' in project 'Pods'
        ➜ Explicit dependency on target 'React-RCTFBReactNativeSpec' in project 'Pods'
        ➜ Explicit dependency on target 'ReactCommon' in project 'Pods'
        ➜ Explicit dependency on target 'ReactNativeDependencies' in project 'Pods'
    Target 'React-idlecallbacksnativemodule' in project 'Pods'
        ➜ Explicit dependency on target 'hermes-engine' in project 'Pods'
        ➜ Explicit dependency on target 'React-Core-prebuilt' in project 'Pods'
        ➜ Explicit dependency on target 'React-jsi' in project 'Pods'
        ➜ Explicit dependency on target 'React-jsiexecutor' in project 'Pods'
        ➜ Explicit dependency on target 'React-RCTFBReactNativeSpec' in project 'Pods'
        ➜ Explicit dependency on target 'React-runtimeexecutor' in project 'Pods'
        ➜ Explicit dependency on target 'React-runtimescheduler' in project 'Pods'
        ➜ Explicit dependency on target 'ReactCommon' in project 'Pods'
        ➜ Explicit dependency on target 'ReactNativeDependencies' in project 'Pods'
    Target 'React-featureflagsnativemodule' in project 'Pods'
        ➜ Explicit dependency on target 'hermes-engine' in project 'Pods'
        ➜ Explicit dependency on target 'React-Core-prebuilt' in project 'Pods'
        ➜ Explicit dependency on target 'React-featureflags' in project 'Pods'
        ➜ Explicit dependency on target 'React-jsi' in project 'Pods'
        ➜ Explicit dependency on target 'React-jsiexecutor' in project 'Pods'
        ➜ Explicit dependency on target 'React-RCTFBReactNativeSpec' in project 'Pods'
        ➜ Explicit dependency on target 'ReactCommon' in project 'Pods'
        ➜ Explicit dependency on target 'ReactNativeDependencies' in project 'Pods'
    Target 'React-domnativemodule' in project 'Pods'
        ➜ Explicit dependency on target 'hermes-engine' in project 'Pods'
        ➜ Explicit dependency on target 'React-Core-prebuilt' in project 'Pods'
        ➜ Explicit dependency on target 'React-Fabric' in project 'Pods'
        ➜ Explicit dependency on target 'React-FabricComponents' in project 'Pods'
        ➜ Explicit dependency on target 'React-graphics' in project 'Pods'
        ➜ Explicit dependency on target 'React-jsi' in project 'Pods'
        ➜ Explicit dependency on target 'React-jsiexecutor' in project 'Pods'
        ➜ Explicit dependency on target 'React-RCTFBReactNativeSpec' in project 'Pods'
        ➜ Explicit dependency on target 'React-runtimeexecutor' in project 'Pods'
        ➜ Explicit dependency on target 'ReactCommon' in project 'Pods'
        ➜ Explicit dependency on target 'ReactNativeDependencies' in project 'Pods'
        ➜ Explicit dependency on target 'Yoga' in project 'Pods'
    Target 'React-CoreModules' in project 'Pods'
        ➜ Explicit dependency on target 'RCTTypeSafety' in project 'Pods'
        ➜ Explicit dependency on target 'React-Core' in project 'Pods'
        ➜ Explicit dependency on target 'React-Core-prebuilt' in project 'Pods'
        ➜ Explicit dependency on target 'React-jsi' in project 'Pods'
        ➜ Explicit dependency on target 'React-jsinspector' in project 'Pods'
        ➜ Explicit dependency on target 'React-jsinspectorcdp' in project 'Pods'
        ➜ Explicit dependency on target 'React-jsinspectortracing' in project 'Pods'
        ➜ Explicit dependency on target 'React-NativeModulesApple' in project 'Pods'
        ➜ Explicit dependency on target 'React-RCTBlob' in project 'Pods'
        ➜ Explicit dependency on target 'React-RCTFBReactNativeSpec' in project 'Pods'
        ➜ Explicit dependency on target 'React-RCTImage' in project 'Pods'
        ➜ Explicit dependency on target 'React-runtimeexecutor' in project 'Pods'
        ➜ Explicit dependency on target 'ReactCommon' in project 'Pods'
        ➜ Explicit dependency on target 'ReactNativeDependencies' in project 'Pods'
    Target 'React-RCTBlob' in project 'Pods'
        ➜ Explicit dependency on target 'hermes-engine' in project 'Pods'
        ➜ Explicit dependency on target 'React-Core' in project 'Pods'
        ➜ Explicit dependency on target 'React-Core-prebuilt' in project 'Pods'
        ➜ Explicit dependency on target 'React-jsi' in project 'Pods'
        ➜ Explicit dependency on target 'React-jsinspector' in project 'Pods'
        ➜ Explicit dependency on target 'React-jsinspectorcdp' in project 'Pods'
        ➜ Explicit dependency on target 'React-NativeModulesApple' in project 'Pods'
        ➜ Explicit dependency on target 'React-RCTFBReactNativeSpec' in project 'Pods'
        ➜ Explicit dependency on target 'React-RCTNetwork' in project 'Pods'
        ➜ Explicit dependency on target 'ReactCommon' in project 'Pods'
        ➜ Explicit dependency on target 'ReactNativeDependencies' in project 'Pods'
    Target 'React-RCTFabric' in project 'Pods'
        ➜ Explicit dependency on target 'hermes-engine' in project 'Pods'
        ➜ Explicit dependency on target 'React-Core' in project 'Pods'
        ➜ Explicit dependency on target 'React-Core-prebuilt' in project 'Pods'
        ➜ Explicit dependency on target 'React-debug' in project 'Pods'
        ➜ Explicit dependency on target 'React-Fabric' in project 'Pods'
        ➜ Explicit dependency on target 'React-FabricComponents' in project 'Pods'
        ➜ Explicit dependency on target 'React-FabricImage' in project 'Pods'
        ➜ Explicit dependency on target 'React-featureflags' in project 'Pods'
        ➜ Explicit dependency on target 'React-graphics' in project 'Pods'
        ➜ Explicit dependency on target 'React-ImageManager' in project 'Pods'
        ➜ Explicit dependency on target 'React-jsi' in project 'Pods'
        ➜ Explicit dependency on target 'React-jsinspector' in project 'Pods'
        ➜ Explicit dependency on target 'React-jsinspectorcdp' in project 'Pods'
        ➜ Explicit dependency on target 'React-jsinspectornetwork' in project 'Pods'
        ➜ Explicit dependency on target 'React-jsinspectortracing' in project 'Pods'
        ➜ Explicit dependency on target 'React-performancetimeline' in project 'Pods'
        ➜ Explicit dependency on target 'React-RCTAnimation' in project 'Pods'
        ➜ Explicit dependency on target 'React-RCTFBReactNativeSpec' in project 'Pods'
        ➜ Explicit dependency on target 'React-RCTImage' in project 'Pods'
        ➜ Explicit dependency on target 'React-RCTText' in project 'Pods'
        ➜ Explicit dependency on target 'React-rendererconsistency' in project 'Pods'
        ➜ Explicit dependency on target 'React-renderercss' in project 'Pods'
        ➜ Explicit dependency on target 'React-rendererdebug' in project 'Pods'
        ➜ Explicit dependency on target 'React-runtimeexecutor' in project 'Pods'
        ➜ Explicit dependency on target 'React-runtimescheduler' in project 'Pods'
        ➜ Explicit dependency on target 'React-utils' in project 'Pods'
        ➜ Explicit dependency on target 'ReactNativeDependencies' in project 'Pods'
        ➜ Explicit dependency on target 'Yoga' in project 'Pods'
    Target 'React-RCTText' in project 'Pods'
        ➜ Explicit dependency on target 'React-Core' in project 'Pods'
        ➜ Explicit dependency on target 'Yoga' in project 'Pods'
    Target 'React-RCTImage' in project 'Pods'
        ➜ Explicit dependency on target 'RCTTypeSafety' in project 'Pods'
        ➜ Explicit dependency on target 'React-Core' in project 'Pods'
        ➜ Explicit dependency on target 'React-Core-prebuilt' in project 'Pods'
        ➜ Explicit dependency on target 'React-jsi' in project 'Pods'
        ➜ Explicit dependency on target 'React-NativeModulesApple' in project 'Pods'
        ➜ Explicit dependency on target 'React-RCTFBReactNativeSpec' in project 'Pods'
        ➜ Explicit dependency on target 'React-RCTNetwork' in project 'Pods'
        ➜ Explicit dependency on target 'ReactCommon' in project 'Pods'
        ➜ Explicit dependency on target 'ReactNativeDependencies' in project 'Pods'
    Target 'React-RCTNetwork' in project 'Pods'
        ➜ Explicit dependency on target 'RCTTypeSafety' in project 'Pods'
        ➜ Explicit dependency on target 'React-Core' in project 'Pods'
        ➜ Explicit dependency on target 'React-Core-prebuilt' in project 'Pods'
        ➜ Explicit dependency on target 'React-featureflags' in project 'Pods'
        ➜ Explicit dependency on target 'React-jsi' in project 'Pods'
        ➜ Explicit dependency on target 'React-jsinspectorcdp' in project 'Pods'
        ➜ Explicit dependency on target 'React-jsinspectornetwork' in project 'Pods'
        ➜ Explicit dependency on target 'React-NativeModulesApple' in project 'Pods'
        ➜ Explicit dependency on target 'React-RCTFBReactNativeSpec' in project 'Pods'
        ➜ Explicit dependency on target 'ReactCommon' in project 'Pods'
        ➜ Explicit dependency on target 'ReactNativeDependencies' in project 'Pods'
    Target 'React-RCTAnimation' in project 'Pods'
        ➜ Explicit dependency on target 'RCTTypeSafety' in project 'Pods'
        ➜ Explicit dependency on target 'React-Core' in project 'Pods'
        ➜ Explicit dependency on target 'React-Core-prebuilt' in project 'Pods'
        ➜ Explicit dependency on target 'React-featureflags' in project 'Pods'
        ➜ Explicit dependency on target 'React-jsi' in project 'Pods'
        ➜ Explicit dependency on target 'React-NativeModulesApple' in project 'Pods'
        ➜ Explicit dependency on target 'React-RCTFBReactNativeSpec' in project 'Pods'
        ➜ Explicit dependency on target 'ReactCommon' in project 'Pods'
        ➜ Explicit dependency on target 'ReactNativeDependencies' in project 'Pods'
    Target 'React-FabricImage' in project 'Pods'
        ➜ Explicit dependency on target 'hermes-engine' in project 'Pods'
        ➜ Explicit dependency on target 'RCTRequired' in project 'Pods'
        ➜ Explicit dependency on target 'RCTTypeSafety' in project 'Pods'
        ➜ Explicit dependency on target 'React-Core-prebuilt' in project 'Pods'
        ➜ Explicit dependency on target 'React-Fabric' in project 'Pods'
        ➜ Explicit dependency on target 'React-featureflags' in project 'Pods'
        ➜ Explicit dependency on target 'React-graphics' in project 'Pods'
        ➜ Explicit dependency on target 'React-ImageManager' in project 'Pods'
        ➜ Explicit dependency on target 'React-jsi' in project 'Pods'
        ➜ Explicit dependency on target 'React-jsiexecutor' in project 'Pods'
        ➜ Explicit dependency on target 'React-logger' in project 'Pods'
        ➜ Explicit dependency on target 'React-rendererdebug' in project 'Pods'
        ➜ Explicit dependency on target 'React-utils' in project 'Pods'
        ➜ Explicit dependency on target 'ReactCommon' in project 'Pods'
        ➜ Explicit dependency on target 'ReactNativeDependencies' in project 'Pods'
        ➜ Explicit dependency on target 'Yoga' in project 'Pods'
    Target 'React-FabricComponents' in project 'Pods'
        ➜ Explicit dependency on target 'hermes-engine' in project 'Pods'
        ➜ Explicit dependency on target 'RCTRequired' in project 'Pods'
        ➜ Explicit dependency on target 'RCTTypeSafety' in project 'Pods'
        ➜ Explicit dependency on target 'React-Core' in project 'Pods'
        ➜ Explicit dependency on target 'React-Core-prebuilt' in project 'Pods'
        ➜ Explicit dependency on target 'React-cxxreact' in project 'Pods'
        ➜ Explicit dependency on target 'React-debug' in project 'Pods'
        ➜ Explicit dependency on target 'React-Fabric' in project 'Pods'
        ➜ Explicit dependency on target 'React-featureflags' in project 'Pods'
        ➜ Explicit dependency on target 'React-graphics' in project 'Pods'
        ➜ Explicit dependency on target 'React-jsi' in project 'Pods'
        ➜ Explicit dependency on target 'React-jsiexecutor' in project 'Pods'
        ➜ Explicit dependency on target 'React-logger' in project 'Pods'
        ➜ Explicit dependency on target 'React-RCTFBReactNativeSpec' in project 'Pods'
        ➜ Explicit dependency on target 'React-rendererdebug' in project 'Pods'
        ➜ Explicit dependency on target 'React-runtimescheduler' in project 'Pods'
        ➜ Explicit dependency on target 'React-utils' in project 'Pods'
        ➜ Explicit dependency on target 'ReactCommon' in project 'Pods'
        ➜ Explicit dependency on target 'ReactNativeDependencies' in project 'Pods'
        ➜ Explicit dependency on target 'Yoga' in project 'Pods'
    Target 'React-RCTFBReactNativeSpec' in project 'Pods'
        ➜ Explicit dependency on target 'hermes-engine' in project 'Pods'
        ➜ Explicit dependency on target 'RCTRequired' in project 'Pods'
        ➜ Explicit dependency on target 'RCTTypeSafety' in project 'Pods'
        ➜ Explicit dependency on target 'React-Core' in project 'Pods'
        ➜ Explicit dependency on target 'React-Core-prebuilt' in project 'Pods'
        ➜ Explicit dependency on target 'React-debug' in project 'Pods'
        ➜ Explicit dependency on target 'React-Fabric' in project 'Pods'
        ➜ Explicit dependency on target 'React-featureflags' in project 'Pods'
        ➜ Explicit dependency on target 'React-graphics' in project 'Pods'
        ➜ Explicit dependency on target 'React-jsi' in project 'Pods'
        ➜ Explicit dependency on target 'React-NativeModulesApple' in project 'Pods'
        ➜ Explicit dependency on target 'React-rendererdebug' in project 'Pods'
        ➜ Explicit dependency on target 'React-utils' in project 'Pods'
        ➜ Explicit dependency on target 'ReactCommon' in project 'Pods'
        ➜ Explicit dependency on target 'ReactNativeDependencies' in project 'Pods'
        ➜ Explicit dependency on target 'Yoga' in project 'Pods'
    Target 'React-NativeModulesApple' in project 'Pods'
        ➜ Explicit dependency on target 'hermes-engine' in project 'Pods'
        ➜ Explicit dependency on target 'React-callinvoker' in project 'Pods'
        ➜ Explicit dependency on target 'React-Core' in project 'Pods'
        ➜ Explicit dependency on target 'React-Core-prebuilt' in project 'Pods'
        ➜ Explicit dependency on target 'React-cxxreact' in project 'Pods'
        ➜ Explicit dependency on target 'React-featureflags' in project 'Pods'
        ➜ Explicit dependency on target 'React-jsi' in project 'Pods'
        ➜ Explicit dependency on target 'React-jsinspector' in project 'Pods'
        ➜ Explicit dependency on target 'React-jsinspectorcdp' in project 'Pods'
        ➜ Explicit dependency on target 'React-runtimeexecutor' in project 'Pods'
        ➜ Explicit dependency on target 'ReactCommon' in project 'Pods'
        ➜ Explicit dependency on target 'ReactNativeDependencies' in project 'Pods'
    Target 'React-ImageManager' in project 'Pods'
        ➜ Explicit dependency on target 'React-Core' in project 'Pods'
        ➜ Explicit dependency on target 'React-Core-prebuilt' in project 'Pods'
        ➜ Explicit dependency on target 'React-debug' in project 'Pods'
        ➜ Explicit dependency on target 'React-Fabric' in project 'Pods'
        ➜ Explicit dependency on target 'React-graphics' in project 'Pods'
        ➜ Explicit dependency on target 'React-rendererdebug' in project 'Pods'
        ➜ Explicit dependency on target 'React-utils' in project 'Pods'
        ➜ Explicit dependency on target 'ReactNativeDependencies' in project 'Pods'
    Target 'React-Fabric' in project 'Pods'
        ➜ Explicit dependency on target 'hermes-engine' in project 'Pods'
        ➜ Explicit dependency on target 'RCTRequired' in project 'Pods'
        ➜ Explicit dependency on target 'RCTTypeSafety' in project 'Pods'
        ➜ Explicit dependency on target 'React-Core' in project 'Pods'
        ➜ Explicit dependency on target 'React-Core-prebuilt' in project 'Pods'
        ➜ Explicit dependency on target 'React-cxxreact' in project 'Pods'
        ➜ Explicit dependency on target 'React-debug' in project 'Pods'
        ➜ Explicit dependency on target 'React-featureflags' in project 'Pods'
        ➜ Explicit dependency on target 'React-graphics' in project 'Pods'
        ➜ Explicit dependency on target 'React-jsi' in project 'Pods'
        ➜ Explicit dependency on target 'React-jsiexecutor' in project 'Pods'
        ➜ Explicit dependency on target 'React-logger' in project 'Pods'
        ➜ Explicit dependency on target 'React-performancetimeline' in project 'Pods'
        ➜ Explicit dependency on target 'React-rendererconsistency' in project 'Pods'
        ➜ Explicit dependency on target 'React-renderercss' in project 'Pods'
        ➜ Explicit dependency on target 'React-rendererdebug' in project 'Pods'
        ➜ Explicit dependency on target 'React-runtimeexecutor' in project 'Pods'
        ➜ Explicit dependency on target 'React-runtimescheduler' in project 'Pods'
        ➜ Explicit dependency on target 'React-utils' in project 'Pods'
        ➜ Explicit dependency on target 'ReactCommon' in project 'Pods'
        ➜ Explicit dependency on target 'ReactNativeDependencies' in project 'Pods'
        ➜ Explicit dependency on target 'Yoga' in project 'Pods'
    Target 'ReactCommon' in project 'Pods'
        ➜ Explicit dependency on target 'hermes-engine' in project 'Pods'
        ➜ Explicit dependency on target 'React-callinvoker' in project 'Pods'
        ➜ Explicit dependency on target 'React-Core-prebuilt' in project 'Pods'
        ➜ Explicit dependency on target 'React-cxxreact' in project 'Pods'
        ➜ Explicit dependency on target 'React-debug' in project 'Pods'
        ➜ Explicit dependency on target 'React-featureflags' in project 'Pods'
        ➜ Explicit dependency on target 'React-jsi' in project 'Pods'
        ➜ Explicit dependency on target 'React-logger' in project 'Pods'
        ➜ Explicit dependency on target 'React-perflogger' in project 'Pods'
        ➜ Explicit dependency on target 'React-utils' in project 'Pods'
        ➜ Explicit dependency on target 'ReactNativeDependencies' in project 'Pods'
    Target 'React-renderercss' in project 'Pods'
        ➜ Explicit dependency on target 'React-debug' in project 'Pods'
        ➜ Explicit dependency on target 'React-utils' in project 'Pods'
    Target 'React-graphics' in project 'Pods'
        ➜ Explicit dependency on target 'hermes-engine' in project 'Pods'
        ➜ Explicit dependency on target 'React-Core-prebuilt' in project 'Pods'
        ➜ Explicit dependency on target 'React-jsi' in project 'Pods'
        ➜ Explicit dependency on target 'React-jsiexecutor' in project 'Pods'
        ➜ Explicit dependency on target 'React-utils' in project 'Pods'
        ➜ Explicit dependency on target 'ReactNativeDependencies' in project 'Pods'
    Target 'RCTTypeSafety' in project 'Pods'
        ➜ Explicit dependency on target 'FBLazyVector' in project 'Pods'
        ➜ Explicit dependency on target 'RCTRequired' in project 'Pods'
        ➜ Explicit dependency on target 'React-Core' in project 'Pods'
    Target 'React-Core' in project 'Pods'
        ➜ Explicit dependency on target 'hermes-engine' in project 'Pods'
        ➜ Explicit dependency on target 'RCTDeprecation' in project 'Pods'
        ➜ Explicit dependency on target 'React-Core-prebuilt' in project 'Pods'
        ➜ Explicit dependency on target 'React-Core-React-Core_privacy' in project 'Pods'
        ➜ Explicit dependency on target 'React-cxxreact' in project 'Pods'
        ➜ Explicit dependency on target 'React-featureflags' in project 'Pods'
        ➜ Explicit dependency on target 'React-hermes' in project 'Pods'
        ➜ Explicit dependency on target 'React-jsi' in project 'Pods'
        ➜ Explicit dependency on target 'React-jsiexecutor' in project 'Pods'
        ➜ Explicit dependency on target 'React-jsinspector' in project 'Pods'
        ➜ Explicit dependency on target 'React-jsinspectorcdp' in project 'Pods'
        ➜ Explicit dependency on target 'React-jsitooling' in project 'Pods'
        ➜ Explicit dependency on target 'React-perflogger' in project 'Pods'
        ➜ Explicit dependency on target 'React-runtimeexecutor' in project 'Pods'
        ➜ Explicit dependency on target 'React-runtimescheduler' in project 'Pods'
        ➜ Explicit dependency on target 'React-utils' in project 'Pods'
        ➜ Explicit dependency on target 'ReactNativeDependencies' in project 'Pods'
        ➜ Explicit dependency on target 'Yoga' in project 'Pods'
    Target 'Yoga' in project 'Pods' (no dependencies)
    Target 'React-runtimescheduler' in project 'Pods'
        ➜ Explicit dependency on target 'hermes-engine' in project 'Pods'
        ➜ Explicit dependency on target 'React-callinvoker' in project 'Pods'
        ➜ Explicit dependency on target 'React-Core-prebuilt' in project 'Pods'
        ➜ Explicit dependency on target 'React-cxxreact' in project 'Pods'
        ➜ Explicit dependency on target 'React-debug' in project 'Pods'
        ➜ Explicit dependency on target 'React-featureflags' in project 'Pods'
        ➜ Explicit dependency on target 'React-jsi' in project 'Pods'
        ➜ Explicit dependency on target 'React-jsinspectortracing' in project 'Pods'
        ➜ Explicit dependency on target 'React-performancetimeline' in project 'Pods'
        ➜ Explicit dependency on target 'React-rendererconsistency' in project 'Pods'
        ➜ Explicit dependency on target 'React-rendererdebug' in project 'Pods'
        ➜ Explicit dependency on target 'React-runtimeexecutor' in project 'Pods'
        ➜ Explicit dependency on target 'React-timing' in project 'Pods'
        ➜ Explicit dependency on target 'React-utils' in project 'Pods'
        ➜ Explicit dependency on target 'ReactNativeDependencies' in project 'Pods'
    Target 'React-rendererdebug' in project 'Pods'
        ➜ Explicit dependency on target 'React-Core-prebuilt' in project 'Pods'
        ➜ Explicit dependency on target 'React-debug' in project 'Pods'
        ➜ Explicit dependency on target 'ReactNativeDependencies' in project 'Pods'
    Target 'React-rendererconsistency' in project 'Pods' (no dependencies)
    Target 'React-jsitooling' in project 'Pods'
        ➜ Explicit dependency on target 'React-Core-prebuilt' in project 'Pods'
        ➜ Explicit dependency on target 'React-cxxreact' in project 'Pods'
        ➜ Explicit dependency on target 'React-jsi' in project 'Pods'
        ➜ Explicit dependency on target 'React-jsinspector' in project 'Pods'
        ➜ Explicit dependency on target 'React-jsinspectorcdp' in project 'Pods'
        ➜ Explicit dependency on target 'React-jsinspectortracing' in project 'Pods'
        ➜ Explicit dependency on target 'React-runtimeexecutor' in project 'Pods'
        ➜ Explicit dependency on target 'ReactNativeDependencies' in project 'Pods'
    Target 'React-hermes' in project 'Pods'
        ➜ Explicit dependency on target 'hermes-engine' in project 'Pods'
        ➜ Explicit dependency on target 'React-Core-prebuilt' in project 'Pods'
        ➜ Explicit dependency on target 'React-cxxreact' in project 'Pods'
        ➜ Explicit dependency on target 'React-jsi' in project 'Pods'
        ➜ Explicit dependency on target 'React-jsiexecutor' in project 'Pods'
        ➜ Explicit dependency on target 'React-jsinspector' in project 'Pods'
        ➜ Explicit dependency on target 'React-jsinspectorcdp' in project 'Pods'
        ➜ Explicit dependency on target 'React-jsinspectortracing' in project 'Pods'
        ➜ Explicit dependency on target 'React-perflogger' in project 'Pods'
        ➜ Explicit dependency on target 'React-runtimeexecutor' in project 'Pods'
        ➜ Explicit dependency on target 'ReactNativeDependencies' in project 'Pods'
    Target 'React-jsiexecutor' in project 'Pods'
        ➜ Explicit dependency on target 'hermes-engine' in project 'Pods'
        ➜ Explicit dependency on target 'React-Core-prebuilt' in project 'Pods'
        ➜ Explicit dependency on target 'React-cxxreact' in project 'Pods'
        ➜ Explicit dependency on target 'React-jsi' in project 'Pods'
        ➜ Explicit dependency on target 'React-jsinspector' in project 'Pods'
        ➜ Explicit dependency on target 'React-jsinspectorcdp' in project 'Pods'
        ➜ Explicit dependency on target 'React-jsinspectortracing' in project 'Pods'
        ➜ Explicit dependency on target 'React-perflogger' in project 'Pods'
        ➜ Explicit dependency on target 'React-runtimeexecutor' in project 'Pods'
        ➜ Explicit dependency on target 'ReactNativeDependencies' in project 'Pods'
    Target 'React-cxxreact' in project 'Pods'
        ➜ Explicit dependency on target 'hermes-engine' in project 'Pods'
        ➜ Explicit dependency on target 'React-callinvoker' in project 'Pods'
        ➜ Explicit dependency on target 'React-Core-prebuilt' in project 'Pods'
        ➜ Explicit dependency on target 'React-cxxreact-React-cxxreact_privacy' in project 'Pods'
        ➜ Explicit dependency on target 'React-debug' in project 'Pods'
        ➜ Explicit dependency on target 'React-jsi' in project 'Pods'
        ➜ Explicit dependency on target 'React-jsinspector' in project 'Pods'
        ➜ Explicit dependency on target 'React-jsinspectorcdp' in project 'Pods'
        ➜ Explicit dependency on target 'React-jsinspectortracing' in project 'Pods'
        ➜ Explicit dependency on target 'React-logger' in project 'Pods'
        ➜ Explicit dependency on target 'React-perflogger' in project 'Pods'
        ➜ Explicit dependency on target 'React-runtimeexecutor' in project 'Pods'
        ➜ Explicit dependency on target 'React-timing' in project 'Pods'
        ➜ Explicit dependency on target 'ReactNativeDependencies' in project 'Pods'
    Target 'React-logger' in project 'Pods'
        ➜ Explicit dependency on target 'React-Core-prebuilt' in project 'Pods'
        ➜ Explicit dependency on target 'ReactNativeDependencies' in project 'Pods'
    Target 'React-jsinspector' in project 'Pods'
        ➜ Explicit dependency on target 'hermes-engine' in project 'Pods'
        ➜ Explicit dependency on target 'React-Core-prebuilt' in project 'Pods'
        ➜ Explicit dependency on target 'React-featureflags' in project 'Pods'
        ➜ Explicit dependency on target 'React-jsi' in project 'Pods'
        ➜ Explicit dependency on target 'React-jsinspectorcdp' in project 'Pods'
        ➜ Explicit dependency on target 'React-jsinspectornetwork' in project 'Pods'
        ➜ Explicit dependency on target 'React-jsinspectortracing' in project 'Pods'
        ➜ Explicit dependency on target 'React-oscompat' in project 'Pods'
        ➜ Explicit dependency on target 'React-perflogger' in project 'Pods'
        ➜ Explicit dependency on target 'React-runtimeexecutor' in project 'Pods'
        ➜ Explicit dependency on target 'ReactNativeDependencies' in project 'Pods'
    Target 'React-runtimeexecutor' in project 'Pods'
        ➜ Explicit dependency on target 'React-Core-prebuilt' in project 'Pods'
        ➜ Explicit dependency on target 'React-debug' in project 'Pods'
        ➜ Explicit dependency on target 'React-featureflags' in project 'Pods'
        ➜ Explicit dependency on target 'React-jsi' in project 'Pods'
        ➜ Explicit dependency on target 'React-utils' in project 'Pods'
        ➜ Explicit dependency on target 'ReactNativeDependencies' in project 'Pods'
    Target 'React-utils' in project 'Pods'
        ➜ Explicit dependency on target 'hermes-engine' in project 'Pods'
        ➜ Explicit dependency on target 'React-Core-prebuilt' in project 'Pods'
        ➜ Explicit dependency on target 'React-debug' in project 'Pods'
        ➜ Explicit dependency on target 'React-jsi' in project 'Pods'
        ➜ Explicit dependency on target 'ReactNativeDependencies' in project 'Pods'
    Target 'React-jsinspectornetwork' in project 'Pods'
        ➜ Explicit dependency on target 'React-Core-prebuilt' in project 'Pods'
        ➜ Explicit dependency on target 'React-featureflags' in project 'Pods'
        ➜ Explicit dependency on target 'React-jsinspectorcdp' in project 'Pods'
        ➜ Explicit dependency on target 'React-performancetimeline' in project 'Pods'
        ➜ Explicit dependency on target 'React-timing' in project 'Pods'
        ➜ Explicit dependency on target 'ReactNativeDependencies' in project 'Pods'
    Target 'React-performancetimeline' in project 'Pods'
        ➜ Explicit dependency on target 'React-Core-prebuilt' in project 'Pods'
        ➜ Explicit dependency on target 'React-featureflags' in project 'Pods'
        ➜ Explicit dependency on target 'React-jsinspectortracing' in project 'Pods'
        ➜ Explicit dependency on target 'React-perflogger' in project 'Pods'
        ➜ Explicit dependency on target 'React-timing' in project 'Pods'
        ➜ Explicit dependency on target 'ReactNativeDependencies' in project 'Pods'
    Target 'React-perflogger' in project 'Pods'
        ➜ Explicit dependency on target 'React-Core-prebuilt' in project 'Pods'
        ➜ Explicit dependency on target 'ReactNativeDependencies' in project 'Pods'
    Target 'React-jsinspectortracing' in project 'Pods'
        ➜ Explicit dependency on target 'React-Core-prebuilt' in project 'Pods'
        ➜ Explicit dependency on target 'React-oscompat' in project 'Pods'
        ➜ Explicit dependency on target 'React-timing' in project 'Pods'
        ➜ Explicit dependency on target 'ReactNativeDependencies' in project 'Pods'
    Target 'React-timing' in project 'Pods'
        ➜ Explicit dependency on target 'React-debug' in project 'Pods'
    Target 'React-oscompat' in project 'Pods' (no dependencies)
    Target 'React-jsinspectorcdp' in project 'Pods'
        ➜ Explicit dependency on target 'React-Core-prebuilt' in project 'Pods'
        ➜ Explicit dependency on target 'ReactNativeDependencies' in project 'Pods'
    Target 'React-featureflags' in project 'Pods'
        ➜ Explicit dependency on target 'React-Core-prebuilt' in project 'Pods'
        ➜ Explicit dependency on target 'ReactNativeDependencies' in project 'Pods'
    Target 'React-jsi' in project 'Pods'
        ➜ Explicit dependency on target 'hermes-engine' in project 'Pods'
        ➜ Explicit dependency on target 'React-Core-prebuilt' in project 'Pods'
        ➜ Explicit dependency on target 'ReactNativeDependencies' in project 'Pods'
    Target 'React-debug' in project 'Pods' (no dependencies)
    Target 'React-cxxreact-React-cxxreact_privacy' in project 'Pods' (no dependencies)
    Target 'React-callinvoker' in project 'Pods' (no dependencies)
    Target 'React-Core-React-Core_privacy' in project 'Pods' (no dependencies)
    Target 'React-Core-prebuilt' in project 'Pods'
        ➜ Explicit dependency on target 'ReactNativeDependencies' in project 'Pods'
    Target 'ReactNativeDependencies' in project 'Pods' (no dependencies)
    Target 'RCTDeprecation' in project 'Pods' (no dependencies)
    Target 'hermes-engine' in project 'Pods' (no dependencies)
    Target 'FBLazyVector' in project 'Pods' (no dependencies)
    Target 'RCTRequired' in project 'Pods' (no dependencies)

GatherProvisioningInputs

CreateBuildDescription

ExecuteExternalTool /Applications/Xcode.app/Contents/Developer/Toolchains/XcodeDefault.xctoolchain/usr/bin/clang -v -E -dM -isysroot /Applications/Xcode.app/Contents/Developer/Platforms/iPhoneOS.platform/Developer/SDKs/iPhoneOS26.2.sdk -x c -c /dev/null

ExecuteExternalTool /Applications/Xcode.app/Contents/Developer/Toolchains/XcodeDefault.xctoolchain/usr/bin/clang -v -E -dM -arch arm64 -isysroot /Applications/Xcode.app/Contents/Developer/Platforms/iPhoneOS.platform/Developer/SDKs/iPhoneOS26.2.sdk -x c++ -c /dev/null

ExecuteExternalTool /Applications/Xcode.app/Contents/Developer/Toolchains/XcodeDefault.xctoolchain/usr/bin/clang -v -E -dM -arch arm64 -isysroot /Applications/Xcode.app/Contents/Developer/Platforms/iPhoneOS.platform/Developer/SDKs/iPhoneOS26.2.sdk -x objective-c -c /dev/null

ExecuteExternalTool /Applications/Xcode.app/Contents/Developer/Toolchains/XcodeDefault.xctoolchain/usr/bin/clang -v -E -dM -arch arm64 -isysroot /Applications/Xcode.app/Contents/Developer/Platforms/iPhoneOS.platform/Developer/SDKs/iPhoneOS26.2.sdk -x objective-c++ -c /dev/null

ExecuteExternalTool /Applications/Xcode.app/Contents/Developer/Toolchains/XcodeDefault.xctoolchain/usr/bin/clang -v -E -dM -arch arm64 -isysroot /Applications/Xcode.app/Contents/Developer/Platforms/iPhoneOS.platform/Developer/SDKs/iPhoneOS26.2.sdk -x c -c /dev/null

ExecuteExternalTool /Applications/Xcode.app/Contents/Developer/Toolchains/XcodeDefault.xctoolchain/usr/bin/swiftc --version

ExecuteExternalTool /Applications/Xcode.app/Contents/Developer/Toolchains/XcodeDefault.xctoolchain/usr/bin/libtool -V

ExecuteExternalTool /Applications/Xcode.app/Contents/Developer/usr/bin/actool --version --output-format xml1

ExecuteExternalTool /Applications/Xcode.app/Contents/Developer/usr/bin/ibtool --version --output-format xml1

ExecuteExternalTool /Applications/Xcode.app/Contents/Developer/usr/bin/actool --print-asset-tag-combinations --output-format xml1 /Users/clisamax/Documents/GITHUB/FormCam/ios/FormCam/Images.xcassets

ExecuteExternalTool /Applications/Xcode.app/Contents/Developer/Toolchains/XcodeDefault.xctoolchain/usr/bin/ld -version_details

Build description signature: 9dcb8e718e43c0fde33f8f36962ca04d
Build description path: /Users/clisamax/Documents/GITHUB/FormCam/ios/build/Build/Intermediates.noindex/XCBuildData/9dcb8e718e43c0fde33f8f36962ca04d.xcbuilddata
/Users/clisamax/Documents/GITHUB/FormCam/ios/Pods/Pods.xcodeproj: warning: The iOS deployment target 'IPHONEOS_DEPLOYMENT_TARGET' is set to 9.0, but the range of supported deployment target versions is 12.0 to 26.2.99. (in target 'SDWebImage-SDWebImage' from project 'Pods')
note: Run script build phase '[CP-User] [RN]Check FBReactNativeSpec' will be run during every build because the option to run the script phase "Based on dependency analysis" is unchecked. (in target 'React-RCTFBReactNativeSpec' from project 'Pods')
warning: Run script build phase '[CP-User] Generate updates resources for expo-updates' will be run during every build because it does not specify any outputs. To address this issue, either add output dependencies to the script phase, or configure it to run in every build by unchecking "Based on dependency analysis" in the script phase. (in target 'EXUpdates' from project 'Pods')
note: Run script build phase '[CP-User] [RNDeps] Replace React Native Core for the right configuration, if needed' will be run during every build because the option to run the script phase "Based on dependency analysis" is unchecked. (in target 'React-Core-prebuilt' from project 'Pods')
/Users/clisamax/Documents/GITHUB/FormCam/ios/FormCam.xcodeproj: error: Signing for "FormCam" requires a development team. Select a development team in the Signing & Capabilities editor. (in target 'FormCam' from project 'FormCam')
note: Run script build phase 'Bundle React Native code and images' will be run during every build because the option to run the script phase "Based on dependency analysis" is unchecked. (in target 'FormCam' from project 'FormCam')
note: Run script build phase '[Expo] Configure project' will be run during every build because the option to run the script phase "Based on dependency analysis" is unchecked. (in target 'FormCam' from project 'FormCam')
note: Run script build phase '[CP-User] Generate app.config for prebuilt Constants.manifest' will be run during every build because the option to run the script phase "Based on dependency analysis" is unchecked. (in target 'EXConstants' from project 'Pods')
note: Run script build phase '[CP-User] [RNDeps] Replace React Native Dependencies for the right configuration, if needed' will be run during every build because the option to run the script phase "Based on dependency analysis" is unchecked. (in target 'ReactNativeDependencies' from project 'Pods')
warning: Run script build phase '[CP-User] [Hermes] Replace Hermes for the right configuration, if needed' will be run during every build because it does not specify any outputs. To address this issue, either add output dependencies to the script phase, or configure it to run in every build by unchecking "Based on dependency analysis" in the script phase. (in target 'hermes-engine' from project 'Pods')
** BUILD FAILED **


The following build commands failed:
	Building workspace FormCam with scheme FormCam and configuration Debug
(1 failure)
