[2026-02-17 06:44:41] 🚀 Iniciando script – 2026-02-17_06-44-41
[2026-02-17 06:44:41] ✅ Node v24.12.0 OK
[2026-02-17 06:44:41] ✅ Yarn 1.22.22 OK
[2026-02-17 06:44:41] ✅ Expo (SDK) local (54.0.23)
[2026-02-17 06:44:41] ✅ Xcode 26.2 OK
[2026-02-17 06:44:42] ✅ CocoaPods 1.16.2 OK
[2026-02-17 06:44:42] ✅ watchman 2026.01.12.00 encontrado
[2026-02-17 06:44:42] ✅ libimobiledevice (idevice_id) disponível
[2026-02-17 06:44:42] 📦 Instalando dependências com Yarn (frozen‑lockfile)…
yarn install v1.22.22
[1/4] Resolving packages...
(node:25281) [DEP0169] DeprecationWarning: `url.parse()` behavior is not standardized and prone to errors that have security implications. Use the WHATWG URL API instead. CVEs are not issued for `url.parse()` vulnerabilities.
(Use `node --trace-deprecation ...` to show where the warning was created)
success Already up-to-date.
Done in 0.15s.
[2026-02-17 06:44:42] 🧹 Limpando artefatos de build anteriores…
[2026-02-17 06:44:42]    • ios/build removida
[2026-02-17 06:44:42]    • .expo removida
[2026-02-17 06:44:42]    • DerivedData (/Users/clisamax/Library/Developer/Xcode/DerivedData/FormCam-bghffiesmchebqfenymgyejtnsai
/Users/clisamax/Library/Developer/Xcode/DerivedData/FormCam-dafqrjcqenjoxbfbwuupgqbhuhip) removida
[2026-02-17 06:44:42] ⚠️  Porta 8081 já está em uso (PID 20885) – desligando.
[2026-02-17 06:44:42] ✅  Porta 8081 liberada.
[2026-02-17 06:44:42] 🧹 Resetando o cache do Metro…
[2026-02-17 06:44:42]    • Criando RAM‑disk de 2g (primeira tentativa)…
[2026-02-17 06:44:42]    • -size não suportado – usando fallback baseado em setores
[2026-02-17 06:44:43]    • RAM‑disk criado via setores (/dev/disk51         	                               	)
[2026-02-17 06:44:43]    • Formatando como APFS (nome: metro-ram)…
[2026-02-17 06:44:44] ✅  RAM‑disk criado e montado em /Volumes/metro-ram
[2026-02-17 06:44:44]    • METRO_CACHE_DIR = /Volumes/metro-ram/metro-cache
[2026-02-17 06:44:44]    • Iniciando Metro em background (gera grafo)…
[2026-02-17 06:44:44] ⏳ Metro ainda indexando (0s, PID=25415) – cache   0B
2026-02-17T09:44:44.987Z expo:telemetry Switching strategy from detached to instant
2026-02-17T09:44:45.014Z expo:telemetry Recording 1 event(s)
2026-02-17T09:44:45.019Z expo:env Loaded environment variables from: /Users/clisamax/Documents/GITHUB/FormCam/.env
2026-02-17T09:44:45.019Z expo:env /Users/clisamax/Documents/GITHUB/FormCam/.env.development does not exist, skipping this env file
2026-02-17T09:44:45.019Z expo:env /Users/clisamax/Documents/GITHUB/FormCam/.env.local does not exist, skipping this env file
2026-02-17T09:44:45.019Z expo:env /Users/clisamax/Documents/GITHUB/FormCam/.env.development.local does not exist, skipping this env file
env: load .env
env: export EXPO_PUBLIC_API_URL EXPO_PUBLIC_IMMICH_URL EXPO_PUBLIC_IMMICH_API_KEY
2026-02-17T09:44:45.096Z expo:utils:scheme ios application Info.plist path: FormCam/Info.plist
2026-02-17T09:44:45.100Z expo:utils:scheme ios application schemes: [ 'formcam', 'com.clisamax.FormCam', 'exp+formcam' ]
2026-02-17T09:44:45.113Z expo:utils:scheme expected error collecting android application schemes for the main activity: TypeError: Cannot read properties of null (reading 'manifest')
    at isManifest (/Users/clisamax/Documents/GITHUB/FormCam/node_modules/@expo/config-plugins/build/android/Manifest.js:73:16)
    at Object.readAndroidManifestAsync (/Users/clisamax/Documents/GITHUB/FormCam/node_modules/@expo/config-plugins/build/android/Manifest.js:66:8)
    at async getSchemesForAndroidAsync (/Users/clisamax/Documents/GITHUB/FormCam/node_modules/@expo/cli/build/src/utils/scheme.js:155:26)
    at async Promise.all (index 1)
    at async getOptionalDevClientSchemeAsync (/Users/clisamax/Documents/GITHUB/FormCam/node_modules/@expo/cli/build/src/utils/scheme.js:182:28)
    at async resolveSchemeAsync (/Users/clisamax/Documents/GITHUB/FormCam/node_modules/@expo/cli/build/src/start/resolveOptions.js:99:32)
    at async resolveOptionsAsync (/Users/clisamax/Documents/GITHUB/FormCam/node_modules/@expo/cli/build/src/start/resolveOptions.js:70:20)
    at async expoStart (/Users/clisamax/Documents/GITHUB/FormCam/node_modules/@expo/cli/build/src/start/index.js:140:21)
Starting project at /Users/clisamax/Documents/GITHUB/FormCam
2026-02-17T09:44:45.160Z expo:utils:fileNotifier Observing /Users/clisamax/Documents/GITHUB/FormCam/babel.config.js
2026-02-17T09:44:45.251Z expo:start:server:devServer Stopping dev server (bundler: metro)
2026-02-17T09:44:45.251Z expo:start:server:devServer Stopped dev server (bundler: metro)
Using src/app as the root directory for Expo Router.
2026-02-17T09:44:45.471Z expo:metro:config react-native-reanimated package.json: /Users/clisamax/Documents/GITHUB/FormCam/node_modules/react-native-reanimated/package.json
2026-02-17T09:44:45.475Z expo:metro:config react-native-reanimated package.json: /Users/clisamax/Documents/GITHUB/FormCam/node_modules/react-native-reanimated/package.json

Expo Metro config:
- Version: 54.0.14
- Extensions: ts, tsx, mjs, js, jsx, json, cjs, scss, sass, css
- React Native: /Users/clisamax/Documents/GITHUB/FormCam/node_modules/react-native
- Watch Folders: 
- Node Module Paths: 
- Sass: null
- Reanimated: 3.17.5
- Worklets: null
- Babel Runtime: null


Expo Metro config:
- Version: 54.0.14
- Extensions: ts, tsx, mjs, js, jsx, json, cjs, scss, sass, css
- React Native: /Users/clisamax/Documents/GITHUB/FormCam/node_modules/react-native
- Watch Folders: 
- Node Module Paths: 
- Sass: null
- Reanimated: 3.17.5
- Worklets: null
- Babel Runtime: null

2026-02-17T09:44:45.567Z expo:metro:withMetroResolvers Appending 8 custom resolvers to Metro config. (has custom resolver: false)
2026-02-17T09:44:45.589Z expo:start:server:urlCreator URL: http://127.0.0.1:8081
Metro is running in CI mode, reloads are disabled. Remove CI=true to enable watch mode.
Starting Metro Bundler
warning: Bundler cache is empty, rebuilding (this may take a minute)
2026-02-17T09:44:45.692Z expo:start:server:middleware:serveStatic Serving static files from: /Users/clisamax/Documents/GITHUB/FormCam/public
2026-02-17T09:44:45.809Z expo:start:server:urlCreator URL: http://192.168.0.6:8081
2026-02-17T09:44:45.809Z expo:start:server:urlCreator Dev client URL: exp+formcam://expo-development-client/?url=http%3A%2F%2F192.168.0.6%3A8081 -- manifestUrl: http://192.168.0.6:8081 -- {}
2026-02-17T09:44:45.810Z expo:start:server:developmentSession This project will not be suggested in Expo Go or Dev Clients because Expo CLI is running in CI.
2026-02-17T09:44:45.810Z expo:utils:fileNotifier Observing /Users/clisamax/Documents/GITHUB/FormCam/metro.config.js
2026-02-17T09:44:45.811Z expo:start:server:metro:waitForTypescript Watching file changes: [
  '/Users/clisamax/Documents/GITHUB/FormCam/.env.development.local',
  '/Users/clisamax/Documents/GITHUB/FormCam/.env.local',
  '/Users/clisamax/Documents/GITHUB/FormCam/.env.development',
  '/Users/clisamax/Documents/GITHUB/FormCam/.env'
]
2026-02-17T09:44:45.811Z expo:doctor:typescriptSupport Ensuring TypeScript support is setup
2026-02-17T09:44:45.815Z expo:doctor:apple:simulatorApp Simulator app id: com.apple.iphonesimulator
2026-02-17T09:44:45.827Z expo:doctor:dependencies:getMissingPackages Required package "typescript" found (no version constraint specified).
2026-02-17T09:44:45.827Z expo:doctor:dependencies:getMissingPackages Required package "@types/react" found (no version constraint specified).
2026-02-17T09:44:45.829Z expo:typed-routes Ensuring typed routes side-effects are setup (experiments.typedRoutes: true, typesDirectory: /Users/clisamax/Documents/GITHUB/FormCam/.expo/types)
Waiting on http://localhost:8081
Logs for your project will appear below.
2026-02-17T09:44:45.834Z expo:start:server:metro:metroWatchTypeScriptFiles Waiting for TypeScript files to be added to the project...
[2026-02-17 06:44:54] ✅ Metro sinalizou prontidão (READY)!
[2026-02-17 06:44:54] ✅ Cache reconstruído/aquecido com sucesso (tempo: 10s).
[2026-02-17 06:44:54]    • RAM‑disk desmontado (sudo)
[2026-02-17 06:44:54] 🔧 Atualizando Pods…
Using Expo modules
[Expo] Enabling modular headers for pod ExpoModulesCore
[Expo] Enabling modular headers for pod React-RCTAppDelegate
[Expo] Enabling modular headers for pod React-RCTFabric
[Expo] Enabling modular headers for pod ReactAppDependencyProvider
[Expo] Enabling modular headers for pod React-Core
[Expo] Enabling modular headers for pod RCT-Folly
[Expo] Enabling modular headers for pod glog
[Expo] Enabling modular headers for pod ReactCodegen
[Expo] Enabling modular headers for pod RCTRequired
[Expo] Enabling modular headers for pod RCTTypeSafety
[Expo] Enabling modular headers for pod ReactCommon
[Expo] Enabling modular headers for pod React-NativeModulesApple
[Expo] Enabling modular headers for pod Yoga
[Expo] Enabling modular headers for pod React-Fabric
[Expo] Enabling modular headers for pod React-graphics
[Expo] Enabling modular headers for pod React-utils
[Expo] Enabling modular headers for pod React-featureflags
[Expo] Enabling modular headers for pod React-debug
[Expo] Enabling modular headers for pod React-ImageManager
[Expo] Enabling modular headers for pod React-rendererdebug
[Expo] Enabling modular headers for pod DoubleConversion
[Expo] Enabling modular headers for pod React-jsi
[Expo] Enabling modular headers for pod React-renderercss
[Expo] Enabling modular headers for pod hermes-engine
[Expo] Enabling modular headers for pod React-hermes
[Expo] Enabling modular headers for pod ZXingObjC
[Expo] Enabling modular headers for pod expo-dev-menu-interface
[Expo] Enabling modular headers for pod EXManifests
[Expo] Enabling modular headers for pod EXUpdatesInterface
[Expo] Enabling modular headers for pod expo-dev-menu
[Expo] Enabling modular headers for pod React-jsinspector
[Expo] Enabling modular headers for pod expo-dev-launcher
[Expo] Enabling modular headers for pod EXImageLoader
[Expo] Enabling modular headers for pod SDWebImageWebPCoder
[Expo] Enabling modular headers for pod EXStructuredHeaders
[Expo] Enabling modular headers for pod EASClient
[Expo] Enabling modular headers for pod ReachabilitySwift
Found 9 modules for target `FormCam`
link_native_modules! {:ios_packages=>[{:configurations=>[], :name=>"@react-native-async-storage/async-storage", :root=>"/Users/clisamax/Documents/GITHUB/FormCam/node_modules/@react-native-async-storage/async-storage", :path=>"../node_modules/@react-native-async-storage/async-storage", :podspec_path=>"/Users/clisamax/Documents/GITHUB/FormCam/node_modules/@react-native-async-storage/async-storage/RNCAsyncStorage.podspec", :script_phases=>[]}, {:configurations=>[], :name=>"@react-native-community/datetimepicker", :root=>"/Users/clisamax/Documents/GITHUB/FormCam/node_modules/@react-native-community/datetimepicker", :path=>"../node_modules/@react-native-community/datetimepicker", :podspec_path=>"/Users/clisamax/Documents/GITHUB/FormCam/node_modules/@react-native-community/datetimepicker/RNDateTimePicker.podspec", :script_phases=>[]}, {:configurations=>[], :name=>"@react-native-community/netinfo", :root=>"/Users/clisamax/Documents/GITHUB/FormCam/node_modules/@react-native-community/netinfo", :path=>"../node_modules/@react-native-community/netinfo", :podspec_path=>"/Users/clisamax/Documents/GITHUB/FormCam/node_modules/@react-native-community/netinfo/react-native-netinfo.podspec", :script_phases=>[]}, {:configurations=>[], :name=>"expo", :root=>"/Users/clisamax/Documents/GITHUB/FormCam/node_modules/expo", :path=>"../node_modules/expo", :podspec_path=>"/Users/clisamax/Documents/GITHUB/FormCam/node_modules/expo/Expo.podspec", :script_phases=>[]}, {:configurations=>[], :name=>"react-native-gesture-handler", :root=>"/Users/clisamax/Documents/GITHUB/FormCam/node_modules/react-native-gesture-handler", :path=>"../node_modules/react-native-gesture-handler", :podspec_path=>"/Users/clisamax/Documents/GITHUB/FormCam/node_modules/react-native-gesture-handler/RNGestureHandler.podspec", :script_phases=>[]}, {:configurations=>[], :name=>"react-native-reanimated", :root=>"/Users/clisamax/Documents/GITHUB/FormCam/node_modules/react-native-reanimated", :path=>"../node_modules/react-native-reanimated", :podspec_path=>"/Users/clisamax/Documents/GITHUB/FormCam/node_modules/react-native-reanimated/RNReanimated.podspec", :script_phases=>[]}, {:configurations=>[], :name=>"react-native-safe-area-context", :root=>"/Users/clisamax/Documents/GITHUB/FormCam/node_modules/react-native-safe-area-context", :path=>"../node_modules/react-native-safe-area-context", :podspec_path=>"/Users/clisamax/Documents/GITHUB/FormCam/node_modules/react-native-safe-area-context/react-native-safe-area-context.podspec", :script_phases=>[]}, {:configurations=>[], :name=>"react-native-screens", :root=>"/Users/clisamax/Documents/GITHUB/FormCam/node_modules/react-native-screens", :path=>"../node_modules/react-native-screens", :podspec_path=>"/Users/clisamax/Documents/GITHUB/FormCam/node_modules/react-native-screens/RNScreens.podspec", :script_phases=>[]}, {:configurations=>[], :name=>"react-native-vector-icons", :root=>"/Users/clisamax/Documents/GITHUB/FormCam/node_modules/react-native-vector-icons", :path=>"../node_modules/react-native-vector-icons", :podspec_path=>"/Users/clisamax/Documents/GITHUB/FormCam/node_modules/react-native-vector-icons/RNVectorIcons.podspec", :script_phases=>[]}], :ios_project_root_path=>"/Users/clisamax/Documents/GITHUB/FormCam/ios", :react_native_path=>"../node_modules/react-native"}
Auto-linking React Native modules for target `FormCam`: RNCAsyncStorage, RNDateTimePicker, RNGestureHandler, RNReanimated, RNScreens, RNVectorIcons, react-native-netinfo, and react-native-safe-area-context
Framework build type is static library
Configuring the target with the New Architecture
[36m[1m[Codegen][0m Analyzing /Users/clisamax/Documents/GITHUB/FormCam/package.json[0m
[36m[1m[Codegen][0m [33mSearching for codegen-enabled libraries in the app.[0m
[36m[1m[Codegen][0m [33mThe "codegenConfig" field is not defined in package.json. Assuming there is nothing to generate at the app level.[0m
[36m[1m[Codegen][0m [33mSearching for codegen-enabled libraries in the project dependencies.[0m
[36m[1m[Codegen][0m Found @react-native-async-storage/async-storage[0m
[36m[1m[Codegen][0m Found @react-native-community/datetimepicker[0m
[36m[1m[Codegen][0m Found expo-media-library[0m
[36m[1m[Codegen][0m Found react-native[0m
[36m[1m[Codegen][0m Found react-native-gesture-handler[0m
[36m[1m[Codegen][0m Found react-native-reanimated[0m
[36m[1m[Codegen][0m Found react-native-safe-area-context[0m
[36m[1m[Codegen][0m Found react-native-screens[0m
[36m[1m[Codegen][0m Found react-native-vector-icons[0m
[36m[1m[Codegen][0m [33mSearching for codegen-enabled libraries in react-native.config.js[0m
[36m[1m[Codegen][0m Processing rnasyncstorage[0m
[36m[1m[Codegen][0m [33mSearching for podspec in the project dependencies.[0m
[36m[1m[Codegen][0m Supported Apple platforms: ios, macos, tvos, visionos for rnasyncstorage[0m
[36m[1m[Codegen][0m Processing RNDateTimePickerCGen[0m
[36m[1m[Codegen][0m [33mSearching for podspec in the project dependencies.[0m
[36m[1m[Codegen][0m Supported Apple platforms: ios, visionos for RNDateTimePickerCGen[0m
[36m[1m[Codegen][0m Processing expo-media-library[0m
[36m[1m[Codegen][0m [33mSearching for podspec in the project dependencies.[0m
[36m[1m[Codegen][0m Processing FBReactNativeSpec[0m
[36m[1m[Codegen][0m [33mSearching for podspec in the project dependencies.[0m
[36m[1m[Codegen][0m Processing rncore[0m
[36m[1m[Codegen][0m [33mSearching for podspec in the project dependencies.[0m
[36m[1m[Codegen][0m Processing rngesturehandler_codegen[0m
[36m[1m[Codegen][0m [33mSearching for podspec in the project dependencies.[0m
[36m[1m[Codegen][0m Supported Apple platforms: ios, macos, tvos, visionos for rngesturehandler_codegen[0m
[36m[1m[Codegen][0m Processing rnreanimated[0m
[36m[1m[Codegen][0m [33mSearching for podspec in the project dependencies.[0m
[36m[1m[Codegen][0m Supported Apple platforms: ios, macos, tvos, visionos for rnreanimated[0m
[36m[1m[Codegen][0m Processing safeareacontext[0m
[36m[1m[Codegen][0m [33mSearching for podspec in the project dependencies.[0m
[36m[1m[Codegen][0m Supported Apple platforms: ios, macos, tvos, visionos for safeareacontext[0m
[36m[1m[Codegen][0m Processing rnscreens[0m
[36m[1m[Codegen][0m [33mSearching for podspec in the project dependencies.[0m
[36m[1m[Codegen][0m Supported Apple platforms: ios, tvos, visionos for rnscreens[0m
[36m[1m[Codegen][0m Processing RNVectorIconsSpec[0m
[36m[1m[Codegen][0m [33mSearching for podspec in the project dependencies.[0m
[36m[1m[Codegen][0m Supported Apple platforms: ios, tvos, visionos for RNVectorIconsSpec[0m
[36m[1m[Codegen][0m Generating Native Code for rnasyncstorage - ios[0m
[36m[1m[Codegen][0m Generated artifacts: /Users/clisamax/Documents/GITHUB/FormCam/ios/build/generated/ios[0m
[36m[1m[Codegen][0m Generating Native Code for RNDateTimePickerCGen - ios[0m
[36m[1m[Codegen][0m Generated artifacts: /Users/clisamax/Documents/GITHUB/FormCam/ios/build/generated/ios[0m
[36m[1m[Codegen][0m Generating Native Code for expo-media-library - ios[0m
[36m[1m[Codegen][0m Generated artifacts: /Users/clisamax/Documents/GITHUB/FormCam/ios/build/generated/ios[0m
[36m[1m[Codegen][0m [33m[Codegen - FBReactNativeSpec] Skipping iOS code generation for FBReactNativeSpec as it has been generated already.[0m
[36m[1m[Codegen][0m [33m[Codegen - rncore] Skipping iOS code generation for rncore as it has been generated already.[0m
[36m[1m[Codegen][0m Generating Native Code for rngesturehandler_codegen - ios[0m
[36m[1m[Codegen][0m Generated artifacts: /Users/clisamax/Documents/GITHUB/FormCam/ios/build/generated/ios[0m
[36m[1m[Codegen][0m Generating Native Code for rnreanimated - ios[0m
[36m[1m[Codegen][0m Generated artifacts: /Users/clisamax/Documents/GITHUB/FormCam/ios/build/generated/ios[0m
[36m[1m[Codegen][0m Generating Native Code for safeareacontext - ios[0m
[36m[1m[Codegen][0m Generated artifacts: /Users/clisamax/Documents/GITHUB/FormCam/ios/build/generated/ios[0m
[36m[1m[Codegen][0m Generating Native Code for rnscreens - ios[0m
[36m[1m[Codegen][0m Generated artifacts: /Users/clisamax/Documents/GITHUB/FormCam/ios/build/generated/ios[0m
[36m[1m[Codegen][0m Generating Native Code for RNVectorIconsSpec - ios[0m
[36m[1m[Codegen][0m Generated artifacts: /Users/clisamax/Documents/GITHUB/FormCam/ios/build/generated/ios[0m
[36m[1m[Codegen][0m Generating RCTThirdPartyComponentsProvider.h[0m
[36m[1m[Codegen][0m Generated artifact: /Users/clisamax/Documents/GITHUB/FormCam/ios/build/generated/ios/RCTThirdPartyComponentsProvider.h[0m
[36m[1m[Codegen][0m Generating RCTThirdPartyComponentsProvider.mm[0m
[36m[1m[Codegen][0m Crawling @react-native-community/datetimepicker library for components[0m
[36m[1m[Codegen][0m Match found RNDateTimePicker -> RNDateTimePickerComponentView[0m
[36m[1m[Codegen][0m [33m[DEPRECATED] @react-native-community/datetimepicker should add the 'ios.componentProvider' property in their codegenConfig[0m
[36m[1m[Codegen][0m Generated artifact: /Users/clisamax/Documents/GITHUB/FormCam/ios/build/generated/ios/RCTThirdPartyComponentsProvider.mm[0m
[36m[1m[Codegen][0m Generating RCTModulesProvider.h[0m
[36m[1m[Codegen][0m Generated artifact: /Users/clisamax/Documents/GITHUB/FormCam/ios/build/generated/ios/RCTModuleProviders.h[0m
[36m[1m[Codegen][0m Generating RCTModuleProviders.mm[0m
[36m[1m[Codegen][0m Generated artifact: /Users/clisamax/Documents/GITHUB/FormCam/ios/build/generated/ios/RCTModuleProviders.mm[0m
[36m[1m[Codegen][0m Generating RCTAppDependencyProvider[0m
[36m[1m[Codegen][0m Generated artifact: /Users/clisamax/Documents/GITHUB/FormCam/ios/build/generated/ios/RCTAppDependencyProvider.h[0m
[36m[1m[Codegen][0m Generated artifact: /Users/clisamax/Documents/GITHUB/FormCam/ios/build/generated/ios/RCTAppDependencyProvider.mm[0m
[36m[1m[Codegen][0m Generated podspec: /Users/clisamax/Documents/GITHUB/FormCam/ios/build/generated/ios/ReactAppDependencyProvider.podspec[0m
[36m[1m[Codegen][0m Generated podspec: /Users/clisamax/Documents/GITHUB/FormCam/ios/build/generated/ios/ReactCodegen.podspec[0m
[36m[1m[Codegen][0m [33mDone.[0m
No modules to process in combine-js-to-schema-cli. If this is unexpected, please check if you set up your NativeComponent correctly. See combine-js-to-schema.js for how codegen finds modules.
Updating local specs repositories
Analyzing dependencies
Downloading dependencies
Generating Pods project
Setting USE_HERMES build settings
Setting REACT_NATIVE_PATH build settings
Setting SWIFT_ACTIVE_COMPILATION_CONDITIONS build settings
[Ccache]: Removing Ccache from CC, LD, CXX & LDPLUSPLUS build settings
[SPM] Cleaning old SPM dependencies from Pods project
[SPM] Adding SPM dependencies to Pods project
[Privacy Manifest Aggregation] Appending aggregated reasons to existing PrivacyInfo.xcprivacy file.
[Privacy Manifest Aggregation] Reading .xcprivacy files to aggregate all used Required Reason APIs.
Setting CLANG_CXX_LANGUAGE_STANDARD to c++20 on /Users/clisamax/Documents/GITHUB/FormCam/ios/FormCam.xcodeproj

==================== DEPRECATION NOTICE =====================
Calling `pod install` directly is deprecated in React Native
because we are moving away from Cocoapods toward alternative
solutions to build the project.
* If you are using Expo, please run:
`npx expo run:ios`
* If you are using the Community CLI, please run:
`yarn ios`
=============================================================

Pod install took 9 [s] to run
Integrating client project
Pod installation complete! There are 106 dependencies from the Podfile and 110 total pods installed.
[Expo] Adding '[Expo Autolinking] Run Codegen with autolinking' build phase to ReactCodegen

[!] Can't merge pod_target_xcconfig for pod targets: ["expo-dev-menu", "Main", "ReactNativeCompatibles", "SafeAreaView", "Vendored"]. Singular build setting DEFINES_MODULE has different values.

[!] Can't merge pod_target_xcconfig for pod targets: ["expo-dev-menu", "Main", "ReactNativeCompatibles", "SafeAreaView", "Vendored"]. Singular build setting DEFINES_MODULE has different values.
[2026-02-17 06:45:05] ✅ Pods instalados
[2026-02-17 06:45:05] ✅ Dispositivo pré‑definido: 00008120-000A7C400A05A01E
[2026-02-17 06:45:05] ✅ Dispositivo selecionado: 00008120-000A7C400A05A01E
[2026-02-17 06:45:05] 🛠️ Iniciando build iOS com Expo…
[2026-02-17 06:45:06] 🔗 Tentando parear o dispositivo via idevicepair...
[2026-02-17 06:45:06] 🔄 Reiniciando daemon usbmuxd (sudo killall -9)…
[2026-02-17 06:45:11] ⏳ Aguardando o Xcode reconhecer o UDID… (5s)
[2026-02-17 06:45:17] ⏳ Aguardando o Xcode reconhecer o UDID… (10s)
[2026-02-17 06:45:24] ✅ UDID 00008120-000A7C400A05A01E agora visível para o Xcode (após 10s).
[2026-02-17 06:45:24]    • Executando: /Users/clisamax/Documents/GITHUB/FormCam/node_modules/.bin/expo
run:ios
--device
00008120-000A7C400A05A01E
--non-interactive
  --non-interactive is not supported, use $CI=1 instead
2026-02-17T09:45:24.319Z expo:telemetry Switching strategy from detached to instant
2026-02-17T09:45:24.348Z expo:telemetry Recording 1 event(s)
2026-02-17T09:45:24.478Z expo:env Loaded environment variables from: /Users/clisamax/Documents/GITHUB/FormCam/.env
2026-02-17T09:45:24.478Z expo:env /Users/clisamax/Documents/GITHUB/FormCam/.env.development does not exist, skipping this env file
2026-02-17T09:45:24.478Z expo:env /Users/clisamax/Documents/GITHUB/FormCam/.env.local does not exist, skipping this env file
2026-02-17T09:45:24.478Z expo:env /Users/clisamax/Documents/GITHUB/FormCam/.env.development.local does not exist, skipping this env file
env: load .env
env: export EXPO_PUBLIC_API_URL EXPO_PUBLIC_IMMICH_URL EXPO_PUBLIC_IMMICH_API_KEY
- Installing CocoaPods...
> pod install
- Installing CocoaPods...
Using Expo modules
[34m[Expo] [0mEnabling modular headers for pod [32mExpoModulesCore[0m
[34m[Expo] [0mEnabling modular headers for pod [32mReact-RCTAppDelegate[0m
[34m[Expo] [0mEnabling modular headers for pod [32mReact-RCTFabric[0m
[34m[Expo] [0mEnabling modular headers for pod [32mReactAppDependencyProvider[0m
[34m[Expo] [0mEnabling modular headers for pod [32mReact-Core[0m
[34m[Expo] [0mEnabling modular headers for pod [32mRCT-Folly[0m
[34m[Expo] [0mEnabling modular headers for pod [32mglog[0m
[34m[Expo] [0mEnabling modular headers for pod [32mReactCodegen[0m
[34m[Expo] [0mEnabling modular headers for pod [32mRCTRequired[0m
[34m[Expo] [0mEnabling modular headers for pod [32mRCTTypeSafety[0m
[34m[Expo] [0mEnabling modular headers for pod [32mReactCommon[0m
[34m[Expo] [0mEnabling modular headers for pod [32mReact-NativeModulesApple[0m
[34m[Expo] [0mEnabling modular headers for pod [32mYoga[0m
[34m[Expo] [0mEnabling modular headers for pod [32mReact-Fabric[0m
[34m[Expo] [0mEnabling modular headers for pod [32mReact-graphics[0m
[34m[Expo] [0mEnabling modular headers for pod [32mReact-utils[0m
[34m[Expo] [0mEnabling modular headers for pod [32mReact-featureflags[0m
[34m[Expo] [0mEnabling modular headers for pod [32mReact-debug[0m
[34m[Expo] [0mEnabling modular headers for pod [32mReact-ImageManager[0m
[34m[Expo] [0mEnabling modular headers for pod [32mReact-rendererdebug[0m
[34m[Expo] [0mEnabling modular headers for pod [32mDoubleConversion[0m
[34m[Expo] [0mEnabling modular headers for pod [32mReact-jsi[0m
[34m[Expo] [0mEnabling modular headers for pod [32mReact-renderercss[0m
[34m[Expo] [0mEnabling modular headers for pod [32mhermes-engine[0m
[34m[Expo] [0mEnabling modular headers for pod [32mReact-hermes[0m
[34m[Expo] [0mEnabling modular headers for pod [32mZXingObjC[0m
[34m[Expo] [0mEnabling modular headers for pod [32mexpo-dev-menu-interface[0m
[34m[Expo] [0mEnabling modular headers for pod [32mEXManifests[0m
[34m[Expo] [0mEnabling modular headers for pod [32mEXUpdatesInterface[0m
[34m[Expo] [0mEnabling modular headers for pod [32mexpo-dev-menu[0m
[34m[Expo] [0mEnabling modular headers for pod [32mReact-jsinspector[0m
[34m[Expo] [0mEnabling modular headers for pod [32mexpo-dev-launcher[0m
[34m[Expo] [0mEnabling modular headers for pod [32mEXImageLoader[0m
[34m[Expo] [0mEnabling modular headers for pod [32mSDWebImageWebPCoder[0m
[34m[Expo] [0mEnabling modular headers for pod [32mEXStructuredHeaders[0m
[34m[Expo] [0mEnabling modular headers for pod [32mEASClient[0m
[34m[Expo] [0mEnabling modular headers for pod [32mReachabilitySwift[0m
Found 9 modules for target `FormCam`
link_native_modules! {:ios_packages=>[{:configurations=>[], :name=>"@react-native-async-storage/async-storage", :root=>"/Users/clisamax/Documents/GITHUB/FormCam/node_modules/@react-native-async-storage/async-storage", :path=>"../node_modules/@react-native-async-storage/async-storage", :podspec_path=>"/Users/clisamax/Documents/GITHUB/FormCam/node_modules/@react-native-async-storage/async-storage/RNCAsyncStorage.podspec", :script_phases=>[]}, {:configurations=>[], :name=>"@react-native-community/datetimepicker", :root=>"/Users/clisamax/Documents/GITHUB/FormCam/node_modules/@react-native-community/datetimepicker", :path=>"../node_modules/@react-native-community/datetimepicker", :podspec_path=>"/Users/clisamax/Documents/GITHUB/FormCam/node_modules/@react-native-community/datetimepicker/RNDateTimePicker.podspec", :script_phases=>[]}, {:configurations=>[], :name=>"@react-native-community/netinfo", :root=>"/Users/clisamax/Documents/GITHUB/FormCam/node_modules/@react-native-community/netinfo", :path=>"../node_modules/@react-native-community/netinfo", :podspec_path=>"/Users/clisamax/Documents/GITHUB/FormCam/node_modules/@react-native-community/netinfo/react-native-netinfo.podspec", :script_phases=>[]}, {:configurations=>[], :name=>"expo", :root=>"/Users/clisamax/Documents/GITHUB/FormCam/node_modules/expo", :path=>"../node_modules/expo", :podspec_path=>"/Users/clisamax/Documents/GITHUB/FormCam/node_modules/expo/Expo.podspec", :script_phases=>[]}, {:configurations=>[], :name=>"react-native-gesture-handler", :root=>"/Users/clisamax/Documents/GITHUB/FormCam/node_modules/react-native-gesture-handler", :path=>"../node_modules/react-native-gesture-handler", :podspec_path=>"/Users/clisamax/Documents/GITHUB/FormCam/node_modules/react-native-gesture-handler/RNGestureHandler.podspec", :script_phases=>[]}, {:configurations=>[], :name=>"react-native-reanimated", :root=>"/Users/clisamax/Documents/GITHUB/FormCam/node_modules/react-native-reanimated", :path=>"../node_modules/react-native-reanimated", :podspec_path=>"/Users/clisamax/Documents/GITHUB/FormCam/node_modules/react-native-reanimated/RNReanimated.podspec", :script_phases=>[]}, {:configurations=>[], :name=>"react-native-safe-area-context", :root=>"/Users/clisamax/Documents/GITHUB/FormCam/node_modules/react-native-safe-area-context", :path=>"../node_modules/react-native-safe-area-context", :podspec_path=>"/Users/clisamax/Documents/GITHUB/FormCam/node_modules/react-native-safe-area-context/react-native-safe-area-context.podspec", :script_phases=>[]}, {:configurations=>[], :name=>"react-native-screens", :root=>"/Users/clisamax/Documents/GITHUB/FormCam/node_modules/react-native-screens", :path=>"../node_modules/react-native-screens", :podspec_path=>"/Users/clisamax/Documents/GITHUB/FormCam/node_modules/react-native-screens/RNScreens.podspec", :script_phases=>[]}, {:configurations=>[], :name=>"react-native-vector-icons", :root=>"/Users/clisamax/Documents/GITHUB/FormCam/node_modules/react-native-vector-icons", :path=>"../node_modules/react-native-vector-icons", :podspec_path=>"/Users/clisamax/Documents/GITHUB/FormCam/node_modules/react-native-vector-icons/RNVectorIcons.podspec", :script_phases=>[]}], :ios_project_root_path=>"/Users/clisamax/Documents/GITHUB/FormCam/ios", :react_native_path=>"../node_modules/react-native"}
Auto-linking React Native modules for target `FormCam`: RNCAsyncStorage, RNDateTimePicker, RNGestureHandler, RNReanimated, RNScreens, RNVectorIcons, react-native-netinfo, and react-native-safe-area-context
Framework build type is static library
Configuring the target with the New Architecture
[36m[1m[Codegen][0m Analyzing /Users/clisamax/Documents/GITHUB/FormCam/package.json[0m
[36m[1m[Codegen][0m [33mSearching for codegen-enabled libraries in the app.[0m
[36m[1m[Codegen][0m [33mThe "codegenConfig" field is not defined in package.json. Assuming there is nothing to generate at the app level.[0m
[36m[1m[Codegen][0m [33mSearching for codegen-enabled libraries in the project dependencies.[0m
[36m[1m[Codegen][0m Found @react-native-async-storage/async-storage[0m
[36m[1m[Codegen][0m Found @react-native-community/datetimepicker[0m
[36m[1m[Codegen][0m Found expo-media-library[0m
[36m[1m[Codegen][0m Found react-native[0m
[36m[1m[Codegen][0m Found react-native-gesture-handler[0m
[36m[1m[Codegen][0m Found react-native-reanimated[0m
[36m[1m[Codegen][0m Found react-native-safe-area-context[0m
[36m[1m[Codegen][0m Found react-native-screens[0m
[36m[1m[Codegen][0m Found react-native-vector-icons[0m
[36m[1m[Codegen][0m [33mSearching for codegen-enabled libraries in react-native.config.js[0m
[36m[1m[Codegen][0m Processing rnasyncstorage[0m
[36m[1m[Codegen][0m [33mSearching for podspec in the project dependencies.[0m
[36m[1m[Codegen][0m Supported Apple platforms: ios, macos, tvos, visionos for rnasyncstorage[0m
[36m[1m[Codegen][0m Processing RNDateTimePickerCGen[0m
[36m[1m[Codegen][0m [33mSearching for podspec in the project dependencies.[0m
[36m[1m[Codegen][0m Supported Apple platforms: ios, visionos for RNDateTimePickerCGen[0m
[36m[1m[Codegen][0m Processing expo-media-library[0m
[36m[1m[Codegen][0m [33mSearching for podspec in the project dependencies.[0m
[36m[1m[Codegen][0m Processing FBReactNativeSpec[0m
[36m[1m[Codegen][0m [33mSearching for podspec in the project dependencies.[0m
[36m[1m[Codegen][0m Processing rncore[0m
[36m[1m[Codegen][0m [33mSearching for podspec in the project dependencies.[0m
[36m[1m[Codegen][0m Processing rngesturehandler_codegen[0m
[36m[1m[Codegen][0m [33mSearching for podspec in the project dependencies.[0m
[36m[1m[Codegen][0m Supported Apple platforms: ios, macos, tvos, visionos for rngesturehandler_codegen[0m
[36m[1m[Codegen][0m Processing rnreanimated[0m
[36m[1m[Codegen][0m [33mSearching for podspec in the project dependencies.[0m
[36m[1m[Codegen][0m Supported Apple platforms: ios, macos, tvos, visionos for rnreanimated[0m
[36m[1m[Codegen][0m Processing safeareacontext[0m
[36m[1m[Codegen][0m [33mSearching for podspec in the project dependencies.[0m
[36m[1m[Codegen][0m Supported Apple platforms: ios, macos, tvos, visionos for safeareacontext[0m
[36m[1m[Codegen][0m Processing rnscreens[0m
[36m[1m[Codegen][0m [33mSearching for podspec in the project dependencies.[0m
[36m[1m[Codegen][0m Supported Apple platforms: ios, tvos, visionos for rnscreens[0m
[36m[1m[Codegen][0m Processing RNVectorIconsSpec[0m
[36m[1m[Codegen][0m [33mSearching for podspec in the project dependencies.[0m
[36m[1m[Codegen][0m Supported Apple platforms: ios, tvos, visionos for RNVectorIconsSpec[0m
[36m[1m[Codegen][0m Generating Native Code for rnasyncstorage - ios[0m
[36m[1m[Codegen][0m Generated artifacts: /Users/clisamax/Documents/GITHUB/FormCam/ios/build/generated/ios[0m
[36m[1m[Codegen][0m Generating Native Code for RNDateTimePickerCGen - ios[0m
[36m[1m[Codegen][0m Generated artifacts: /Users/clisamax/Documents/GITHUB/FormCam/ios/build/generated/ios[0m
[36m[1m[Codegen][0m Generating Native Code for expo-media-library - ios[0m
[36m[1m[Codegen][0m Generated artifacts: /Users/clisamax/Documents/GITHUB/FormCam/ios/build/generated/ios[0m
[36m[1m[Codegen][0m [33m[Codegen - FBReactNativeSpec] Skipping iOS code generation for FBReactNativeSpec as it has been generated already.[0m
[36m[1m[Codegen][0m [33m[Codegen - rncore] Skipping iOS code generation for rncore as it has been generated already.[0m
[36m[1m[Codegen][0m Generating Native Code for rngesturehandler_codegen - ios[0m
[36m[1m[Codegen][0m Generated artifacts: /Users/clisamax/Documents/GITHUB/FormCam/ios/build/generated/ios[0m
[36m[1m[Codegen][0m Generating Native Code for rnreanimated - ios[0m
[36m[1m[Codegen][0m Generated artifacts: /Users/clisamax/Documents/GITHUB/FormCam/ios/build/generated/ios[0m
[36m[1m[Codegen][0m Generating Native Code for safeareacontext - ios[0m
[36m[1m[Codegen][0m Generated artifacts: /Users/clisamax/Documents/GITHUB/FormCam/ios/build/generated/ios[0m
[36m[1m[Codegen][0m Generating Native Code for rnscreens - ios[0m
[36m[1m[Codegen][0m Generated artifacts: /Users/clisamax/Documents/GITHUB/FormCam/ios/build/generated/ios[0m
[36m[1m[Codegen][0m Generating Native Code for RNVectorIconsSpec - ios[0m
[36m[1m[Codegen][0m Generated artifacts: /Users/clisamax/Documents/GITHUB/FormCam/ios/build/generated/ios[0m
[36m[1m[Codegen][0m Generating RCTThirdPartyComponentsProvider.h[0m
[36m[1m[Codegen][0m Generated artifact: /Users/clisamax/Documents/GITHUB/FormCam/ios/build/generated/ios/RCTThirdPartyComponentsProvider.h[0m
[36m[1m[Codegen][0m Generating RCTThirdPartyComponentsProvider.mm[0m
[36m[1m[Codegen][0m Crawling @react-native-community/datetimepicker library for components[0m
[36m[1m[Codegen][0m Match found RNDateTimePicker -> RNDateTimePickerComponentView[0m
[36m[1m[Codegen][0m [33m[DEPRECATED] @react-native-community/datetimepicker should add the 'ios.componentProvider' property in their codegenConfig[0m
[36m[1m[Codegen][0m Generated artifact: /Users/clisamax/Documents/GITHUB/FormCam/ios/build/generated/ios/RCTThirdPartyComponentsProvider.mm[0m
[36m[1m[Codegen][0m Generating RCTModulesProvider.h[0m
[36m[1m[Codegen][0m Generated artifact: /Users/clisamax/Documents/GITHUB/FormCam/ios/build/generated/ios/RCTModuleProviders.h[0m
[36m[1m[Codegen][0m Generating RCTModuleProviders.mm[0m
[36m[1m[Codegen][0m Generated artifact: /Users/clisamax/Documents/GITHUB/FormCam/ios/build/generated/ios/RCTModuleProviders.mm[0m
[36m[1m[Codegen][0m Generating RCTAppDependencyProvider[0m
[36m[1m[Codegen][0m Generated artifact: /Users/clisamax/Documents/GITHUB/FormCam/ios/build/generated/ios/RCTAppDependencyProvider.h[0m
[36m[1m[Codegen][0m Generated artifact: /Users/clisamax/Documents/GITHUB/FormCam/ios/build/generated/ios/RCTAppDependencyProvider.mm[0m
[36m[1m[Codegen][0m Generated podspec: /Users/clisamax/Documents/GITHUB/FormCam/ios/build/generated/ios/ReactAppDependencyProvider.podspec[0m
[36m[1m[Codegen][0m Generated podspec: /Users/clisamax/Documents/GITHUB/FormCam/ios/build/generated/ios/ReactCodegen.podspec[0m
[36m[1m[Codegen][0m [33mDone.[0m
No modules to process in combine-js-to-schema-cli. If this is unexpected, please check if you set up your NativeComponent correctly. See combine-js-to-schema.js for how codegen finds modules.
Analyzing dependencies
Downloading dependencies
Generating Pods project
Setting USE_HERMES build settings
Setting REACT_NATIVE_PATH build settings
Setting SWIFT_ACTIVE_COMPILATION_CONDITIONS build settings
[Ccache]: Removing Ccache from CC, LD, CXX & LDPLUSPLUS build settings
[SPM] Cleaning old SPM dependencies from Pods project
[SPM] Adding SPM dependencies to Pods project
[Privacy Manifest Aggregation] Appending aggregated reasons to existing PrivacyInfo.xcprivacy file.
[Privacy Manifest Aggregation] Reading .xcprivacy files to aggregate all used Required Reason APIs.
Setting CLANG_CXX_LANGUAGE_STANDARD to c++20 on /Users/clisamax/Documents/GITHUB/FormCam/ios/FormCam.xcodeproj

[33m==================== DEPRECATION NOTICE =====================[0m
[33mCalling `pod install` directly is deprecated in React Native[0m
[33mbecause we are moving away from Cocoapods toward alternative[0m
[33msolutions to build the project.[0m
[33m* If you are using Expo, please run:[0m
[33m`npx expo run:ios`[0m
[33m* If you are using the Community CLI, please run:[0m
[33m`yarn ios`[0m
[33m=============================================================[0m

[32mPod install took 8 [s] to run[0m
Integrating client project
[32mPod installation complete! There are 106 dependencies from the Podfile and 110 total pods installed.[0m
[34m[Expo] [0mAdding '[Expo Autolinking] Run Codegen with autolinking' build phase to ReactCodegen
✔ Installed CocoaPods
2026-02-17T09:45:34.479Z expo:utils:getRunningProcess pid: 25414 for port: 8081
› Skipping dev server
Resolved port: 8081, start dev server: false
2026-02-17T09:45:34.691Z expo:doctor:apple:xcode Xcode version: 26.2.0
2026-02-17T09:45:34.783Z expo:doctor:apple:simulatorApp Simulator app id: com.apple.iphonesimulator
2026-02-17T09:45:34.975Z expo:start:platforms:ios:xcrun Running: xcrun devicectl list devices --json-output /var/folders/88/p03mzgs51pj3xpcnz_66wt_w0000gn/T/095836320d2e01945066dca7e0f6f7f5 --timeout 5
2026-02-17T09:45:34.987Z expo:apple-device:client:usbmuxd connectUsbmuxdSocket
2026-02-17T09:45:34.987Z expo:apple-device:client:usbmuxd getDevices
2026-02-17T09:45:34.987Z expo:apple-device:protocol:usbmux socket write: {"messageType":"ListDevices"}
2026-02-17T09:45:34.992Z expo:start:platforms:ios:xcrun Running: xcrun simctl list devices --json 
2026-02-17T09:45:35.005Z expo:apple-device:protocol:usbmux Response: {"DeviceList":[{"DeviceID":1,"MessageType":"Attached","Properties":{"ConnectionSpeed":480000000,"ConnectionType":"USB","DeviceID":1,"LocationID":18034944,"ProductID":4776,"SerialNumber":"00008120-000A7C400A05A01E","USBSerialNumber":"00008120000A7C400A05A01E"}}]}
2026-02-17T09:45:35.006Z expo:apple-device:client:usbmuxd connectUsbmuxdSocket
2026-02-17T09:45:35.006Z expo:apple-device:client:usbmuxd connect: 1 on port 62078
2026-02-17T09:45:35.006Z expo:apple-device:client:usbmuxd connect:device: {
  DeviceID: 1,
  MessageType: 'Attached',
  Properties: {
    ConnectionSpeed: 480000000,
    ConnectionType: 'USB',
    DeviceID: 1,
    LocationID: 18034944,
    ProductID: 4776,
    SerialNumber: '00008120-000A7C400A05A01E',
    USBSerialNumber: '00008120000A7C400A05A01E'
  }
}
2026-02-17T09:45:35.006Z expo:apple-device:protocol:usbmux socket write: {"messageType":"Connect","extraFields":{"DeviceID":1,"PortNumber":32498}}
2026-02-17T09:45:35.008Z expo:apple-device:protocol:usbmux Response: {"MessageType":"Result","Number":0}
2026-02-17T09:45:35.009Z expo:apple-device:client:usbmuxd connect:device:response: { MessageType: 'Result', Number: 0 }
2026-02-17T09:45:35.009Z expo:apple-device:client:lockdownd getAllValues
2026-02-17T09:45:35.009Z expo:apple-device:protocol:lockdown socket write: {"Request":"GetValue"}
2026-02-17T09:45:35.046Z expo:apple-device:protocol:lockdown Response: {"Request":"GetValue","Value":{"BasebandCertId":3452763205,"BasebandKeyHashInformation":{"AKeyStatus":2,"SKeyHash":{"type":"Buffer","data":[0,0,0,0,0,0,0,0,0,0,0,0,0,0,0,0,0,0,0,0,0,0,0,0,0,0,0,0,0,0,0,0]},"SKeyStatus":0},"BasebandSerialNumber":{"type":"Buffer","data":[143,94,102,97]},"BasebandVersion":"3.40.01","BoardId":8,"BuildVersion":"23D127","CPUArchitecture":"arm64e","ChipID":33056,"DeviceClass":"iPhone","DeviceColor":"1","DeviceName":"Clisamax","DieID":2951364254998558,"HardwareModel":"D37AP","HasSiDP":true,"HumanReadableProductVersionString":"26.3","PartitionType":"GUID_partition_scheme","ProductName":"iPhone OS","ProductType":"iPhone15,4","ProductVersion":"26.3","ProductionSOC":true,"ProtocolVersion":"2","SupportedDeviceFamilies":[1],"TelephonyCapability":true,"UniqueChipID":2951364254998558,"UniqueDeviceID":"00008120-000A7C400A05A01E","WiFiAddress":"64:0c:91:9b:23:5f"}}
2026-02-17T09:45:35.573Z expo:devicectl Name       Hostname                    Identifier                             State       Model                 
--------   -------------------------   ------------------------------------   ---------   ----------------------
Clisamax   Clisamax.coredevice.local   11E4F2EA-B358-5F8A-9E46-02B8272FF5F8   connected   iPhone 15 (iPhone15,4)

Unexpected devicectl JSON version output from devicectl. Connecting to physical Apple devices may not work as expected.
2026-02-17T09:45:35.574Z expo:start:platforms:ios:xcrun Running: xcrun simctl list devices --json 
2026-02-17T09:45:35.708Z expo:start:platforms:ios:getBestSimulator No booted simulator matching requirements (osType: iOS).
2026-02-17T09:45:35.717Z expo:start:platforms:ios:getBestSimulator Default simulator ID: D5DF3EE8-26EA-4003-ABA8-38929DE02097
2026-02-17T09:45:35.717Z expo:start:platforms:ios:xcrun Running: xcrun simctl list devices --json 
› Using --device 00008120-000A7C400A05A01E
› Auto signing app using team(s): VW658NV936
  xcodebuild -workspace /Users/clisamax/Documents/GITHUB/FormCam/ios/FormCam.xcworkspace -configuration Debug -scheme FormCam -destination id=00008120-000A7C400A05A01E
› Planning build
› Executing react-native Pods/hermes-engine » [CP-User] [Hermes] Replace Hermes for the right configuration, if needed
› Preparing Pods/boost-boost_privacy » ResourceBundle-boost_privacy-boost-Info.plist
› Preparing expo-constants Pods/EXConstants-EXConstants » ResourceBundle-EXConstants-EXConstants-Info.plist
› Preparing Pods/glog-glog_privacy » ResourceBundle-glog_privacy-glog-Info.plist
› Copying   expo-dev-menu/EXDevMenu.bundle/EXDevMenuApp.ios.js ➜ node_modules/expo-dev-menu/assets/EXDevMenuApp.ios.js
› Compiling expo-dev-launcher Pods/expo-dev-launcher-EXDevLauncher » EXDevLauncherErrorView.storyboard
› Copying   SDWebImage/SDWebImage.bundle/PrivacyInfo.xcprivacy ➜ ios/Pods/SDWebImage/WebImage/PrivacyInfo.xcprivacy
› Preparing Pods/React-cxxreact-React-cxxreact_privacy » ResourceBundle-React-cxxreact_privacy-React-cxxreact-Info.plist
› Preparing Pods/React-Core-React-Core_privacy » ResourceBundle-React-Core_privacy-React-Core-Info.plist
› Preparing expo-updates Pods/ReachabilitySwift-ReachabilitySwift » ResourceBundle-ReachabilitySwift-ReachabilitySwift-Info.plist
› Copying   expo-updates ReachabilitySwift/ReachabilitySwift.bundle/PrivacyInfo.xcprivacy ➜ ios/Pods/ReachabilitySwift/Sources/PrivacyInfo.xcprivacy
› Preparing Pods/RNCAsyncStorage-RNCAsyncStorage_resources » ResourceBundle-RNCAsyncStorage_resources-RNCAsyncStorage-Info.plist
› Preparing Pods/RCT-Folly-RCT-Folly_privacy » ResourceBundle-RCT-Folly_privacy-RCT-Folly-Info.plist
› Preparing Pods/SDWebImage-SDWebImage » ResourceBundle-SDWebImage-SDWebImage-Info.plist
› Preparing Pods/expo-dev-menu-EXDevMenu » ResourceBundle-EXDevMenu-expo-dev-menu-Info.plist
› Preparing Pods/ExpoSystemUI-ExpoSystemUI_privacy » ResourceBundle-ExpoSystemUI_privacy-ExpoSystemUI-Info.plist
› Copying   expo-dev-menu/EXDevMenu.bundle/Inter-Thin.otf ➜ node_modules/expo-dev-menu/assets/Inter-Thin.otf
› Copying   expo-dev-menu/EXDevMenu.bundle/Inter-SemiBold.otf ➜ node_modules/expo-dev-menu/assets/Inter-SemiBold.otf
› Copying   expo-dev-menu/EXDevMenu.bundle/Inter-Regular.otf ➜ node_modules/expo-dev-menu/assets/Inter-Regular.otf
› Copying   expo-dev-menu/EXDevMenu.bundle/Inter-Medium.otf ➜ node_modules/expo-dev-menu/assets/Inter-Medium.otf
› Copying   expo-dev-menu/EXDevMenu.bundle/Inter-Light.otf ➜ node_modules/expo-dev-menu/assets/Inter-Light.otf
› Copying   expo-dev-menu/EXDevMenu.bundle/Inter-ExtraLight.otf ➜ node_modules/expo-dev-menu/assets/Inter-ExtraLight.otf
› Copying   expo-dev-menu/EXDevMenu.bundle/Inter-ExtraBold.otf ➜ node_modules/expo-dev-menu/assets/Inter-ExtraBold.otf
› Copying   expo-dev-menu/EXDevMenu.bundle/Inter-Bold.otf ➜ node_modules/expo-dev-menu/assets/Inter-Bold.otf
› Copying   React-cxxreact/React-cxxreact_privacy.bundle/PrivacyInfo.xcprivacy ➜ node_modules/react-native/ReactCommon/cxxreact/PrivacyInfo.xcprivacy
› Copying   expo-dev-menu/EXDevMenu.bundle/Inter-Black.otf ➜ node_modules/expo-dev-menu/assets/Inter-Black.otf
› Copying   React-Core/React-Core_privacy.bundle/PrivacyInfo.xcprivacy ➜ node_modules/react-native/React/Resources/PrivacyInfo.xcprivacy
› Copying   RNCAsyncStorage/RNCAsyncStorage_resources.bundle/PrivacyInfo.xcprivacy ➜ node_modules/@react-native-async-storage/async-storage/ios/PrivacyInfo.xcprivacy
› Copying   ExpoSystemUI/ExpoSystemUI_privacy.bundle/PrivacyInfo.xcprivacy ➜ node_modules/expo-system-ui/ios/PrivacyInfo.xcprivacy
› Preparing Pods/ExpoMediaLibrary-ExpoMediaLibrary_privacy » ResourceBundle-ExpoMediaLibrary_privacy-ExpoMediaLibrary-Info.plist
› Copying   ExpoMediaLibrary/ExpoMediaLibrary_privacy.bundle/PrivacyInfo.xcprivacy ➜ node_modules/expo-media-library/ios/PrivacyInfo.xcprivacy
› Preparing Pods/ExpoFileSystem-ExpoFileSystem_privacy » ResourceBundle-ExpoFileSystem_privacy-ExpoFileSystem-Info.plist
› Copying   ExpoFileSystem/ExpoFileSystem_privacy.bundle/PrivacyInfo.xcprivacy ➜ node_modules/expo-file-system/ios/PrivacyInfo.xcprivacy
› Preparing expo-updates Pods/EXUpdates-EXUpdates » ResourceBundle-EXUpdates-EXUpdates-Info.plist
› Preparing Pods/EXConstants-ExpoConstants_privacy » ResourceBundle-ExpoConstants_privacy-EXConstants-Info.plist
› Copying   EXConstants/ExpoConstants_privacy.bundle/PrivacyInfo.xcprivacy ➜ node_modules/expo-constants/ios/PrivacyInfo.xcprivacy
› Executing react-native Pods/hermes-engine » [CP] Copy XCFrameworks
› Preparing Pods/expo-dev-launcher-EXDevLauncher » ResourceBundle-EXDevLauncher-expo-dev-launcher-Info.plist
› Copying   expo-dev-launcher/EXDevLauncher.bundle/main.jsbundle ➜ node_modules/expo-dev-launcher/ios/main.jsbundle
› Compiling react-native Pods/glog » vlog_is_on.cc
› Compiling react-native Pods/glog » symbolize.cc
› Compiling react-native Pods/glog » utilities.cc
› Compiling react-native Pods/glog » signalhandler.cc
› Compiling react-native Pods/glog » logging.cc
› Compiling react-native Pods/glog » raw_logging.cc
› Compiling react-native Pods/glog » demangle.cc
› Compiling react-native Pods/fmt » format.cc
› Compiling react-native Pods/Yoga » event.cpp
› Compiling react-native Pods/Yoga » YGValue.cpp
› Compiling react-native Pods/Yoga » YGPixelGrid.cpp
› Compiling react-native Pods/Yoga » YGNodeStyle.cpp
› Compiling react-native Pods/Yoga » YGNodeLayout.cpp
› Compiling react-native Pods/Yoga » YGNode.cpp
› Compiling react-native Pods/Yoga » YGEnums.cpp
› Compiling react-native Pods/Yoga » YGConfig.cpp
› Compiling react-native Pods/Yoga » PixelGrid.cpp
› Compiling react-native Pods/Yoga » Node.cpp
› Compiling react-native Pods/Yoga » Log.cpp
› Compiling react-native Pods/Yoga » LayoutResults.cpp
› Compiling react-native Pods/Yoga » FlexLine.cpp
› Compiling react-native Pods/Yoga » Config.cpp
› Compiling react-native Pods/Yoga » CalculateLayout.cpp
› Compiling react-native Pods/Yoga » Cache.cpp
› Compiling react-native Pods/Yoga » Baseline.cpp
› Compiling react-native Pods/Yoga » AssertFatal.cpp
› Compiling react-native Pods/Yoga » AbsoluteLayout.cpp
› Compiling react-native Pods/ReactCommon » TurboModuleUtils.cpp
› Compiling react-native Pods/ReactCommon » TurboModulePerfLogger.cpp
› Compiling react-native Pods/ReactCommon » TurboModuleBinding.cpp
› Compiling react-native Pods/ReactCommon » TurboModule.cpp
› Compiling react-native Pods/ReactCommon » TurboCxxModule.cpp
› Compiling react-native Pods/ReactCommon » LongLivedObject.cpp
› Compiling react-native Pods/ReactCommon » CxxTurboModuleUtils.cpp
› Compiling react-native Pods/React-utils » jsi-utils.cpp
› Compiling react-native Pods/React-utils » RunLoopObserver.cpp
› Compiling react-native Pods/React-utils » ManagedObjectWrapper.mm
› Compiling react-native Pods/React-runtimescheduler » Task.cpp
› Compiling react-native Pods/React-runtimescheduler » RuntimeScheduler_Modern.cpp
› Compiling react-native Pods/React-runtimescheduler » RuntimeScheduler_Legacy.cpp
› Compiling react-native Pods/React-runtimescheduler » RuntimeSchedulerCallInvoker.cpp
› Compiling react-native Pods/React-runtimescheduler » RuntimeSchedulerBinding.cpp
› Compiling react-native Pods/React-runtimescheduler » RuntimeScheduler.cpp
› Compiling react-native Pods/React-rendererdebug » DebugStringConvertibleItem.cpp
› Compiling react-native Pods/React-rendererdebug » DebugStringConvertible.cpp
› Compiling react-native Pods/React-renderercss » CSSDummy.cpp
› Compiling react-native Pods/React-rendererconsistency » ShadowTreeRevisionConsistencyManager.cpp
› Compiling react-native Pods/React-performancetimeline » PerformanceObserverRegistry.cpp
› Compiling react-native Pods/React-performancetimeline » PerformanceObserver.cpp
› Compiling react-native Pods/React-performancetimeline » PerformanceEntryReporter.cpp
› Compiling react-native Pods/React-performancetimeline » PerformanceEntryKeyedBuffer.cpp
› Compiling react-native Pods/React-performancetimeline » PerformanceEntryCircularBuffer.cpp
› Compiling react-native Pods/React-perflogger » ReactPerfettoLogger.cpp
› Compiling react-native Pods/React-perflogger » ReactPerfettoCategories.cpp
› Compiling react-native Pods/React-perflogger » ReactPerfetto.cpp
› Compiling react-native Pods/React-perflogger » HermesPerfettoDataSource.cpp
› Compiling react-native Pods/React-perflogger » FuseboxTracer.cpp

⚠️  (node_modules/react-native/ReactCommon/reactperflogger/fusebox/FuseboxTracer.h:26:5)

  24 |
  25 | /**
> 26 |  * @deprecated Replaced by jsinspector_modern::PerformanceTracer and will be
     |     ^ declaration is marked with '@deprecated' command but does not have a deprecation attribute [-Wdocumentation-deprecated-sync]
  27 |  * removed when we delete FuseboxPerfettoDataSource.
  28 |  */
  29 | class FuseboxTracer {

› Compiling react-native Pods/React-perflogger » FuseboxPerfettoDataSource.cpp
› Compiling react-native Pods/React-perflogger » BridgeNativeModulePerfLogger.cpp
› Compiling react-native Pods/React-oscompat » OSCompatWindows.cpp
› Compiling react-native Pods/React-oscompat » OSCompatPosix.cpp
› Compiling react-native Pods/React-logger » react_native_log.cpp
› Compiling react-native Pods/React-jsitooling » JSRuntimeFactoryCAPI.cpp
› Compiling react-native Pods/React-jsitooling » JSRuntimeFactory.cpp
› Compiling react-native Pods/React-jsinspectortracing » RuntimeSamplingProfileTraceEventSerializer.cpp
› Compiling react-native Pods/React-jsinspectortracing » PerformanceTracer.cpp
› Compiling react-native Pods/React-jsinspectortracing » EventLoopTaskReporter.cpp
› Compiling react-native Pods/React-jsinspector » TracingAgent.cpp
› Compiling react-native Pods/React-jsinspector » RuntimeTargetDebuggerSessionObserver.cpp
› Compiling react-native Pods/React-jsinspector » RuntimeTargetConsole.cpp
› Compiling react-native Pods/React-jsinspector » RuntimeTarget.cpp
› Compiling react-native Pods/React-jsinspector » RuntimeAgent.cpp
› Compiling react-native Pods/React-jsinspector » NetworkIOAgent.cpp
› Compiling react-native Pods/React-jsinspector » InstanceTarget.cpp
› Compiling react-native Pods/React-jsinspector » InstanceAgent.cpp
› Compiling react-native Pods/React-jsinspector » InspectorUtilities.cpp
› Compiling react-native Pods/React-jsinspector » InspectorPackagerConnection.cpp
› Compiling react-native Pods/React-jsinspector » InspectorInterfaces.cpp
› Compiling react-native Pods/React-jsinspector » InspectorFlags.cpp
› Compiling react-native Pods/React-jsinspector » HostTarget.cpp
› Compiling react-native Pods/React-jsinspector » HostAgent.cpp
› Compiling react-native Pods/React-jsinspector » FallbackRuntimeTargetDelegate.cpp
› Compiling react-native Pods/React-jsinspector » FallbackRuntimeAgentDelegate.cpp
› Compiling react-native Pods/React-jsinspector » ExecutionContextManager.cpp
› Compiling react-native Pods/React-jsinspector » ExecutionContext.cpp
› Compiling react-native Pods/React-jsinspector » ConsoleMessage.cpp
› Compiling react-native Pods/React-jsinspector » CdpJson.cpp
› Compiling react-native Pods/React-jsiexecutor » JSINativeModules.cpp
› Compiling react-native Pods/React-jsiexecutor » JSIExecutor.cpp
› Compiling react-native Pods/React-jsi » JSIDynamic.cpp
› Compiling react-native Pods/React-jserrorhandler » StackTraceParser.cpp
› Compiling react-native Pods/React-jserrorhandler » JsErrorHandler.cpp
› Compiling react-native Pods/React-hermes » Registration.cpp
› Compiling react-native Pods/React-hermes » HermesRuntimeTargetDelegate.cpp
› Compiling react-native Pods/React-hermes » HermesRuntimeSamplingProfileSerializer.cpp
› Compiling react-native Pods/React-hermes » HermesRuntimeAgentDelegate.cpp
› Compiling react-native Pods/React-hermes » HermesExecutorFactory.cpp
› Compiling react-native Pods/React-hermes » ConnectionDemux.cpp
› Compiling react-native Pods/React-graphics » Transform.cpp
› Compiling react-native Pods/React-graphics » RCTPlatformColorUtils.mm
› Compiling react-native Pods/React-graphics » PlatformColorParser.mm
› Compiling react-native Pods/React-graphics » HostPlatformColor.mm
› Compiling react-native Pods/React-graphics » ColorComponents.cpp
› Compiling react-native Pods/React-graphics » Color.cpp
› Compiling react-native Pods/React-featureflags » ReactNativeFeatureFlagsAccessor.cpp
› Compiling react-native Pods/React-featureflags » ReactNativeFeatureFlags.cpp
› Compiling react-native Pods/React-debug » react_native_assert.cpp
› Compiling react-native Pods/React-cxxreact » ReactMarker.cpp
› Compiling react-native Pods/React-cxxreact » RAMBundleRegistry.cpp
› Compiling react-native Pods/React-cxxreact » NativeToJsBridge.cpp
› Compiling react-native Pods/React-cxxreact » ModuleRegistry.cpp
› Compiling react-native Pods/React-cxxreact » MethodCall.cpp
› Compiling react-native Pods/React-cxxreact » JSIndexedRAMBundle.cpp
› Compiling react-native Pods/React-cxxreact » JSExecutor.cpp
› Compiling react-native Pods/React-cxxreact » JSBundleType.cpp
› Compiling react-native Pods/React-cxxreact » JSBigString.cpp
› Compiling react-native Pods/React-cxxreact » Instance.cpp
› Compiling react-native Pods/React-cxxreact » CxxNativeModule.cpp
› Compiling react-native Pods/React-RCTText » RCTVirtualTextViewManager.mm
› Compiling react-native Pods/React-RCTText » RCTVirtualTextView.mm
› Compiling react-native Pods/React-RCTText » RCTVirtualTextShadowView.mm
› Compiling react-native Pods/React-RCTText » RCTUITextView.mm
› Compiling react-native Pods/React-RCTText » RCTUITextField.mm
› Compiling react-native Pods/React-RCTText » RCTTextViewManager.mm
› Compiling react-native Pods/React-RCTText » RCTTextView.mm

⚠️  (node_modules/react-native/Libraries/Text/Text/RCTTextView.mm:285:36)

  283 |
  284 |   if (rtf) {
> 285 |     [item setObject:rtf forKey:(id)kUTTypeFlatRTFD];
      |                                    ^ 'kUTTypeFlatRTFD' is deprecated: first deprecated in iOS 15.0 - Use UTTypeFlatRTFD or UTType.flatRTFD instead. [-Wdeprecated-declarations]
  286 |   }
  287 |
  288 |   [item setObject:attributedText.string forKey:(id)kUTTypeUTF8PlainText];


⚠️  (node_modules/react-native/Libraries/Text/Text/RCTTextView.mm:288:52)

  286 |   }
  287 |
> 288 |   [item setObject:attributedText.string forKey:(id)kUTTypeUTF8PlainText];
      |                                                    ^ 'kUTTypeUTF8PlainText' is deprecated: first deprecated in iOS 15.0 - Use UTTypeUTF8PlainText or UTType.utf8PlainText instead. [-Wdeprecated-declarations]
  289 |
  290 |   UIPasteboard *pasteboard = [UIPasteboard generalPasteboard];
  291 |   pasteboard.items = @[ item ];

› Compiling react-native Pods/React-RCTText » RCTTextShadowView.mm
› Compiling react-native Pods/React-RCTText » RCTTextSelection.mm
› Compiling react-native Pods/React-RCTText » RCTTextAttributes.mm
› Compiling react-native Pods/React-RCTText » RCTSinglelineTextInputViewManager.mm
› Compiling react-native Pods/React-RCTText » RCTSinglelineTextInputView.mm
› Compiling react-native Pods/React-RCTText » RCTRawTextViewManager.mm
› Compiling react-native Pods/React-RCTText » RCTRawTextShadowView.mm
› Compiling react-native Pods/React-RCTText » RCTMultilineTextInputViewManager.mm
› Compiling react-native Pods/React-RCTText » RCTMultilineTextInputView.mm
› Compiling react-native Pods/React-RCTText » RCTInputAccessoryViewManager.mm
› Compiling react-native Pods/React-RCTText » RCTInputAccessoryViewContent.mm
› Compiling react-native Pods/React-RCTText » RCTInputAccessoryView.mm
› Compiling react-native Pods/React-RCTText » RCTInputAccessoryShadowView.mm
› Compiling react-native Pods/React-RCTText » RCTDynamicTypeRamp.mm
› Compiling react-native Pods/React-RCTText » RCTConvert+Text.mm
› Compiling react-native Pods/React-RCTText » RCTBaseTextViewManager.mm
› Compiling react-native Pods/React-RCTText » RCTBaseTextShadowView.mm
› Compiling react-native Pods/React-RCTText » RCTBaseTextInputViewManager.mm
› Compiling react-native Pods/React-RCTText » RCTBaseTextInputView.mm
› Compiling react-native Pods/React-RCTText » RCTBaseTextInputShadowView.mm
› Compiling react-native Pods/React-RCTText » RCTBackedTextInputDelegateAdapter.mm
› Compiling react-native Pods/React-NativeModulesApple » RCTTurboModuleManager.mm

⚠️  (node_modules/react-native/ReactCommon/react/nativemodule/core/platform/ios/ReactCommon/RCTTurboModuleManager.mm:243:55)

  241 |
  242 |       if ([_delegate respondsToSelector:@selector(extraModulesForBridge:)]) {
> 243 |         for (id<RCTBridgeModule> module in [_delegate extraModulesForBridge:nil]) {
      |                                                       ^ 'extraModulesForBridge:' is deprecated: Please make all native modules returned from this method TurboModule-compatible. [-Wdeprecated-declarations]
  244 |           if (!isTurboModuleInstance(module)) {
  245 |             [legacyInitializedModules setObject:module forKey:RCTBridgeModuleNameForClass([module class])];
  246 |           }


⚠️  (node_modules/react-native/ReactCommon/react/nativemodule/core/platform/ios/ReactCommon/RCTTurboModuleManager.mm:409:50)

  407 |     } else if ([module respondsToSelector:@selector(installJSIBindingsWithRuntime:)]) {
  408 |       // Old API without CallInvoker (deprecated)
> 409 |       [(id<RCTTurboModuleWithJSIBindings>)module installJSIBindingsWithRuntime:*runtime];
      |                                                  ^ 'installJSIBindingsWithRuntime:' is deprecated: Use 'installJSIBindingsWithRuntime:callInvoker:' instead [-Wdeprecated-declarations]
  410 |     }
  411 |     return turboModule;
  412 |   }

› Compiling react-native Pods/React-NativeModulesApple » RCTTurboModule.mm
› Compiling react-native Pods/React-NativeModulesApple » RCTInteropTurboModule.mm
› Compiling react-native Pods/React-Mapbuffer » MapBufferBuilder.cpp
› Compiling react-native Pods/React-Mapbuffer » MapBuffer.cpp
› Compiling react-native Pods/React-Core » RCTWindowSafeAreaProxy.mm
› Compiling react-native Pods/React-Core » RCTUIManagerObserverCoordinator.mm
› Compiling react-native Pods/React-Core » RCTUIManager.mm
› Compiling react-native Pods/React-Core » RCTTraitCollectionProxy.mm
› Compiling react-native Pods/React-Core » RCTSurfaceView.mm
› Compiling react-native Pods/React-Core » RCTSurfaceSizeMeasureMode.mm
› Compiling react-native Pods/React-Core » RCTSurfaceRootView.mm
› Compiling react-native Pods/React-Core » RCTSurfaceHostingView.mm
› Compiling react-native Pods/React-Core » RCTSurfaceHostingProxyRootView.mm
› Compiling react-native Pods/React-Core » RCTSurface.mm
› Compiling react-native Pods/React-Core » RCTPerformanceLogger.mm
› Compiling react-native Pods/React-Core » RCTPausedInDebuggerOverlayController.mm
› Compiling react-native Pods/React-Core » RCTPackagerConnection.mm
› Compiling react-native Pods/React-Core » RCTObjcExecutor.mm
› Compiling react-native Pods/React-Core » RCTNativeModule.mm
› Compiling react-native Pods/React-Core » RCTModuleMethod.mm
› Compiling react-native Pods/React-Core » RCTModuleData.mm
› Compiling react-native Pods/React-Core » RCTMessageThread.mm
› Compiling react-native Pods/React-Core » RCTManagedPointer.mm
› Compiling react-native Pods/React-Core » RCTLog.mm
› Compiling react-native Pods/React-Core » RCTLocalizedString.mm
› Compiling react-native Pods/React-Core » RCTKeyWindowValuesProxy.mm
› Compiling react-native Pods/React-Core » RCTJavaScriptLoader.mm
› Compiling react-native Pods/React-Core » RCTJSIExecutorRuntimeInstaller.mm
› Compiling react-native Pods/React-Core » RCTInspectorUtils.mm
› Compiling react-native Pods/React-Core » RCTInspectorNetworkHelper.mm
› Compiling react-native Pods/React-Core » RCTInspectorDevServerHelper.mm
› Compiling react-native Pods/React-Core » RCTInspector.mm
› Compiling react-native Pods/React-Core » RCTInitializeUIKitProxies.mm
› Compiling react-native Pods/React-Core » RCTInitialAccessibilityValuesProxy.mm
› Compiling react-native Pods/React-Core » RCTFont.mm
› Compiling react-native Pods/React-Core » RCTFollyConvert.mm
› Compiling react-native Pods/React-Core » RCTDefaultCxxLogFunction.mm
› Compiling react-native Pods/React-Core » RCTCxxUtils.mm
› Compiling react-native Pods/React-Core » RCTCxxModule.mm
› Compiling react-native Pods/React-Core » RCTCxxMethod.mm
› Compiling react-native Pods/React-Core » RCTCxxInspectorWebSocketAdapter.mm
› Compiling react-native Pods/React-Core » RCTCxxInspectorPackagerConnectionDelegate.mm
› Compiling react-native Pods/React-Core » RCTCxxInspectorPackagerConnection.mm
› Compiling react-native Pods/React-Core » RCTCxxBridge.mm
› Compiling react-native Pods/React-Core » RCTConvert.mm
› Compiling react-native Pods/React-Core » RCTComponentData.mm
› Compiling react-native Pods/React-Core » RCTCallInvoker.mm
› Compiling react-native Pods/React-Core » RCTBundleURLProvider.mm
› Compiling react-native Pods/React-Core » RCTBridgeProxy.mm
› Compiling react-native Pods/React-Core » RCTBridge.mm
› Compiling react-native Pods/React-Core » NSDataBigString.mm
› Compiling react-native Pods/RCTTypeSafety » RCTTypedModuleConstants.mm
› Compiling react-native Pods/RCTTypeSafety » RCTConvertHelpers.mm
› Compiling react-native Pods/RCT-Folly » json_pointer.cpp
› Compiling react-native Pods/RCT-Folly » json.cpp
› Compiling react-native Pods/RCT-Folly » dynamic.cpp
› Compiling react-native Pods/RCT-Folly » UniqueInstance.cpp
› Compiling react-native Pods/RCT-Folly » Unicode.cpp
› Compiling react-native Pods/RCT-Folly » ToAscii.cpp
› Compiling react-native Pods/RCT-Folly » ThreadId.cpp
› Compiling react-native Pods/RCT-Folly » SysUio.cpp
› Compiling react-native Pods/RCT-Folly » String.cpp
› Compiling react-native Pods/RCT-Folly » StaticSingletonManager.cpp
› Compiling react-native Pods/RCT-Folly » SpookyHashV2.cpp
› Compiling react-native Pods/RCT-Folly » SplitStringSimd.cpp
› Compiling react-native Pods/RCT-Folly » SharedMutex.cpp
› Compiling react-native Pods/RCT-Folly » ScopeGuard.cpp
› Compiling react-native Pods/RCT-Folly » SanitizeThread.cpp
› Compiling react-native Pods/RCT-Folly » SafeAssert.cpp
› Compiling react-native Pods/RCT-Folly » ReentrantAllocator.cpp
› Compiling react-native Pods/RCT-Folly » ParkingLot.cpp
› Compiling react-native Pods/RCT-Folly » NetOps.cpp
› Compiling react-native Pods/RCT-Folly » MallocImpl.cpp
› Compiling react-native Pods/RCT-Folly » Futex.cpp
› Compiling react-native Pods/RCT-Folly » Format.cpp
› Compiling react-native Pods/RCT-Folly » FileUtilDetail.cpp
› Compiling react-native Pods/RCT-Folly » FileUtil.cpp
› Compiling react-native Pods/RCT-Folly » F14Table.cpp
› Compiling react-native Pods/RCT-Folly » Exception.cpp
› Compiling react-native Pods/RCT-Folly » Demangle.cpp
› Compiling react-native Pods/RCT-Folly » Conv.cpp
› Compiling react-native Pods/RCT-Folly » CacheLocality.cpp
› Compiling react-native Pods/RCT-Folly » CString.cpp
› Compiling react-native Pods/RCT-Folly » AtFork.cpp
› Compiling react-native Pods/DoubleConversion » strtod.cc
› Compiling react-native Pods/DoubleConversion » fixed-dtoa.cc
› Compiling react-native Pods/DoubleConversion » fast-dtoa.cc
› Compiling react-native Pods/DoubleConversion » double-conversion.cc
› Compiling react-native Pods/DoubleConversion » diy-fp.cc
› Compiling react-native Pods/DoubleConversion » cached-powers.cc
› Compiling react-native Pods/DoubleConversion » bignum.cc
› Compiling react-native Pods/DoubleConversion » bignum-dtoa.cc
› Compiling expo-image-manipulator Pods/libwebp » yuv_sse41.c
› Compiling expo-image-manipulator Pods/libwebp » yuv_sse2.c
› Compiling expo-image-manipulator Pods/libwebp » yuv_mips_dsp_r2.c
› Compiling expo-image-manipulator Pods/libwebp » yuv_mips32.c
› Compiling expo-image-manipulator Pods/libwebp » yuv.c
› Compiling expo-image-manipulator Pods/libwebp » yuv_neon.c
› Compiling expo-image-manipulator Pods/libwebp » webp_enc.c
› Compiling expo-image-manipulator Pods/libwebp » webp_dec.c
› Compiling expo-image-manipulator Pods/libwebp » vp8l_dec.c
› Compiling expo-image-manipulator Pods/libwebp » vp8l_enc.c
› Compiling expo-image-manipulator Pods/libwebp » vp8_dec.c
› Compiling expo-image-manipulator Pods/libwebp » utils.c
› Compiling expo-image-manipulator Pods/libwebp » upsampling_sse41.c
› Compiling expo-image-manipulator Pods/libwebp » upsampling_sse2.c
› Compiling expo-image-manipulator Pods/libwebp » upsampling_neon.c
› Compiling expo-image-manipulator Pods/libwebp » upsampling_msa.c
› Compiling expo-image-manipulator Pods/libwebp » upsampling_mips_dsp_r2.c
› Compiling expo-image-manipulator Pods/libwebp » upsampling.c
› Compiling expo-image-manipulator Pods/libwebp » tree_enc.c
› Compiling expo-image-manipulator Pods/libwebp » tree_dec.c
› Compiling expo-image-manipulator Pods/libwebp » token_enc.c
› Compiling expo-image-manipulator Pods/libwebp » syntax_enc.c
› Compiling expo-image-manipulator Pods/libwebp » thread_utils.c
› Compiling expo-image-manipulator Pods/libwebp » ssim_sse2.c
› Compiling expo-image-manipulator Pods/libwebp » sharpyuv_sse2.c
› Compiling expo-image-manipulator Pods/libwebp » ssim.c
› Compiling expo-image-manipulator Pods/libwebp » sharpyuv_neon.c
› Compiling expo-image-manipulator Pods/libwebp » sharpyuv_dsp.c
› Compiling expo-image-manipulator Pods/libwebp » sharpyuv_csp.c
› Compiling expo-image-manipulator Pods/libwebp » sharpyuv_cpu.c
› Compiling expo-image-manipulator Pods/libwebp » sharpyuv_gamma.c
› Compiling expo-image-manipulator Pods/libwebp » rescaler_sse2.c
› Compiling expo-image-manipulator Pods/libwebp » sharpyuv.c
› Compiling expo-image-manipulator Pods/libwebp » rescaler_utils.c
› Compiling expo-image-manipulator Pods/libwebp » rescaler_neon.c
› Compiling expo-image-manipulator Pods/libwebp » rescaler_msa.c
› Compiling expo-image-manipulator Pods/libwebp » rescaler_mips_dsp_r2.c
› Compiling expo-image-manipulator Pods/libwebp » rescaler_mips32.c
› Compiling expo-image-manipulator Pods/libwebp » rescaler.c
› Compiling expo-image-manipulator Pods/libwebp » random_utils.c
› Compiling expo-image-manipulator Pods/libwebp » quant_levels_utils.c
› Compiling expo-image-manipulator Pods/libwebp » quant_levels_dec_utils.c
› Compiling expo-image-manipulator Pods/libwebp » quant_enc.c
› Compiling expo-image-manipulator Pods/libwebp » quant_dec.c
› Compiling expo-image-manipulator Pods/libwebp » predictor_enc.c
› Compiling expo-image-manipulator Pods/libwebp » picture_tools_enc.c
› Compiling expo-image-manipulator Pods/libwebp » picture_rescale_enc.c
› Compiling expo-image-manipulator Pods/libwebp » picture_psnr_enc.c
› Compiling expo-image-manipulator Pods/libwebp » picture_enc.c
› Compiling expo-image-manipulator Pods/libwebp » picture_csp_enc.c
› Compiling expo-image-manipulator Pods/libwebp » palette.c
› Compiling expo-image-manipulator Pods/libwebp » near_lossless_enc.c
› Compiling expo-image-manipulator Pods/libwebp » muxread.c
› Compiling expo-image-manipulator Pods/libwebp » muxinternal.c
› Compiling expo-image-manipulator Pods/libwebp » muxedit.c
› Compiling expo-image-manipulator Pods/libwebp » lossless_sse41.c
› Compiling expo-image-manipulator Pods/libwebp » lossless_msa.c
› Compiling expo-image-manipulator Pods/libwebp » lossless_sse2.c
› Compiling expo-image-manipulator Pods/libwebp » lossless_mips_dsp_r2.c
› Compiling expo-image-manipulator Pods/libwebp » lossless_neon.c
› Compiling expo-image-manipulator Pods/libwebp » lossless_enc_sse41.c
› Compiling expo-image-manipulator Pods/libwebp » lossless_enc_sse2.c
› Compiling expo-image-manipulator Pods/libwebp » lossless_enc_neon.c
› Compiling expo-image-manipulator Pods/libwebp » lossless_enc_msa.c
› Compiling expo-image-manipulator Pods/libwebp » lossless_enc_mips_dsp_r2.c
› Compiling expo-image-manipulator Pods/libwebp » lossless_enc_mips32.c
› Compiling expo-image-manipulator Pods/libwebp » lossless_enc.c
› Compiling expo-image-manipulator Pods/libwebp » lossless.c
› Compiling expo-image-manipulator Pods/libwebp » iterator_enc.c
› Compiling expo-image-manipulator Pods/libwebp » io_dec.c
› Compiling expo-image-manipulator Pods/libwebp » huffman_utils.c
› Compiling expo-image-manipulator Pods/libwebp » idec_dec.c
› Compiling expo-image-manipulator Pods/libwebp » huffman_encode_utils.c
› Compiling expo-image-manipulator Pods/libwebp » histogram_enc.c
› Compiling expo-image-manipulator Pods/libwebp » frame_enc.c
› Compiling expo-image-manipulator Pods/libwebp » frame_dec.c
› Compiling expo-image-manipulator Pods/libwebp » filters_utils.c
› Compiling expo-image-manipulator Pods/libwebp » filters_sse2.c
› Compiling expo-image-manipulator Pods/libwebp » filters_neon.c
› Compiling expo-image-manipulator Pods/libwebp » filters_msa.c
› Compiling expo-image-manipulator Pods/libwebp » filters_mips_dsp_r2.c
› Compiling expo-image-manipulator Pods/libwebp » filter_enc.c
› Compiling expo-image-manipulator Pods/libwebp » filters.c
› Compiling expo-image-manipulator Pods/libwebp » enc_sse41.c
› Compiling expo-image-manipulator Pods/libwebp » enc_sse2.c
› Compiling expo-image-manipulator Pods/libwebp » enc_neon.c
› Compiling expo-image-manipulator Pods/libwebp » enc_msa.c
› Compiling expo-image-manipulator Pods/libwebp » enc_mips_dsp_r2.c
› Compiling expo-image-manipulator Pods/libwebp » enc_mips32.c
› Compiling expo-image-manipulator Pods/libwebp » enc.c
› Compiling expo-image-manipulator Pods/libwebp » demux.c
› Compiling expo-image-manipulator Pods/libwebp » dec_sse41.c
› Compiling expo-image-manipulator Pods/libwebp » dec_msa.c
› Compiling expo-image-manipulator Pods/libwebp » dec_neon.c

⚠️  (ios/Pods/libwebp/src/dsp/dec_neon.c:1467:38)

  1465 |
  1466 |   if (do_top && do_left) {
> 1467 |     const uint16x8_t sum = vaddq_u16(sum_left, sum_top);
       |                                      ^ variable 'sum_left' may be uninitialized when used here [-Wconditional-uninitialized]
  1468 |     dc0 = vrshrn_n_u16(sum, 4);
  1469 |   } else if (do_top) {
  1470 |     dc0 = vrshrn_n_u16(sum_top, 3);


⚠️  (ios/Pods/libwebp/src/dsp/dec_neon.c:1467:48)

  1465 |
  1466 |   if (do_top && do_left) {
> 1467 |     const uint16x8_t sum = vaddq_u16(sum_left, sum_top);
       |                                                ^ variable 'sum_top' may be uninitialized when used here [-Wconditional-uninitialized]
  1468 |     dc0 = vrshrn_n_u16(sum, 4);
  1469 |   } else if (do_top) {
  1470 |     dc0 = vrshrn_n_u16(sum_top, 3);


⚠️  (ios/Pods/libwebp/src/dsp/dec_neon.c:1556:38)

  1554 |
  1555 |   if (do_top && do_left) {
> 1556 |     const uint16x8_t sum = vaddq_u16(sum_left, sum_top);
       |                                      ^ variable 'sum_left' may be uninitialized when used here [-Wconditional-uninitialized]
  1557 |     dc0 = vrshrn_n_u16(sum, 5);
  1558 |   } else if (do_top) {
  1559 |     dc0 = vrshrn_n_u16(sum_top, 4);


⚠️  (ios/Pods/libwebp/src/dsp/dec_neon.c:1556:48)

  1554 |
  1555 |   if (do_top && do_left) {
> 1556 |     const uint16x8_t sum = vaddq_u16(sum_left, sum_top);
       |                                                ^ variable 'sum_top' may be uninitialized when used here [-Wconditional-uninitialized]
  1557 |     dc0 = vrshrn_n_u16(sum, 5);
  1558 |   } else if (do_top) {
  1559 |     dc0 = vrshrn_n_u16(sum_top, 4);

› Compiling expo-image-manipulator Pods/libwebp » dec_sse2.c
› Compiling expo-image-manipulator Pods/libwebp » dec_mips_dsp_r2.c
› Compiling expo-image-manipulator Pods/libwebp » dec_mips32.c
› Compiling expo-image-manipulator Pods/libwebp » dec_clip_tables.c
› Compiling expo-image-manipulator Pods/libwebp » dec.c
› Compiling expo-image-manipulator Pods/libwebp » cpu.c
› Compiling expo-image-manipulator Pods/libwebp » cost_sse2.c
› Compiling expo-image-manipulator Pods/libwebp » cost_neon.c
› Compiling expo-image-manipulator Pods/libwebp » cost_mips_dsp_r2.c
› Compiling expo-image-manipulator Pods/libwebp » cost_mips32.c
› Compiling expo-image-manipulator Pods/libwebp » cost_enc.c
› Compiling expo-image-manipulator Pods/libwebp » cost.c
› Compiling expo-image-manipulator Pods/libwebp » config_enc.c
› Compiling expo-image-manipulator Pods/libwebp » color_cache_utils.c
› Compiling expo-image-manipulator Pods/libwebp » buffer_dec.c
› Compiling expo-image-manipulator Pods/libwebp » bit_writer_utils.c
› Compiling expo-image-manipulator Pods/libwebp » bit_reader_utils.c
› Compiling expo-image-manipulator Pods/libwebp » backward_references_enc.c

⚠️  (ios/Pods/libwebp/src/enc/backward_references_enc.c:720:12)

  718 |     } else {
  719 |       hash_chain->offset_length_[i] =
> 720 |           (best_offset << MAX_LENGTH_BITS) | (uint32_t)best_length;
      |            ^ variable 'best_offset' may be uninitialized when used here [-Wconditional-uninitialized]
  721 |       best_offset_prev = best_offset;
  722 |       best_length_prev = best_length;
  723 |     }

› Compiling expo-image-manipulator Pods/libwebp » anim_encode.c
› Compiling expo-image-manipulator Pods/libwebp » backward_references_cost_enc.c
› Compiling expo-image-manipulator Pods/libwebp » anim_decode.c
› Compiling expo-image-manipulator Pods/libwebp » analysis_enc.c
› Compiling expo-image-manipulator Pods/libwebp » alpha_processing_sse41.c
› Compiling expo-image-manipulator Pods/libwebp » alpha_processing_neon.c
› Compiling expo-image-manipulator Pods/libwebp » alpha_processing_sse2.c
› Compiling expo-image-manipulator Pods/libwebp » alpha_processing_mips_dsp_r2.c
› Compiling expo-image-manipulator Pods/libwebp » alpha_processing.c
› Compiling expo-image-manipulator Pods/libwebp » alpha_enc.c
› Compiling expo-image-manipulator Pods/libwebp » alpha_dec.c
› Compiling react-native Pods/React-Core » React-Core-dummy.m
› Compiling react-native Pods/React-Core » RCTVersion.m
› Compiling react-native Pods/React-Core » RCTUtilsUIOverride.m
› Compiling react-native Pods/React-Core » UIView+React.m
› Compiling react-native Pods/React-Core » RCTWrapperViewController.m
› Compiling react-native Pods/React-Core » RCTViewUtils.m
› Compiling react-native Pods/React-Core » RCTViewRegistry.m
› Compiling react-native Pods/React-Core » RCTViewManager.m
› Compiling react-native Pods/React-Core » RCTView.m
› Compiling @react-native-community/netinfo Pods/react-native-netinfo » react-native-netinfo-dummy.m
› Compiling @react-native-community/netinfo Pods/react-native-netinfo » RNCNetInfo.m

⚠️  (node_modules/@react-native-community/netinfo/ios/RNCNetInfo.m:153:33)

  151 | #else
  152 |   CTTelephonyNetworkInfo *netinfo = [[CTTelephonyNetworkInfo alloc] init];
> 153 |   CTCarrier *carrier = [netinfo subscriberCellularProvider];
      |                                 ^ 'subscriberCellularProvider' is deprecated: first deprecated in iOS 12.0 [-Wdeprecated-declarations]
  154 |   return carrier.carrierName;
  155 | #endif
  156 | }

› Compiling @react-native-community/netinfo Pods/react-native-netinfo » RNCConnectionStateWatcher.m
› Compiling @react-native-community/netinfo Pods/react-native-netinfo » RNCConnectionState.m

⚠️  (node_modules/@react-native-community/netinfo/ios/RNCConnectionState.m:51:30)

  49 |             CTTelephonyNetworkInfo *netinfo = [[CTTelephonyNetworkInfo alloc] init];
  50 |             if (netinfo) {
> 51 |                 if ([netinfo.currentRadioAccessTechnology isEqualToString:CTRadioAccessTechnologyGPRS] ||
     |                              ^ 'currentRadioAccessTechnology' is deprecated: first deprecated in iOS 12.0 [-Wdeprecated-declarations]
  52 |                     [netinfo.currentRadioAccessTechnology isEqualToString:CTRadioAccessTechnologyEdge] ||
  53 |                     [netinfo.currentRadioAccessTechnology isEqualToString:CTRadioAccessTechnologyCDMA1x]) {
  54 |                     _cellularGeneration = RNCCellularGeneration2g;


⚠️  (node_modules/@react-native-community/netinfo/ios/RNCConnectionState.m:52:30)

  50 |             if (netinfo) {
  51 |                 if ([netinfo.currentRadioAccessTechnology isEqualToString:CTRadioAccessTechnologyGPRS] ||
> 52 |                     [netinfo.currentRadioAccessTechnology isEqualToString:CTRadioAccessTechnologyEdge] ||
     |                              ^ 'currentRadioAccessTechnology' is deprecated: first deprecated in iOS 12.0 [-Wdeprecated-declarations]
  53 |                     [netinfo.currentRadioAccessTechnology isEqualToString:CTRadioAccessTechnologyCDMA1x]) {
  54 |                     _cellularGeneration = RNCCellularGeneration2g;
  55 |                 } else if ([netinfo.currentRadioAccessTechnology isEqualToString:CTRadioAccessTechnologyWCDMA] ||


⚠️  (node_modules/@react-native-community/netinfo/ios/RNCConnectionState.m:53:30)

  51 |                 if ([netinfo.currentRadioAccessTechnology isEqualToString:CTRadioAccessTechnologyGPRS] ||
  52 |                     [netinfo.currentRadioAccessTechnology isEqualToString:CTRadioAccessTechnologyEdge] ||
> 53 |                     [netinfo.currentRadioAccessTechnology isEqualToString:CTRadioAccessTechnologyCDMA1x]) {
     |                              ^ 'currentRadioAccessTechnology' is deprecated: first deprecated in iOS 12.0 [-Wdeprecated-declarations]
  54 |                     _cellularGeneration = RNCCellularGeneration2g;
  55 |                 } else if ([netinfo.currentRadioAccessTechnology isEqualToString:CTRadioAccessTechnologyWCDMA] ||
  56 |                            [netinfo.currentRadioAccessTechnology isEqualToString:CTRadioAccessTechnologyHSDPA] ||


⚠️  (node_modules/@react-native-community/netinfo/ios/RNCConnectionState.m:55:37)

  53 |                     [netinfo.currentRadioAccessTechnology isEqualToString:CTRadioAccessTechnologyCDMA1x]) {
  54 |                     _cellularGeneration = RNCCellularGeneration2g;
> 55 |                 } else if ([netinfo.currentRadioAccessTechnology isEqualToString:CTRadioAccessTechnologyWCDMA] ||
     |                                     ^ 'currentRadioAccessTechnology' is deprecated: first deprecated in iOS 12.0 [-Wdeprecated-declarations]
  56 |                            [netinfo.currentRadioAccessTechnology isEqualToString:CTRadioAccessTechnologyHSDPA] ||
  57 |                            [netinfo.currentRadioAccessTechnology isEqualToString:CTRadioAccessTechnologyHSUPA] ||
  58 |                            [netinfo.currentRadioAccessTechnology isEqualToString:CTRadioAccessTechnologyCDMAEVDORev0] ||


⚠️  (node_modules/@react-native-community/netinfo/ios/RNCConnectionState.m:56:37)

  54 |                     _cellularGeneration = RNCCellularGeneration2g;
  55 |                 } else if ([netinfo.currentRadioAccessTechnology isEqualToString:CTRadioAccessTechnologyWCDMA] ||
> 56 |                            [netinfo.currentRadioAccessTechnology isEqualToString:CTRadioAccessTechnologyHSDPA] ||
     |                                     ^ 'currentRadioAccessTechnology' is deprecated: first deprecated in iOS 12.0 [-Wdeprecated-declarations]
  57 |                            [netinfo.currentRadioAccessTechnology isEqualToString:CTRadioAccessTechnologyHSUPA] ||
  58 |                            [netinfo.currentRadioAccessTechnology isEqualToString:CTRadioAccessTechnologyCDMAEVDORev0] ||
  59 |                            [netinfo.currentRadioAccessTechnology isEqualToString:CTRadioAccessTechnologyCDMAEVDORevA] ||


⚠️  (node_modules/@react-native-community/netinfo/ios/RNCConnectionState.m:57:37)

  55 |                 } else if ([netinfo.currentRadioAccessTechnology isEqualToString:CTRadioAccessTechnologyWCDMA] ||
  56 |                            [netinfo.currentRadioAccessTechnology isEqualToString:CTRadioAccessTechnologyHSDPA] ||
> 57 |                            [netinfo.currentRadioAccessTechnology isEqualToString:CTRadioAccessTechnologyHSUPA] ||
     |                                     ^ 'currentRadioAccessTechnology' is deprecated: first deprecated in iOS 12.0 [-Wdeprecated-declarations]
  58 |                            [netinfo.currentRadioAccessTechnology isEqualToString:CTRadioAccessTechnologyCDMAEVDORev0] ||
  59 |                            [netinfo.currentRadioAccessTechnology isEqualToString:CTRadioAccessTechnologyCDMAEVDORevA] ||
  60 |                            [netinfo.currentRadioAccessTechnology isEqualToString:CTRadioAccessTechnologyCDMAEVDORevB] ||


⚠️  (node_modules/@react-native-community/netinfo/ios/RNCConnectionState.m:58:37)

  56 |                            [netinfo.currentRadioAccessTechnology isEqualToString:CTRadioAccessTechnologyHSDPA] ||
  57 |                            [netinfo.currentRadioAccessTechnology isEqualToString:CTRadioAccessTechnologyHSUPA] ||
> 58 |                            [netinfo.currentRadioAccessTechnology isEqualToString:CTRadioAccessTechnologyCDMAEVDORev0] ||
     |                                     ^ 'currentRadioAccessTechnology' is deprecated: first deprecated in iOS 12.0 [-Wdeprecated-declarations]
  59 |                            [netinfo.currentRadioAccessTechnology isEqualToString:CTRadioAccessTechnologyCDMAEVDORevA] ||
  60 |                            [netinfo.currentRadioAccessTechnology isEqualToString:CTRadioAccessTechnologyCDMAEVDORevB] ||
  61 |                            [netinfo.currentRadioAccessTechnology isEqualToString:CTRadioAccessTechnologyeHRPD]) {


⚠️  (node_modules/@react-native-community/netinfo/ios/RNCConnectionState.m:59:37)

  57 |                            [netinfo.currentRadioAccessTechnology isEqualToString:CTRadioAccessTechnologyHSUPA] ||
  58 |                            [netinfo.currentRadioAccessTechnology isEqualToString:CTRadioAccessTechnologyCDMAEVDORev0] ||
> 59 |                            [netinfo.currentRadioAccessTechnology isEqualToString:CTRadioAccessTechnologyCDMAEVDORevA] ||
     |                                     ^ 'currentRadioAccessTechnology' is deprecated: first deprecated in iOS 12.0 [-Wdeprecated-declarations]
  60 |                            [netinfo.currentRadioAccessTechnology isEqualToString:CTRadioAccessTechnologyCDMAEVDORevB] ||
  61 |                            [netinfo.currentRadioAccessTechnology isEqualToString:CTRadioAccessTechnologyeHRPD]) {
  62 |                     _cellularGeneration = RNCCellularGeneration3g;


⚠️  (node_modules/@react-native-community/netinfo/ios/RNCConnectionState.m:60:37)

  58 |                            [netinfo.currentRadioAccessTechnology isEqualToString:CTRadioAccessTechnologyCDMAEVDORev0] ||
  59 |                            [netinfo.currentRadioAccessTechnology isEqualToString:CTRadioAccessTechnologyCDMAEVDORevA] ||
> 60 |                            [netinfo.currentRadioAccessTechnology isEqualToString:CTRadioAccessTechnologyCDMAEVDORevB] ||
     |                                     ^ 'currentRadioAccessTechnology' is deprecated: first deprecated in iOS 12.0 [-Wdeprecated-declarations]
  61 |                            [netinfo.currentRadioAccessTechnology isEqualToString:CTRadioAccessTechnologyeHRPD]) {
  62 |                     _cellularGeneration = RNCCellularGeneration3g;
  63 |                 } else if ([netinfo.currentRadioAccessTechnology isEqualToString:CTRadioAccessTechnologyLTE]) {


⚠️  (node_modules/@react-native-community/netinfo/ios/RNCConnectionState.m:61:37)

  59 |                            [netinfo.currentRadioAccessTechnology isEqualToString:CTRadioAccessTechnologyCDMAEVDORevA] ||
  60 |                            [netinfo.currentRadioAccessTechnology isEqualToString:CTRadioAccessTechnologyCDMAEVDORevB] ||
> 61 |                            [netinfo.currentRadioAccessTechnology isEqualToString:CTRadioAccessTechnologyeHRPD]) {
     |                                     ^ 'currentRadioAccessTechnology' is deprecated: first deprecated in iOS 12.0 [-Wdeprecated-declarations]
  62 |                     _cellularGeneration = RNCCellularGeneration3g;
  63 |                 } else if ([netinfo.currentRadioAccessTechnology isEqualToString:CTRadioAccessTechnologyLTE]) {
  64 |                     _cellularGeneration = RNCCellularGeneration4g;


⚠️  (node_modules/@react-native-community/netinfo/ios/RNCConnectionState.m:63:37)

  61 |                            [netinfo.currentRadioAccessTechnology isEqualToString:CTRadioAccessTechnologyeHRPD]) {
  62 |                     _cellularGeneration = RNCCellularGeneration3g;
> 63 |                 } else if ([netinfo.currentRadioAccessTechnology isEqualToString:CTRadioAccessTechnologyLTE]) {
     |                                     ^ 'currentRadioAccessTechnology' is deprecated: first deprecated in iOS 12.0 [-Wdeprecated-declarations]
  64 |                     _cellularGeneration = RNCCellularGeneration4g;
  65 |                 } else if (@available(iOS 14.1, *)) {
  66 |                     if ([netinfo.currentRadioAccessTechnology isEqualToString:CTRadioAccessTechnologyNRNSA] ||


⚠️  (node_modules/@react-native-community/netinfo/ios/RNCConnectionState.m:66:34)

  64 |                     _cellularGeneration = RNCCellularGeneration4g;
  65 |                 } else if (@available(iOS 14.1, *)) {
> 66 |                     if ([netinfo.currentRadioAccessTechnology isEqualToString:CTRadioAccessTechnologyNRNSA] ||
     |                                  ^ 'currentRadioAccessTechnology' is deprecated: first deprecated in iOS 12.0 [-Wdeprecated-declarations]
  67 |                         [netinfo.currentRadioAccessTechnology isEqualToString:CTRadioAccessTechnologyNR]) {
  68 |                         _cellularGeneration = RNCCellularGeneration5g;
  69 |                     }


⚠️  (node_modules/@react-native-community/netinfo/ios/RNCConnectionState.m:67:34)

  65 |                 } else if (@available(iOS 14.1, *)) {
  66 |                     if ([netinfo.currentRadioAccessTechnology isEqualToString:CTRadioAccessTechnologyNRNSA] ||
> 67 |                         [netinfo.currentRadioAccessTechnology isEqualToString:CTRadioAccessTechnologyNR]) {
     |                                  ^ 'currentRadioAccessTechnology' is deprecated: first deprecated in iOS 12.0 [-Wdeprecated-declarations]
  68 |                         _cellularGeneration = RNCCellularGeneration5g;
  69 |                     }
  70 |                 }

› Compiling expo-image-manipulator Pods/libwebp » libwebp-dummy.m
› Packaging expo-image-manipulator Pods/libwebp » liblibwebp.a
› Compiling react-native Pods/glog » glog-dummy.m
› Compiling react-native Pods/fmt » fmt-dummy.m
› Compiling Pods/ZXingObjC » ZXingObjC-dummy.m
› Packaging react-native Pods/glog » libglog.a
› Compiling Pods/ZXingObjC » ZXWifiResultParser.m
› Compiling Pods/ZXingObjC » ZXWifiParsedResult.m
› Compiling Pods/ZXingObjC » ZXWhiteRectangleDetector.m
› Compiling Pods/ZXingObjC » ZXVINResultParser.m
› Compiling Pods/ZXingObjC » ZXVINParsedResult.m
› Packaging react-native Pods/fmt » libfmt.a
› Compiling Pods/ZXingObjC » ZXVEventResultParser.m
› Compiling Pods/ZXingObjC » ZXVCardResultParser.m
› Compiling Pods/ZXingObjC » ZXURLTOResultParser.m
› Compiling Pods/ZXingObjC » ZXURIResultParser.m
› Compiling Pods/ZXingObjC » ZXURIParsedResult.m
› Compiling Pods/ZXingObjC » ZXUPCEWriter.m
› Compiling Pods/ZXingObjC » ZXUPCEReader.m
› Compiling Pods/ZXingObjC » ZXUPCEANWriter.m
› Compiling Pods/ZXingObjC » ZXUPCEANReader.m

⚠️  (ios/Pods/ZXingObjC/ZXingObjC/oned/ZXUPCEANReader.m:35:40)

  33 |  */
  34 | const int ZX_UPC_EAN_START_END_PATTERN_LEN = 3;
> 35 | const int ZX_UPC_EAN_START_END_PATTERN[ZX_UPC_EAN_START_END_PATTERN_LEN] = {1, 1, 1};
     |                                        ^ variable length array folded to constant array as an extension [-Wgnu-folding-constant]
  36 |
  37 | /**
  38 |  * Pattern marking the middle of a UPC/EAN pattern, separating the two halves.


⚠️  (ios/Pods/ZXingObjC/ZXingObjC/oned/ZXUPCEANReader.m:41:37)

  39 |  */
  40 | const int ZX_UPC_EAN_MIDDLE_PATTERN_LEN = 5;
> 41 | const int ZX_UPC_EAN_MIDDLE_PATTERN[ZX_UPC_EAN_MIDDLE_PATTERN_LEN] = {1, 1, 1, 1, 1};
     |                                     ^ variable length array folded to constant array as an extension [-Wgnu-folding-constant]
  42 |
  43 | /**
  44 |  * "Odd", or "L" patterns used to encode UPC/EAN digits.


⚠️  (ios/Pods/ZXingObjC/ZXingObjC/oned/ZXUPCEANReader.m:48:60)

  46 | const int ZX_UPC_EAN_L_PATTERNS_LEN = 10;
  47 | const int ZX_UPC_EAN_L_PATTERNS_SUB_LEN = 4;
> 48 | const int ZX_UPC_EAN_L_PATTERNS[ZX_UPC_EAN_L_PATTERNS_LEN][ZX_UPC_EAN_L_PATTERNS_SUB_LEN] = {
     |                                                            ^ variable length array folded to constant array as an extension [-Wgnu-folding-constant]
  49 |   {3, 2, 1, 1}, // 0
  50 |   {2, 2, 2, 1}, // 1
  51 |   {2, 1, 2, 2}, // 2


⚠️  (ios/Pods/ZXingObjC/ZXingObjC/oned/ZXUPCEANReader.m:48:33)

  46 | const int ZX_UPC_EAN_L_PATTERNS_LEN = 10;
  47 | const int ZX_UPC_EAN_L_PATTERNS_SUB_LEN = 4;
> 48 | const int ZX_UPC_EAN_L_PATTERNS[ZX_UPC_EAN_L_PATTERNS_LEN][ZX_UPC_EAN_L_PATTERNS_SUB_LEN] = {
     |                                 ^ variable length array folded to constant array as an extension [-Wgnu-folding-constant]
  49 |   {3, 2, 1, 1}, // 0
  50 |   {2, 2, 2, 1}, // 1
  51 |   {2, 1, 2, 2}, // 2


⚠️  (ios/Pods/ZXingObjC/ZXingObjC/oned/ZXUPCEANReader.m:66:72)

  64 | const int ZX_UPC_EAN_L_AND_G_PATTERNS_LEN = 20;
  65 | const int ZX_UPC_EAN_L_AND_G_PATTERNS_SUB_LEN = 4;
> 66 | const int ZX_UPC_EAN_L_AND_G_PATTERNS[ZX_UPC_EAN_L_AND_G_PATTERNS_LEN][ZX_UPC_EAN_L_AND_G_PATTERNS_SUB_LEN] = {
     |                                                                        ^ variable length array folded to constant array as an extension [-Wgnu-folding-constant]
  67 |   {3, 2, 1, 1}, // 0
  68 |   {2, 2, 2, 1}, // 1
  69 |   {2, 1, 2, 2}, // 2


⚠️  (ios/Pods/ZXingObjC/ZXingObjC/oned/ZXUPCEANReader.m:66:39)

  64 | const int ZX_UPC_EAN_L_AND_G_PATTERNS_LEN = 20;
  65 | const int ZX_UPC_EAN_L_AND_G_PATTERNS_SUB_LEN = 4;
> 66 | const int ZX_UPC_EAN_L_AND_G_PATTERNS[ZX_UPC_EAN_L_AND_G_PATTERNS_LEN][ZX_UPC_EAN_L_AND_G_PATTERNS_SUB_LEN] = {
     |                                       ^ variable length array folded to constant array as an extension [-Wgnu-folding-constant]
  67 |   {3, 2, 1, 1}, // 0
  68 |   {2, 2, 2, 1}, // 1
  69 |   {2, 1, 2, 2}, // 2

› Compiling Pods/ZXingObjC » ZXUPCEANExtensionSupport.m
› Compiling Pods/ZXingObjC » ZXUPCEANExtension5Support.m
› Compiling Pods/ZXingObjC » ZXUPCEANExtension2Support.m
› Compiling Pods/ZXingObjC » ZXUPCAWriter.m
› Compiling Pods/ZXingObjC » ZXUPCAReader.m
› Compiling Pods/ZXingObjC » ZXTextParsedResult.m
› Compiling Pods/ZXingObjC » ZXTelParsedResult.m
› Compiling Pods/ZXingObjC » ZXTelResultParser.m
› Compiling Pods/ZXingObjC » ZXStringUtils.m
› Compiling Pods/ZXingObjC » ZXSMTPResultParser.m
› Compiling Pods/ZXingObjC » ZXSMSTOMMSTOResultParser.m
› Compiling Pods/ZXingObjC » ZXSMSParsedResult.m
› Compiling Pods/ZXingObjC » ZXSMSMMSResultParser.m
› Compiling Pods/ZXingObjC » ZXResultPoint.m
› Compiling Pods/ZXingObjC » ZXResultParser.m
› Compiling Pods/ZXingObjC » ZXResult.m
› Compiling Pods/ZXingObjC » ZXReedSolomonEncoder.m
› Compiling Pods/ZXingObjC » ZXReedSolomonDecoder.m
› Compiling Pods/ZXingObjC » ZXRSSUtils.m
› Compiling Pods/ZXingObjC » ZXRSSPair.m
› Compiling Pods/ZXingObjC » ZXRSSFinderPattern.m
› Compiling Pods/ZXingObjC » ZXRSSExpandedRow.m
› Compiling Pods/ZXingObjC » ZXRSSExpandedReader.m
› Compiling Pods/ZXingObjC » ZXRSSExpandedPair.m
› Compiling Pods/ZXingObjC » ZXRSSExpandedGeneralAppIdDecoder.m
› Compiling Pods/ZXingObjC » ZXRSSExpandedFieldParser.m
› Compiling Pods/ZXingObjC » ZXRSSExpandedDecodedObject.m
› Compiling Pods/ZXingObjC » ZXRSSExpandedDecodedNumeric.m
› Compiling Pods/ZXingObjC » ZXRSSExpandedDecodedInformation.m
› Compiling Pods/ZXingObjC » ZXRSSExpandedDecodedChar.m
› Compiling Pods/ZXingObjC » ZXRSSExpandedCurrentParsingState.m
› Compiling Pods/ZXingObjC » ZXRSSExpandedBlockParsedResult.m
› Compiling Pods/ZXingObjC » ZXRSSDataCharacter.m
› Compiling Pods/ZXingObjC » ZXRSS14Reader.m
› Compiling Pods/ZXingObjC » ZXRGBLuminanceSource.m
› Compiling Pods/ZXingObjC » ZXProductResultParser.m
› Compiling Pods/ZXingObjC » ZXProductParsedResult.m
› Compiling Pods/ZXingObjC » ZXPlanarYUVLuminanceSource.m
› Compiling Pods/ZXingObjC » ZXPerspectiveTransform.m
› Compiling Pods/ZXingObjC » ZXParsedResult.m
› Compiling Pods/ZXingObjC » ZXPDF417Writer.m
› Compiling Pods/ZXingObjC » ZXPDF417ScanningDecoder.m
› Compiling Pods/ZXingObjC » ZXPDF417ResultMetadata.m
› Compiling Pods/ZXingObjC » ZXPDF417Reader.m
› Compiling Pods/ZXingObjC » ZXPDF417HighLevelEncoder.m

⚠️  (ios/Pods/ZXingObjC/ZXingObjC/pdf417/encoder/ZXPDF417HighLevelEncoder.m:112:31)

  110 |
  111 | const int ZX_PDF417_MIXED_TABLE_LEN = 128;
> 112 | unichar ZX_PDF417_MIXED_TABLE[ZX_PDF417_MIXED_TABLE_LEN];
      |                               ^ variable length array folded to constant array as an extension [-Wgnu-folding-constant]
  113 |
  114 | const int ZX_PDF417_PUNCTUATION_LEN = 128;
  115 | unichar ZX_PDF417_PUNCTUATION[ZX_PDF417_PUNCTUATION_LEN];


⚠️  (ios/Pods/ZXingObjC/ZXingObjC/pdf417/encoder/ZXPDF417HighLevelEncoder.m:115:31)

  113 |
  114 | const int ZX_PDF417_PUNCTUATION_LEN = 128;
> 115 | unichar ZX_PDF417_PUNCTUATION[ZX_PDF417_PUNCTUATION_LEN];
      |                               ^ variable length array folded to constant array as an extension [-Wgnu-folding-constant]
  116 |
  117 | const NSStringEncoding ZX_PDF417_DEFAULT_ENCODING = NSISOLatin1StringEncoding;
  118 |


⚠️  (ios/Pods/ZXingObjC/ZXingObjC/pdf417/encoder/ZXPDF417HighLevelEncoder.m:367:19)

  365 |   if (count >= 6) {
  366 |     const int charsLen = 5;
> 367 |     unichar chars[charsLen];
      |                   ^ variable length array folded to constant array as an extension [-Wgnu-folding-constant]
  368 |     memset(chars, 0, charsLen * sizeof(unichar));
  369 |     while ((startpos + count - idx) >= 6) {
  370 |       long long t = 0;

› Compiling Pods/ZXingObjC » ZXPDF417ErrorCorrection.m
› Compiling Pods/ZXingObjC » ZXPDF417ECErrorCorrection.m
› Compiling Pods/ZXingObjC » ZXPDF417Dimensions.m
› Compiling Pods/ZXingObjC » ZXPDF417DetectorResult.m
› Compiling Pods/ZXingObjC » ZXPDF417Detector.m
› Compiling Pods/ZXingObjC » ZXPDF417DetectionResultRowIndicatorColumn.m
› Compiling Pods/ZXingObjC » ZXPDF417DetectionResultColumn.m
› Compiling Pods/ZXingObjC » ZXPDF417DetectionResult.m
› Compiling Pods/ZXingObjC » ZXPDF417DecodedBitStreamParser.m
› Compiling Pods/ZXingObjC » ZXPDF417Common.m
› Compiling Pods/ZXingObjC » ZXPDF417CodewordDecoder.m
› Compiling Pods/ZXingObjC » ZXPDF417Codeword.m
› Compiling Pods/ZXingObjC » ZXPDF417BoundingBox.m
› Compiling Pods/ZXingObjC » ZXPDF417BarcodeValue.m
› Compiling Pods/ZXingObjC » ZXPDF417BarcodeRow.m
› Compiling Pods/ZXingObjC » ZXPDF417BarcodeMetadata.m
› Compiling Pods/ZXingObjC » ZXPDF417BarcodeMatrix.m
› Compiling Pods/ZXingObjC » ZXPDF417.m
› Compiling Pods/ZXingObjC » ZXOneDimensionalCodeWriter.m
› Compiling Pods/ZXingObjC » ZXOneDReader.m
› Compiling Pods/ZXingObjC » ZXMultiFormatWriter.m
› Compiling Pods/ZXingObjC » ZXMultiFormatUPCEANReader.m
› Compiling Pods/ZXingObjC » ZXMultiFormatReader.m
› Compiling Pods/ZXingObjC » ZXMultiFormatOneDReader.m
› Compiling Pods/ZXingObjC » ZXMonochromeRectangleDetector.m
› Compiling Pods/ZXingObjC » ZXModulusPoly.m
› Compiling Pods/ZXingObjC » ZXModulusGF.m
› Compiling Pods/ZXingObjC » ZXMathUtils.m
› Compiling Pods/ZXingObjC » ZXLuminanceSource.m
› Compiling Pods/ZXingObjC » ZXInvertedLuminanceSource.m
› Compiling Pods/ZXingObjC » ZXIntArray.m
› Compiling Pods/ZXingObjC » ZXImage.m
› Compiling Pods/ZXingObjC » ZXITFWriter.m

⚠️  (ios/Pods/ZXingObjC/ZXingObjC/oned/ZXITFWriter.m:31:34)

  29 |  */
  30 | const int ZX_ITF_WRITER_PATTERNS_LEN = 10;
> 31 | const int ZX_ITF_WRITER_PATTERNS[ZX_ITF_WRITER_PATTERNS_LEN][5] = {
     |                                  ^ variable length array folded to constant array as an extension [-Wgnu-folding-constant]
  32 |   {ZX_ITF_N,  ZX_ITF_N,  ZX_ITF_W3, ZX_ITF_W3, ZX_ITF_N},  // 0
  33 |   {ZX_ITF_W3, ZX_ITF_N,  ZX_ITF_N,  ZX_ITF_N,  ZX_ITF_W3}, // 1
  34 |   {ZX_ITF_N,  ZX_ITF_W3, ZX_ITF_N,  ZX_ITF_N,  ZX_ITF_W3}, // 2


⚠️  (ios/Pods/ZXingObjC/ZXingObjC/oned/ZXITFWriter.m:75:18)

  73 |     int two = [[contents substringWithRange:NSMakeRange(i + 1, 1)] intValue];
  74 |     const int encodingLen = 10;
> 75 |     int encoding[encodingLen];
     |                  ^ variable length array folded to constant array as an extension [-Wgnu-folding-constant]
  76 |     memset(encoding, 0, encodingLen * sizeof(int));
  77 |     for (int j = 0; j < 5; j++) {
  78 |       encoding[2 * j] = ZX_ITF_WRITER_PATTERNS[one][j];

› Compiling Pods/ZXingObjC » ZXITFReader.m

⚠️  (ios/Pods/ZXingObjC/ZXingObjC/oned/ZXITFReader.m:51:27)

  49 |  */
  50 | const int ZX_ITF_PATTERNS_LEN = 20;
> 51 | const int ZX_ITF_PATTERNS[ZX_ITF_PATTERNS_LEN][5] = {
     |                           ^ variable length array folded to constant array as an extension [-Wgnu-folding-constant]
  52 |   {ZX_ITF_N,  ZX_ITF_N,  ZX_ITF_W2, ZX_ITF_W2, ZX_ITF_N},  // 0
  53 |   {ZX_ITF_W2, ZX_ITF_N,  ZX_ITF_N,  ZX_ITF_N,  ZX_ITF_W2}, // 1
  54 |   {ZX_ITF_N,  ZX_ITF_W2, ZX_ITF_N,  ZX_ITF_N,  ZX_ITF_W2}, // 2

› Compiling Pods/ZXingObjC » ZXISBNResultParser.m
› Compiling Pods/ZXingObjC » ZXISBNParsedResult.m
› Compiling Pods/ZXingObjC » ZXHybridBinarizer.m
› Compiling Pods/ZXingObjC » ZXGridSampler.m
› Compiling Pods/ZXingObjC » ZXGlobalHistogramBinarizer.m
› Compiling Pods/ZXingObjC » ZXGeoResultParser.m
› Compiling Pods/ZXingObjC » ZXGeoParsedResult.m
› Compiling Pods/ZXingObjC » ZXGenericMultipleBarcodeReader.m
› Compiling Pods/ZXingObjC » ZXGenericGFPoly.m
› Compiling Pods/ZXingObjC » ZXGenericGF.m
› Compiling Pods/ZXingObjC » ZXExpandedProductResultParser.m
› Compiling Pods/ZXingObjC » ZXExpandedProductParsedResult.m
› Compiling Pods/ZXingObjC » ZXErrors.m
› Compiling Pods/ZXingObjC » ZXEncodeHints.m
› Compiling Pods/ZXingObjC » ZXEmailDoCoMoResultParser.m
› Compiling Pods/ZXingObjC » ZXEmailAddressResultParser.m
› Compiling Pods/ZXingObjC » ZXEmailAddressParsedResult.m
› Compiling Pods/ZXingObjC » ZXEANManufacturerOrgSupport.m
› Compiling Pods/ZXingObjC » ZXEAN8Writer.m
› Compiling Pods/ZXingObjC » ZXEAN8Reader.m
› Compiling Pods/ZXingObjC » ZXEAN13Writer.m
› Compiling Pods/ZXingObjC » ZXEAN13Reader.m
› Compiling Pods/ZXingObjC » ZXDimension.m
› Compiling Pods/ZXingObjC » ZXDetectorResult.m
› Compiling Pods/ZXingObjC » ZXDefaultGridSampler.m
› Compiling Pods/ZXingObjC » ZXDecoderResult.m
› Compiling Pods/ZXingObjC » ZXDecodeHints.m
› Compiling Pods/ZXingObjC » ZXDecimal.m
› Compiling Pods/ZXingObjC » ZXCode93Writer.m
› Compiling Pods/ZXingObjC » ZXCode93Reader.m
› Compiling Pods/ZXingObjC » ZXCode39Writer.m
› Compiling Pods/ZXingObjC » ZXCode39Reader.m
› Compiling Pods/ZXingObjC » ZXCode128Writer.m
› Compiling Pods/ZXingObjC » ZXCode128Reader.m

⚠️  (ios/Pods/ZXingObjC/ZXingObjC/oned/ZXCode128Reader.m:28:36)

  26 |
  27 | const int ZX_CODE128_CODE_PATTERNS_LEN = 107;
> 28 | const int ZX_CODE128_CODE_PATTERNS[ZX_CODE128_CODE_PATTERNS_LEN][7] = {
     |                                    ^ variable length array folded to constant array as an extension [-Wgnu-folding-constant]
  29 |   {2, 1, 2, 2, 2, 2}, // 0
  30 |   {2, 2, 2, 1, 2, 2},
  31 |   {2, 2, 2, 2, 2, 1},

› Compiling Pods/ZXingObjC » ZXCodaBarWriter.m
› Compiling Pods/ZXingObjC » ZXCodaBarReader.m
› Compiling Pods/ZXingObjC » ZXCharacterSetECI.m
› Compiling Pods/ZXingObjC » ZXCalendarParsedResult.m
› Compiling Pods/ZXingObjC » ZXCGImageLuminanceSourceInfo.m
› Compiling Pods/ZXingObjC » ZXCGImageLuminanceSource.m
› Compiling Pods/ZXingObjC » ZXByteMatrix.m
› Compiling Pods/ZXingObjC » ZXByteArray.m
› Compiling Pods/ZXingObjC » ZXByQuadrantReader.m
› Compiling Pods/ZXingObjC » ZXBoolArray.m
› Compiling Pods/ZXingObjC » ZXBookmarkDoCoMoResultParser.m
› Compiling Pods/ZXingObjC » ZXBizcardResultParser.m
› Compiling Pods/ZXingObjC » ZXBitSource.m
› Compiling Pods/ZXingObjC » ZXBitMatrix.m
› Compiling Pods/ZXingObjC » ZXBitArrayBuilder.m
› Compiling Pods/ZXingObjC » ZXBitArray.m
› Compiling Pods/ZXingObjC » ZXBinaryBitmap.m
› Compiling Pods/ZXingObjC » ZXBinarizer.m
› Compiling Pods/ZXingObjC » ZXAnyAIDecoder.m
› Compiling Pods/ZXingObjC » ZXAddressBookParsedResult.m
› Compiling Pods/ZXingObjC » ZXAddressBookDoCoMoResultParser.m
› Compiling Pods/ZXingObjC » ZXAddressBookAUResultParser.m
› Compiling Pods/ZXingObjC » ZXAbstractRSSReader.m
› Compiling Pods/ZXingObjC » ZXAbstractExpandedDecoder.m
› Compiling Pods/ZXingObjC » ZXAbstractDoCoMoResultParser.m
› Compiling Pods/ZXingObjC » ZXAI01weightDecoder.m
› Compiling Pods/ZXingObjC » ZXAI01decoder.m
› Compiling Pods/ZXingObjC » ZXAI01AndOtherAIs.m
› Compiling Pods/ZXingObjC » ZXAI013x0xDecoder.m
› Compiling Pods/ZXingObjC » ZXAI013x0x1xDecoder.m
› Compiling Pods/ZXingObjC » ZXAI01393xDecoder.m
› Compiling Pods/ZXingObjC » ZXAI01392xDecoder.m
› Compiling Pods/ZXingObjC » ZXAI01320xDecoder.m
› Compiling Pods/ZXingObjC » ZXAI013103decoder.m
› Compiling react-native Pods/Yoga » Yoga-dummy.m
› Compiling react-native Pods/SocketRocket » SocketRocket-dummy.m
› Compiling react-native Pods/SocketRocket » SRURLUtilities.m

⚠️  (ios/Pods/SocketRocket/SocketRocket/Internal/Utilities/SRURLUtilities.m:63:14)

  61 |         case NSURLNetworkServiceTypeResponsiveAV:
  62 |             break;
> 63 |         case NSURLNetworkServiceTypeVoIP:
     |              ^ 'NSURLNetworkServiceTypeVoIP' is deprecated: first deprecated in iOS 13.0 - Use PushKit for VoIP control purposes [-Wdeprecated-declarations]
  64 |             networkServiceType = NSStreamNetworkServiceTypeVoIP;
  65 |             break;
  66 |         case NSURLNetworkServiceTypeVideo:

› Compiling react-native Pods/SocketRocket » SRSecurityPolicy.m
› Compiling react-native Pods/SocketRocket » SRSIMDHelpers.m
› Compiling react-native Pods/SocketRocket » SRRunLoopThread.m
› Packaging react-native Pods/Yoga » libYoga.a
› Compiling react-native Pods/SocketRocket » SRPinningSecurityPolicy.m

⚠️  (ios/Pods/SocketRocket/SocketRocket/Internal/Security/SRPinningSecurityPolicy.m:54:34)

  52 |     CFIndex serverCertCount = SecTrustGetCertificateCount(serverTrust);
  53 |     for (CFIndex i = 0; i < serverCertCount; i++) {
> 54 |         SecCertificateRef cert = SecTrustGetCertificateAtIndex(serverTrust, i);
     |                                  ^ 'SecTrustGetCertificateAtIndex' is deprecated: first deprecated in iOS 15.0 [-Wdeprecated-declarations]
  55 |         NSData *data = CFBridgingRelease(SecCertificateCopyData(cert));
  56 |         for (id ref in self.pinnedCertificates) {
  57 |             SecCertificateRef trustedCert = (__bridge SecCertificateRef)ref;

› Compiling react-native Pods/SocketRocket » SRRandom.m
› Compiling react-native Pods/SocketRocket » SRProxyConnect.m
› Compiling react-native Pods/SocketRocket » SRWebSocket.m
› Compiling react-native Pods/SocketRocket » SRMutex.m
› Compiling react-native Pods/SocketRocket » SRLog.m
› Compiling react-native Pods/SocketRocket » SRIOConsumer.m
› Compiling react-native Pods/SocketRocket » SRIOConsumerPool.m
› Compiling react-native Pods/SocketRocket » SRHTTPConnectMessage.m
› Compiling react-native Pods/SocketRocket » SRError.m
› Compiling react-native Pods/SocketRocket » SRDelegateController.m
› Compiling react-native Pods/SocketRocket » SRHash.m
› Compiling react-native Pods/SocketRocket » SRConstants.m
› Compiling react-native Pods/SocketRocket » NSURLRequest+SRWebSocket.m
› Compiling react-native Pods/SocketRocket » NSRunLoop+SRWebSocket.m
› Packaging react-native Pods/SocketRocket » libSocketRocket.a
› Compiling Pods/ZXingObjC » ZXCapture.m
› Packaging Pods/ZXingObjC » libZXingObjC.a
› Compiling Pods/SDWebImage » UIView+WebCacheState.m
› Compiling Pods/SDWebImage » UIView+WebCacheOperation.m
› Compiling Pods/SDWebImage » UIImageView+WebCache.m
› Compiling Pods/SDWebImage » UIImage+MemoryCacheCost.m
› Compiling Pods/SDWebImage » UIImage+MultiFormat.m
› Compiling Pods/SDWebImage » UIImage+GIF.m
› Compiling Pods/SDWebImage » UIImage+ForceDecode.m
› Compiling Pods/SDWebImage » UIColor+SDHexString.m
› Compiling Pods/SDWebImage » UIImage+ExtendedCacheData.m
› Compiling Pods/SDWebImage » SDWebImageTransition.m
› Compiling Pods/SDWebImage » SDWebImageOptionsProcessor.m
› Compiling Pods/SDWebImage » SDWebImageOperation.m
› Compiling Pods/SDWebImage » UIView+WebCache.m
› Compiling Pods/SDWebImage » UIImageView+HighlightedWebCache.m
› Compiling Pods/SDWebImage » UIImage+Metadata.m
› Compiling Pods/SDWebImage » UIButton+WebCache.m
› Compiling Pods/SDWebImage » SDWebImagePrefetcher.m
› Compiling Pods/SDWebImage » SDWebImageManager.m
› Compiling Pods/SDWebImage » SDWebImageIndicator.m
› Compiling Pods/SDWebImage » SDWebImageDownloaderResponseModifier.m
› Compiling Pods/SDWebImage » SDWebImageError.m
› Compiling Pods/SDWebImage » SDWebImageDownloaderRequestModifier.m
› Compiling Pods/SDWebImage » SDWebImageDownloaderDecryptor.m
› Compiling Pods/SDWebImage » SDWebImageDownloaderConfig.m
› Compiling Pods/SDWebImage » SDWebImageDownloaderOperation.m
› Compiling Pods/SDWebImage » SDWebImageDownloader.m
› Compiling Pods/SDWebImage » SDWebImageDefine.m
› Compiling Pods/SDWebImage » SDWebImageCompat.m
› Compiling Pods/SDWebImage » SDWebImage-dummy.m
› Compiling Pods/SDWebImage » SDWebImageCacheKeyFilter.m
› Compiling Pods/SDWebImage » SDWeakProxy.m
› Compiling Pods/SDWebImage » SDWebImageCacheSerializer.m
› Compiling Pods/SDWebImage » SDMemoryCache.m
› Compiling Pods/SDWebImage » SDInternalMacros.m
› Compiling Pods/SDWebImage » SDImageTransformer.m
› Compiling Pods/SDWebImage » SDImageLoadersManager.m
› Compiling Pods/SDWebImage » SDImageLoader.m
› Compiling Pods/SDWebImage » SDImageHEICCoder.m
› Compiling Pods/SDWebImage » SDImageIOCoder.m

⚠️  (ios/Pods/SDWebImage/SDWebImage/Core/SDImageIOCoder.m:208:64)

  206 |         NSString *fileExtensionHint = options[SDImageCoderDecodeFileExtensionHint];
  207 |         if (fileExtensionHint) {
> 208 |             typeIdentifierHint = (__bridge_transfer NSString *)UTTypeCreatePreferredIdentifierForTag(kUTTagClassFilenameExtension, (__bridge CFStringRef)fileExtensionHint, kUTTypeImage);
      |                                                                ^ 'UTTypeCreatePreferredIdentifierForTag' is deprecated: first deprecated in iOS 15.0 - Use the UTType class instead. [-Wdeprecated-declarations]
  209 |             // Ignore dynamic UTI
  210 |             if (UTTypeIsDynamic((__bridge CFStringRef)typeIdentifierHint)) {
  211 |                 typeIdentifierHint = nil;


⚠️  (ios/Pods/SDWebImage/SDWebImage/Core/SDImageIOCoder.m:208:102)

  206 |         NSString *fileExtensionHint = options[SDImageCoderDecodeFileExtensionHint];
  207 |         if (fileExtensionHint) {
> 208 |             typeIdentifierHint = (__bridge_transfer NSString *)UTTypeCreatePreferredIdentifierForTag(kUTTagClassFilenameExtension, (__bridge CFStringRef)fileExtensionHint, kUTTypeImage);
      |                                                                                                      ^ 'kUTTagClassFilenameExtension' is deprecated: first deprecated in iOS 15.0 - Use UTTagClassFilenameExtension instead. [-Wdeprecated-declarations]
  209 |             // Ignore dynamic UTI
  210 |             if (UTTypeIsDynamic((__bridge CFStringRef)typeIdentifierHint)) {
  211 |                 typeIdentifierHint = nil;


⚠️  (ios/Pods/SDWebImage/SDWebImage/Core/SDImageIOCoder.m:208:173)

  206 |         NSString *fileExtensionHint = options[SDImageCoderDecodeFileExtensionHint];
  207 |         if (fileExtensionHint) {
> 208 |             typeIdentifierHint = (__bridge_transfer NSString *)UTTypeCreatePreferredIdentifierForTag(kUTTagClassFilenameExtension, (__bridge CFStringRef)fileExtensionHint, kUTTypeImage);
      |                                                                                                                                                                             ^ 'kUTTypeImage' is deprecated: first deprecated in iOS 15.0 - Use UTTypeImage or UTType.image instead. [-Wdeprecated-declarations]
  209 |             // Ignore dynamic UTI
  210 |             if (UTTypeIsDynamic((__bridge CFStringRef)typeIdentifierHint)) {
  211 |                 typeIdentifierHint = nil;


⚠️  (ios/Pods/SDWebImage/SDWebImage/Core/SDImageIOCoder.m:210:17)

  208 |             typeIdentifierHint = (__bridge_transfer NSString *)UTTypeCreatePreferredIdentifierForTag(kUTTagClassFilenameExtension, (__bridge CFStringRef)fileExtensionHint, kUTTypeImage);
  209 |             // Ignore dynamic UTI
> 210 |             if (UTTypeIsDynamic((__bridge CFStringRef)typeIdentifierHint)) {
      |                 ^ 'UTTypeIsDynamic' is deprecated: first deprecated in iOS 15.0 - Use UTType.dynamic instead. [-Wdeprecated-declarations]
  211 |                 typeIdentifierHint = nil;
  212 |             }
  213 |         }

› Compiling Pods/SDWebImage » SDImageIOAnimatedCoder.m

⚠️  (ios/Pods/SDWebImage/SDWebImage/Core/SDImageIOAnimatedCoder.m:652:64)

  650 |         NSString *fileExtensionHint = options[SDImageCoderDecodeFileExtensionHint];
  651 |         if (fileExtensionHint) {
> 652 |             typeIdentifierHint = (__bridge_transfer NSString *)UTTypeCreatePreferredIdentifierForTag(kUTTagClassFilenameExtension, (__bridge CFStringRef)fileExtensionHint, kUTTypeImage);
      |                                                                ^ 'UTTypeCreatePreferredIdentifierForTag' is deprecated: first deprecated in iOS 15.0 - Use the UTType class instead. [-Wdeprecated-declarations]
  653 |             // Ignore dynamic UTI
  654 |             if (UTTypeIsDynamic((__bridge CFStringRef)typeIdentifierHint)) {
  655 |                 typeIdentifierHint = nil;


⚠️  (ios/Pods/SDWebImage/SDWebImage/Core/SDImageIOAnimatedCoder.m:652:102)

  650 |         NSString *fileExtensionHint = options[SDImageCoderDecodeFileExtensionHint];
  651 |         if (fileExtensionHint) {
> 652 |             typeIdentifierHint = (__bridge_transfer NSString *)UTTypeCreatePreferredIdentifierForTag(kUTTagClassFilenameExtension, (__bridge CFStringRef)fileExtensionHint, kUTTypeImage);
      |                                                                                                      ^ 'kUTTagClassFilenameExtension' is deprecated: first deprecated in iOS 15.0 - Use UTTagClassFilenameExtension instead. [-Wdeprecated-declarations]
  653 |             // Ignore dynamic UTI
  654 |             if (UTTypeIsDynamic((__bridge CFStringRef)typeIdentifierHint)) {
  655 |                 typeIdentifierHint = nil;


⚠️  (ios/Pods/SDWebImage/SDWebImage/Core/SDImageIOAnimatedCoder.m:652:173)

  650 |         NSString *fileExtensionHint = options[SDImageCoderDecodeFileExtensionHint];
  651 |         if (fileExtensionHint) {
> 652 |             typeIdentifierHint = (__bridge_transfer NSString *)UTTypeCreatePreferredIdentifierForTag(kUTTagClassFilenameExtension, (__bridge CFStringRef)fileExtensionHint, kUTTypeImage);
      |                                                                                                                                                                             ^ 'kUTTypeImage' is deprecated: first deprecated in iOS 15.0 - Use UTTypeImage or UTType.image instead. [-Wdeprecated-declarations]
  653 |             // Ignore dynamic UTI
  654 |             if (UTTypeIsDynamic((__bridge CFStringRef)typeIdentifierHint)) {
  655 |                 typeIdentifierHint = nil;


⚠️  (ios/Pods/SDWebImage/SDWebImage/Core/SDImageIOAnimatedCoder.m:654:17)

  652 |             typeIdentifierHint = (__bridge_transfer NSString *)UTTypeCreatePreferredIdentifierForTag(kUTTagClassFilenameExtension, (__bridge CFStringRef)fileExtensionHint, kUTTypeImage);
  653 |             // Ignore dynamic UTI
> 654 |             if (UTTypeIsDynamic((__bridge CFStringRef)typeIdentifierHint)) {
      |                 ^ 'UTTypeIsDynamic' is deprecated: first deprecated in iOS 15.0 - Use UTType.dynamic instead. [-Wdeprecated-declarations]
  655 |                 typeIdentifierHint = nil;
  656 |             }
  657 |         }

› Compiling Pods/SDWebImage » SDImageGraphics.m
› Compiling Pods/SDWebImage » SDImageFramePool.m
› Compiling Pods/SDWebImage » SDImageGIFCoder.m
› Compiling Pods/SDWebImage » SDImageFrame.m
› Compiling Pods/SDWebImage » SDImageCodersManager.m
› Compiling Pods/SDWebImage » SDImageCoder.m
› Compiling Pods/SDWebImage » SDImageCachesManagerOperation.m
› Compiling Pods/SDWebImage » SDImageCachesManager.m
› Compiling Pods/SDWebImage » SDImageCacheDefine.m

⚠️  (ios/Pods/SDWebImage/SDWebImage/Core/SDImageCacheDefine.m:89:64)

  87 |         NSString *fileExtensionHint = decodeOptions[SDImageCoderDecodeFileExtensionHint];
  88 |         if (fileExtensionHint) {
> 89 |             typeIdentifierHint = (__bridge_transfer NSString *)UTTypeCreatePreferredIdentifierForTag(kUTTagClassFilenameExtension, (__bridge CFStringRef)fileExtensionHint, kUTTypeImage);
     |                                                                ^ 'UTTypeCreatePreferredIdentifierForTag' is deprecated: first deprecated in iOS 15.0 - Use the UTType class instead. [-Wdeprecated-declarations]
  90 |             // Ignore dynamic UTI
  91 |             if (UTTypeIsDynamic((__bridge CFStringRef)typeIdentifierHint)) {
  92 |                 typeIdentifierHint = nil;


⚠️  (ios/Pods/SDWebImage/SDWebImage/Core/SDImageCacheDefine.m:89:102)

  87 |         NSString *fileExtensionHint = decodeOptions[SDImageCoderDecodeFileExtensionHint];
  88 |         if (fileExtensionHint) {
> 89 |             typeIdentifierHint = (__bridge_transfer NSString *)UTTypeCreatePreferredIdentifierForTag(kUTTagClassFilenameExtension, (__bridge CFStringRef)fileExtensionHint, kUTTypeImage);
     |                                                                                                      ^ 'kUTTagClassFilenameExtension' is deprecated: first deprecated in iOS 15.0 - Use UTTagClassFilenameExtension instead. [-Wdeprecated-declarations]
  90 |             // Ignore dynamic UTI
  91 |             if (UTTypeIsDynamic((__bridge CFStringRef)typeIdentifierHint)) {
  92 |                 typeIdentifierHint = nil;


⚠️  (ios/Pods/SDWebImage/SDWebImage/Core/SDImageCacheDefine.m:89:173)

  87 |         NSString *fileExtensionHint = decodeOptions[SDImageCoderDecodeFileExtensionHint];
  88 |         if (fileExtensionHint) {
> 89 |             typeIdentifierHint = (__bridge_transfer NSString *)UTTypeCreatePreferredIdentifierForTag(kUTTagClassFilenameExtension, (__bridge CFStringRef)fileExtensionHint, kUTTypeImage);
     |                                                                                                                                                                             ^ 'kUTTypeImage' is deprecated: first deprecated in iOS 15.0 - Use UTTypeImage or UTType.image instead. [-Wdeprecated-declarations]
  90 |             // Ignore dynamic UTI
  91 |             if (UTTypeIsDynamic((__bridge CFStringRef)typeIdentifierHint)) {
  92 |                 typeIdentifierHint = nil;


⚠️  (ios/Pods/SDWebImage/SDWebImage/Core/SDImageCacheDefine.m:91:17)

  89 |             typeIdentifierHint = (__bridge_transfer NSString *)UTTypeCreatePreferredIdentifierForTag(kUTTagClassFilenameExtension, (__bridge CFStringRef)fileExtensionHint, kUTTypeImage);
  90 |             // Ignore dynamic UTI
> 91 |             if (UTTypeIsDynamic((__bridge CFStringRef)typeIdentifierHint)) {
     |                 ^ 'UTTypeIsDynamic' is deprecated: first deprecated in iOS 15.0 - Use UTType.dynamic instead. [-Wdeprecated-declarations]
  92 |                 typeIdentifierHint = nil;
  93 |             }
  94 |         }

› Compiling Pods/SDWebImage » SDImageCacheConfig.m
› Compiling Pods/SDWebImage » SDImageCache.m
› Compiling Pods/SDWebImage » SDImageAssetManager.m
› Compiling Pods/SDWebImage » SDImageAWebPCoder.m
› Compiling Pods/SDWebImage » SDImageAPNGCoder.m
› Compiling Pods/SDWebImage » SDGraphicsImageRenderer.m
› Compiling Pods/SDWebImage » SDDisplayLink.m
› Compiling Pods/SDWebImage » SDFileAttributeHelper.m
› Compiling Pods/SDWebImage » SDDiskCache.m
› Compiling Pods/SDWebImage » SDDeviceHelper.m
› Compiling Pods/SDWebImage » SDCallbackQueue.m
› Compiling Pods/SDWebImage » SDAsyncBlockOperation.m
› Compiling Pods/SDWebImage » SDAssociatedObject.m
› Compiling Pods/SDWebImage » SDAnimatedImageView.m
› Compiling Pods/SDWebImage » UIImage+Transform.m
› Compiling Pods/SDWebImage » SDImageCoderHelper.m
› Compiling Pods/SDWebImage » SDAnimatedImageView+WebCache.m
› Compiling Pods/SDWebImage » SDAnimatedImageRep.m
› Compiling Pods/SDWebImage » SDAnimatedImage.m
› Compiling Pods/SDWebImage » SDAnimatedImagePlayer.m
› Compiling Pods/SDWebImage » NSImage+Compatibility.m
› Compiling Pods/SDWebImage » NSButton+WebCache.m
› Compiling Pods/SDWebImage » NSData+ImageContentType.m

⚠️  (ios/Pods/SDWebImage/SDWebImage/Core/NSData+ImageContentType.m:159:16)

  157 |     } else if (CFStringCompare(uttype, kSDUTTypeBMP, 0) == kCFCompareEqualTo) {
  158 |         imageFormat = SDImageFormatBMP;
> 159 |     } else if (UTTypeConformsTo(uttype, kSDUTTypeRAW)) {
      |                ^ 'UTTypeConformsTo' is deprecated: first deprecated in iOS 15.0 - Use -[UTType conformsToType:] instead. [-Wdeprecated-declarations]
  160 |         imageFormat = SDImageFormatRAW;
  161 |     } else {
  162 |         imageFormat = SDImageFormatUndefined;

› Compiling Pods/SDWebImage » NSBezierPath+SDRoundedCorners.m
› Packaging Pods/SDWebImage » libSDWebImage.a
› Compiling react-native Pods/React-rendererconsistency » React-rendererconsistency-dummy.m
› Compiling react-native Pods/React-oscompat » React-oscompat-dummy.m
› Compiling react-native Pods/React-rendererdebug » React-rendererdebug-dummy.m
› Packaging react-native Pods/React-rendererconsistency » libReact-rendererconsistency.a
› Packaging react-native Pods/React-oscompat » libReact-oscompat.a
› Compiling react-native Pods/React-utils » React-utils-dummy.m
› Compiling react-native Pods/React-perflogger » React-perflogger-dummy.m
› Compiling react-native Pods/React-runtimescheduler » React-runtimescheduler-dummy.m
› Compiling react-native Pods/React-performancetimeline » React-performancetimeline-dummy.m
› Compiling react-native Pods/React-renderercss » React-renderercss-dummy.m
› Compiling react-native Pods/React-logger » React-logger-dummy.m
› Compiling react-native Pods/React-jsinspectortracing » React-jsinspectortracing-dummy.m
› Compiling react-native Pods/React-jsi » React-jsi-dummy.m
› Compiling react-native Pods/React-jsitooling » React-jsitooling-dummy.m
› Compiling react-native Pods/React-featureflags » React-featureflags-dummy.m
› Compiling react-native Pods/React-graphics » React-graphics-dummy.m
› Compiling react-native Pods/React-jsiexecutor » React-jsiexecutor-dummy.m
› Compiling react-native Pods/React-jserrorhandler » React-jserrorhandler-dummy.m
› Compiling react-native Pods/React-debug » React-debug-dummy.m
› Compiling react-native Pods/React-Mapbuffer » React-Mapbuffer-dummy.m
› Compiling react-native Pods/React-cxxreact » React-cxxreact-dummy.m
› Packaging react-native Pods/React-debug » libReact-debug.a
› Compiling react-native Pods/React-RCTText » React-RCTText-dummy.m
› Compiling react-native Pods/React-RCTText » NSTextStorage+FontScaling.m
› Compiling expo-image-manipulator Pods/SDWebImageWebPCoder » UIImage+WebP.m
› Compiling expo-image-manipulator Pods/SDWebImageWebPCoder » SDWebImageWebPCoderDefine.m
› Compiling expo-image-manipulator Pods/SDWebImageWebPCoder » SDWebImageWebPCoder-dummy.m
› Compiling expo-image-manipulator Pods/SDWebImageWebPCoder » SDImageWebPCoder.m

⚠️  (ios/Pods/SDWebImageWebPCoder/SDWebImageWebPCoder/Classes/SDImageWebPCoder.m:673:33)

  671 |                 colorSpaceRef = CGColorSpaceCreateWithICCData((__bridge CFDataRef)profileData);
  672 |             } else {
> 673 |                 colorSpaceRef = CGColorSpaceCreateWithICCProfile((__bridge CFDataRef)profileData);
      |                                 ^ 'CGColorSpaceCreateWithICCProfile' is deprecated: first deprecated in iOS 11.0 - No longer supported [-Wdeprecated-declarations]
  674 |             }
  675 |             WebPDemuxReleaseChunkIterator(&chunk_iter);
  676 |             if (colorSpaceRef) {

› Compiling react-native Pods/React-Core » RCTTouchHandler.m
› Compiling react-native Pods/React-Core » RCTTouchEvent.m
› Compiling react-native Pods/React-Core » RCTSwitchManager.m
› Compiling react-native Pods/React-Core » RCTUIManagerUtils.m
› Compiling react-native Pods/React-Core » RCTUtils.m
› Compiling react-native Pods/React-Core » RCTSwitch.m
› Compiling react-native Pods/React-Core » RCTSurfaceStage.m
› Compiling react-native Pods/React-Core » RCTSurfacePresenterStub.m
› Compiling react-native Pods/React-Core » RCTSurfaceRootShadowView.m
› Compiling react-native Pods/React-Core » RCTShadowView+Layout.m
› Compiling react-native Pods/React-Core » RCTShadowView+Internal.m
› Compiling react-native Pods/React-Core » RCTShadowView.m
› Compiling react-native Pods/React-Core » RCTScrollViewManager.m
› Compiling react-native Pods/React-Core » RCTScrollView.m
› Compiling react-native Pods/React-Core » RCTScrollEvent.m
› Compiling react-native Pods/React-Core » RCTScrollContentViewManager.m
› Compiling react-native Pods/React-Core » RCTScrollContentView.m
› Compiling react-native Pods/React-Core » RCTScrollContentShadowView.m
› Compiling react-native Pods/React-Core » RCTSafeAreaViewManager.m
› Compiling react-native Pods/React-Core » RCTSafeAreaViewLocalData.m
› Compiling react-native Pods/React-Core » RCTSafeAreaView.m
› Compiling react-native Pods/React-Core » RCTSafeAreaShadowView.m
› Compiling react-native Pods/React-Core » RCTRootShadowView.m
› Compiling react-native Pods/React-Core » RCTRootView.m
› Compiling react-native Pods/React-Core » RCTRootContentView.m
› Compiling react-native Pods/React-Core » RCTReloadCommand.m
› Compiling react-native Pods/React-Core » RCTRedBoxSetEnabled.m
› Compiling react-native Pods/React-Core » RCTRefreshControl.m
› Compiling react-native Pods/React-Core » RCTRefreshControlManager.m
› Compiling react-native Pods/React-Core » RCTReconnectingWebSocket.m
› Compiling react-native Pods/React-Core » RCTRedBoxExtraDataViewController.m
› Compiling react-native Pods/React-Core » RCTProfile.m
› Compiling react-native Pods/React-Core » RCTPerformanceLoggerLabels.m
› Compiling react-native Pods/React-Core » RCTParserUtils.m
› Compiling react-native Pods/React-Core » RCTPackagerClient.m
› Compiling react-native Pods/React-Core » RCTMultipartStreamReader.m

⚠️  (node_modules/react-native/React/Base/RCTMultipartStreamReader.m:99:18)

   97 |
   98 |   const NSUInteger bufferLen = 4 * 1024;
>  99 |   uint8_t buffer[bufferLen];
      |                  ^ variable length array folded to constant array as an extension [-Wgnu-folding-constant]
  100 |
  101 |   [_stream open];
  102 |   while (true) {

› Compiling react-native Pods/React-Core » RCTMultipartDataTask.m
› Compiling react-native Pods/React-Core » RCTModuleRegistry.m
› Compiling react-native Pods/React-Core » RCTModalHostViewManager.m
› Compiling react-native Pods/React-Core » RCTModalManager.m
› Compiling react-native Pods/React-Core » RCTModalHostViewController.m
› Compiling react-native Pods/React-Core » RCTModalHostView.m
› Compiling react-native Pods/React-Core » RCTLayoutAnimationGroup.m
› Compiling react-native Pods/React-Core » RCTLayoutAnimation.m
› Compiling react-native Pods/React-Core » RCTLayout.m
› Compiling react-native Pods/React-Core » RCTJSThread.m
› Compiling react-native Pods/React-Core » RCTKeyCommands.m
› Compiling react-native Pods/React-Core » RCTJSStackFrame.m
› Compiling react-native Pods/React-Core » RCTI18nUtil.m
› Compiling react-native Pods/React-Core » RCTImageSource.m
› Compiling react-native Pods/React-Core » RCTFrameUpdate.m
› Compiling react-native Pods/React-Core » RCTEventDispatcher.m
› Compiling react-native Pods/React-Core » RCTErrorInfo.m
› Compiling react-native Pods/React-Core » RCTEventEmitter.m
› Compiling react-native Pods/React-Core » RCTDisplayLink.m
› Compiling react-native Pods/React-Core » RCTDevLoadingViewSetEnabled.m
› Compiling react-native Pods/React-Core » RCTDebuggingOverlayManager.m
› Compiling react-native Pods/React-Core » RCTDebuggingOverlay.m
› Compiling react-native Pods/React-Core » RCTCxxConvert.m
› Compiling react-native Pods/React-Core » RCTConvert+Transform.m
› Compiling react-native Pods/React-Core » RCTComponentEvent.m
› Compiling react-native Pods/React-Core » RCTConstants.m
› Compiling react-native Pods/React-Core » RCTCallableJSModules.m
› Compiling react-native Pods/React-Core » RCTBundleManager.m
› Compiling react-native Pods/React-Core » RCTBridgeModuleDecorator.m
› Compiling react-native Pods/React-Core » RCTBridgeConstants.m
› Compiling react-native Pods/React-Core » RCTBorderDrawing.m
› Compiling react-native Pods/React-Core » RCTAssert.m
› Compiling react-native Pods/React-Core » RCTConvert+CoreLocation.m
› Compiling react-native Pods/React-Core » RCTActivityIndicatorViewManager.m
› Compiling react-native Pods/React-Core » RCTActivityIndicatorView.m
› Compiling react-native Pods/React-jsinspector » React-jsinspector-dummy.m
› Compiling react-native Pods/ReactCommon » ReactCommon-dummy.m
› Compiling react-native Pods/React-NativeModulesApple » React-NativeModulesApple-dummy.m
› Compiling react-native Pods/React-hermes » React-hermes-dummy.m
› Compiling react-native Pods/RCTDeprecation » RCTDeprecation-dummy.m
› Compiling react-native Pods/RCT-Folly » RCT-Folly-dummy.m
› Compiling react-native Pods/RCTTypeSafety » RCTTypeSafety-dummy.m
› Compiling expo-structured-headers Pods/EXStructuredHeaders » EXStructuredHeadersParser.m
› Compiling expo-structured-headers Pods/EXStructuredHeaders » EXStructuredHeaders-dummy.m
› Packaging react-native Pods/React-logger » libReact-logger.a
› Packaging react-native Pods/React-Mapbuffer » libReact-Mapbuffer.a
› Packaging expo-image-manipulator Pods/SDWebImageWebPCoder » libSDWebImageWebPCoder.a
› Packaging expo-structured-headers Pods/EXStructuredHeaders » libEXStructuredHeaders.a
› Compiling expo-json-utils Pods/EXJSONUtils » NSDictionary+EXJSONUtils.m
› Compiling expo-json-utils Pods/EXJSONUtils » EXJSONUtils-dummy.m
› Packaging expo-json-utils Pods/EXJSONUtils » libEXJSONUtils.a
› Compiling react-native Pods/DoubleConversion » DoubleConversion-dummy.m
› Packaging react-native Pods/DoubleConversion » libDoubleConversion.a
› Packaging react-native Pods/RCT-Folly » libRCT-Folly.a
› Packaging react-native Pods/React-rendererdebug » libReact-rendererdebug.a
› Packaging react-native Pods/React-perflogger » libReact-perflogger.a
› Packaging react-native Pods/React-jsi » libReact-jsi.a
› Packaging react-native Pods/React-featureflags » libReact-featureflags.a
› Packaging react-native Pods/React-jsinspectortracing » libReact-jsinspectortracing.a
› Compiling expo-dev-menu-interface Pods/expo-dev-menu-interface » expo-dev-menu-interface-dummy.m
› Compiling expo-updates Pods/ReachabilitySwift » ReachabilitySwift-dummy.m
› Packaging react-native Pods/React-jsinspector » libReact-jsinspector.a
› Packaging expo-updates Pods/ReachabilitySwift » libReachabilitySwift.a
› Packaging expo-dev-menu-interface Pods/expo-dev-menu-interface » libexpo-dev-menu-interface.a
› Executing expo-updates Pods/ReachabilitySwift » Copy generated compatibility header
› Executing expo-dev-menu-interface Pods/expo-dev-menu-interface » Copy generated compatibility header
› Packaging react-native Pods/React-cxxreact » libReact-cxxreact.a
› Packaging react-native Pods/React-performancetimeline » libReact-performancetimeline.a
› Packaging react-native Pods/React-jsitooling » libReact-jsitooling.a
› Packaging react-native Pods/React-jsiexecutor » libReact-jsiexecutor.a
› Packaging react-native Pods/React-hermes » libReact-hermes.a
› Packaging react-native Pods/React-utils » libReact-utils.a
› Packaging react-native Pods/ReactCommon » libReactCommon.a
› Packaging react-native Pods/React-renderercss » libReact-renderercss.a
› Packaging react-native Pods/React-graphics » libReact-graphics.a
› Packaging react-native Pods/React-runtimescheduler » libReact-runtimescheduler.a
› Packaging react-native Pods/React-jserrorhandler » libReact-jserrorhandler.a
› Compiling react-native Pods/RCTDeprecation » RCTDeprecation.m
› Packaging react-native Pods/RCTDeprecation » libRCTDeprecation.a
› Packaging react-native Pods/React-Core » libReact-Core.a
› Packaging react-native Pods/React-RCTText » libReact-RCTText.a
› Packaging @react-native-community/netinfo Pods/react-native-netinfo » libreact-native-netinfo.a
› Packaging react-native Pods/RCTTypeSafety » libRCTTypeSafety.a
› Packaging react-native Pods/React-NativeModulesApple » libReact-NativeModulesApple.a
› Executing react-native Pods/React-Fabric » [CP-User] [RN]Check rncore
› Compiling react-native Pods/React-RuntimeHermes » HermesInstance.cpp
› Compiling react-native Pods/React-RuntimeCore » BufferedRuntimeExecutor.cpp
› Compiling react-native Pods/React-RuntimeCore » LegacyUIManagerConstantsProviderBinding.cpp
› Compiling react-native Pods/React-RuntimeCore » BridgelessNativeMethodCallInvoker.cpp
› Compiling react-native Pods/React-RuntimeCore » ReactInstance.cpp
› Compiling react-native Pods/React-FabricImage » ImageEventEmitter.cpp
› Compiling react-native Pods/React-RuntimeCore » TimerManager.cpp
› Compiling react-native Pods/React-ImageManager » RCTSyncImageManager.mm
› Compiling react-native Pods/React-ImageManager » RCTImageManager.mm
› Compiling react-native Pods/React-ImageManager » ImageManager.mm
› Compiling react-native Pods/React-FabricImage » ImageState.cpp
› Compiling react-native Pods/React-FabricImage » ImageShadowNode.cpp
› Compiling react-native Pods/React-FabricImage » ImageProps.cpp
› Compiling react-native Pods/React-FabricImage » ImageComponentDescriptor.cpp
› Compiling react-native Pods/React-Fabric » utils.cpp

⚠️  (ios/Pods/Headers/Private/React-Fabric/react/renderer/mounting/ShadowViewMutation.h:47:7)

  45 |   /**
  46 |    * Creates and returns an `Insert` mutation.
> 47 |    * @deprecated Pass parentTag instead of parentShadowView.
     |       ^ declaration is marked with '@deprecated' command but does not have a deprecation attribute [-Wdocumentation-deprecated-sync]
  48 |    */
  49 |   static ShadowViewMutation InsertMutation(
  50 |       const ShadowView& parentShadowView,


⚠️  (ios/Pods/Headers/Private/React-Fabric/react/renderer/mounting/ShadowViewMutation.h:64:7)

  62 |   /**
  63 |    * Creates and returns a `Remove` mutation.
> 64 |    * @deprecated Pass parentTag instead of parentShadowView.
     |       ^ declaration is marked with '@deprecated' command but does not have a deprecation attribute [-Wdocumentation-deprecated-sync]
  65 |    */
  66 |   static ShadowViewMutation RemoveMutation(
  67 |       const ShadowView& parentShadowView,


⚠️  (ios/Pods/Headers/Private/React-Fabric/react/renderer/mounting/ShadowViewMutation.h:83:7)

  81 |   /**
  82 |    * Creates and returns an `Update` mutation.
> 83 |    * @deprecated Pass parentTag instead of parentShadowView.
     |       ^ declaration is marked with '@deprecated' command but does not have a deprecation attribute [-Wdocumentation-deprecated-sync]
  84 |    */
  85 |   static ShadowViewMutation UpdateMutation(
  86 |       ShadowView oldChildShadowView,

› Compiling react-native Pods/React-Fabric » updateMountedFlag.cpp
› Compiling react-native Pods/React-Fabric » stubs.cpp

⚠️  (ios/Pods/Headers/Private/React-Fabric/react/renderer/mounting/ShadowViewMutation.h:47:7)

  45 |   /**
  46 |    * Creates and returns an `Insert` mutation.
> 47 |    * @deprecated Pass parentTag instead of parentShadowView.
     |       ^ declaration is marked with '@deprecated' command but does not have a deprecation attribute [-Wdocumentation-deprecated-sync]
  48 |    */
  49 |   static ShadowViewMutation InsertMutation(
  50 |       const ShadowView& parentShadowView,


⚠️  (ios/Pods/Headers/Private/React-Fabric/react/renderer/mounting/ShadowViewMutation.h:64:7)

  62 |   /**
  63 |    * Creates and returns a `Remove` mutation.
> 64 |    * @deprecated Pass parentTag instead of parentShadowView.
     |       ^ declaration is marked with '@deprecated' command but does not have a deprecation attribute [-Wdocumentation-deprecated-sync]
  65 |    */
  66 |   static ShadowViewMutation RemoveMutation(
  67 |       const ShadowView& parentShadowView,


⚠️  (ios/Pods/Headers/Private/React-Fabric/react/renderer/mounting/ShadowViewMutation.h:83:7)

  81 |   /**
  82 |    * Creates and returns an `Update` mutation.
> 83 |    * @deprecated Pass parentTag instead of parentShadowView.
     |       ^ declaration is marked with '@deprecated' command but does not have a deprecation attribute [-Wdocumentation-deprecated-sync]
  84 |    */
  85 |   static ShadowViewMutation UpdateMutation(
  86 |       ShadowView oldChildShadowView,

› Compiling react-native Pods/React-Fabric » sliceChildShadowNodeViewPairs.cpp
› Compiling react-native Pods/React-Fabric » componentNameByReactViewName.cpp
› Compiling react-native Pods/React-Fabric » YogaStylableProps.cpp

⚠️  (ios/Pods/Headers/Public/React-renderercss/react/renderer/css/CSSSyntaxParser.h:150:13)

  148 |    * https://www.w3.org/TR/css-syntax-3/#consume-component-value
  149 |    *
> 150 |    * @param <ReturnT> caller-specified return type of visitors. This type will
      |             ^ parameter '<ReturnT>' not found in the function declaration [-Wdocumentation]
  151 |    * be set to its default constructed state if consuming a component value with
  152 |    * no matching visitors, or syntax error
  153 |    * @param visitors A unique list of CSSComponentValueVisitor to be called on a

› Compiling react-native Pods/React-Fabric » YogaLayoutableShadowNode.cpp

⚠️  (ios/Pods/Headers/Public/React-renderercss/react/renderer/css/CSSSyntaxParser.h:150:13)

  148 |    * https://www.w3.org/TR/css-syntax-3/#consume-component-value
  149 |    *
> 150 |    * @param <ReturnT> caller-specified return type of visitors. This type will
      |             ^ parameter '<ReturnT>' not found in the function declaration [-Wdocumentation]
  151 |    * be set to its default constructed state if consuming a component value with
  152 |    * no matching visitors, or syntax error
  153 |    * @param visitors A unique list of CSSComponentValueVisitor to be called on a

› Compiling react-native Pods/React-Fabric » WeakFamilyRegistry.cpp
› Compiling react-native Pods/React-Fabric » ViewShadowNode.cpp
› Compiling react-native Pods/React-Fabric » ValueFactoryEventPayload.cpp
› Compiling react-native Pods/React-Fabric » UnstableLegacyViewManagerAutomaticShadowNode.cpp
› Compiling react-native Pods/React-Fabric » UnstableLegacyViewManagerAutomaticComponentDescriptor.cpp
› Compiling react-native Pods/React-Fabric » UIManagerBinding.cpp

⚠️  (ios/Pods/Headers/Private/React-Fabric/react/renderer/mounting/ShadowViewMutation.h:47:7)

  45 |   /**
  46 |    * Creates and returns an `Insert` mutation.
> 47 |    * @deprecated Pass parentTag instead of parentShadowView.
     |       ^ declaration is marked with '@deprecated' command but does not have a deprecation attribute [-Wdocumentation-deprecated-sync]
  48 |    */
  49 |   static ShadowViewMutation InsertMutation(
  50 |       const ShadowView& parentShadowView,


⚠️  (ios/Pods/Headers/Private/React-Fabric/react/renderer/mounting/ShadowViewMutation.h:64:7)

  62 |   /**
  63 |    * Creates and returns a `Remove` mutation.
> 64 |    * @deprecated Pass parentTag instead of parentShadowView.
     |       ^ declaration is marked with '@deprecated' command but does not have a deprecation attribute [-Wdocumentation-deprecated-sync]
  65 |    */
  66 |   static ShadowViewMutation RemoveMutation(
  67 |       const ShadowView& parentShadowView,


⚠️  (ios/Pods/Headers/Private/React-Fabric/react/renderer/mounting/ShadowViewMutation.h:83:7)

  81 |   /**
  82 |    * Creates and returns an `Update` mutation.
> 83 |    * @deprecated Pass parentTag instead of parentShadowView.
     |       ^ declaration is marked with '@deprecated' command but does not have a deprecation attribute [-Wdocumentation-deprecated-sync]
  84 |    */
  85 |   static ShadowViewMutation UpdateMutation(
  86 |       ShadowView oldChildShadowView,

› Compiling react-native Pods/React-Fabric » UIManager.cpp

⚠️  (ios/Pods/Headers/Private/React-Fabric/react/renderer/mounting/ShadowViewMutation.h:47:7)

  45 |   /**
  46 |    * Creates and returns an `Insert` mutation.
> 47 |    * @deprecated Pass parentTag instead of parentShadowView.
     |       ^ declaration is marked with '@deprecated' command but does not have a deprecation attribute [-Wdocumentation-deprecated-sync]
  48 |    */
  49 |   static ShadowViewMutation InsertMutation(
  50 |       const ShadowView& parentShadowView,


⚠️  (ios/Pods/Headers/Private/React-Fabric/react/renderer/mounting/ShadowViewMutation.h:64:7)

  62 |   /**
  63 |    * Creates and returns a `Remove` mutation.
> 64 |    * @deprecated Pass parentTag instead of parentShadowView.
     |       ^ declaration is marked with '@deprecated' command but does not have a deprecation attribute [-Wdocumentation-deprecated-sync]
  65 |    */
  66 |   static ShadowViewMutation RemoveMutation(
  67 |       const ShadowView& parentShadowView,


⚠️  (ios/Pods/Headers/Private/React-Fabric/react/renderer/mounting/ShadowViewMutation.h:83:7)

  81 |   /**
  82 |    * Creates and returns an `Update` mutation.
> 83 |    * @deprecated Pass parentTag instead of parentShadowView.
     |       ^ declaration is marked with '@deprecated' command but does not have a deprecation attribute [-Wdocumentation-deprecated-sync]
  84 |    */
  85 |   static ShadowViewMutation UpdateMutation(
  86 |       ShadowView oldChildShadowView,

› Compiling react-native Pods/React-Fabric » TransactionTelemetry.cpp
› Compiling react-native Pods/React-Fabric » TouchEventEmitter.cpp
› Compiling react-native Pods/React-Fabric » TouchEvent.cpp
› Compiling react-native Pods/React-Fabric » TextAttributes.cpp
› Compiling react-native Pods/React-Fabric » TelemetryController.cpp

⚠️  (ios/Pods/Headers/Private/React-Fabric/react/renderer/mounting/ShadowViewMutation.h:47:7)

  45 |   /**
  46 |    * Creates and returns an `Insert` mutation.
> 47 |    * @deprecated Pass parentTag instead of parentShadowView.
     |       ^ declaration is marked with '@deprecated' command but does not have a deprecation attribute [-Wdocumentation-deprecated-sync]
  48 |    */
  49 |   static ShadowViewMutation InsertMutation(
  50 |       const ShadowView& parentShadowView,


⚠️  (ios/Pods/Headers/Private/React-Fabric/react/renderer/mounting/ShadowViewMutation.h:64:7)

  62 |   /**
  63 |    * Creates and returns a `Remove` mutation.
> 64 |    * @deprecated Pass parentTag instead of parentShadowView.
     |       ^ declaration is marked with '@deprecated' command but does not have a deprecation attribute [-Wdocumentation-deprecated-sync]
  65 |    */
  66 |   static ShadowViewMutation RemoveMutation(
  67 |       const ShadowView& parentShadowView,


⚠️  (ios/Pods/Headers/Private/React-Fabric/react/renderer/mounting/ShadowViewMutation.h:83:7)

  81 |   /**
  82 |    * Creates and returns an `Update` mutation.
> 83 |    * @deprecated Pass parentTag instead of parentShadowView.
     |       ^ declaration is marked with '@deprecated' command but does not have a deprecation attribute [-Wdocumentation-deprecated-sync]
  84 |    */
  85 |   static ShadowViewMutation UpdateMutation(
  86 |       ShadowView oldChildShadowView,

› Compiling react-native Pods/React-Fabric » SurfaceTelemetry.cpp
› Compiling react-native Pods/React-Fabric » SurfaceManager.cpp

⚠️  (ios/Pods/Headers/Private/React-Fabric/react/renderer/mounting/ShadowViewMutation.h:47:7)

  45 |   /**
  46 |    * Creates and returns an `Insert` mutation.
> 47 |    * @deprecated Pass parentTag instead of parentShadowView.
     |       ^ declaration is marked with '@deprecated' command but does not have a deprecation attribute [-Wdocumentation-deprecated-sync]
  48 |    */
  49 |   static ShadowViewMutation InsertMutation(
  50 |       const ShadowView& parentShadowView,


⚠️  (ios/Pods/Headers/Private/React-Fabric/react/renderer/mounting/ShadowViewMutation.h:64:7)

  62 |   /**
  63 |    * Creates and returns a `Remove` mutation.
> 64 |    * @deprecated Pass parentTag instead of parentShadowView.
     |       ^ declaration is marked with '@deprecated' command but does not have a deprecation attribute [-Wdocumentation-deprecated-sync]
  65 |    */
  66 |   static ShadowViewMutation RemoveMutation(
  67 |       const ShadowView& parentShadowView,


⚠️  (ios/Pods/Headers/Private/React-Fabric/react/renderer/mounting/ShadowViewMutation.h:83:7)

  81 |   /**
  82 |    * Creates and returns an `Update` mutation.
> 83 |    * @deprecated Pass parentTag instead of parentShadowView.
     |       ^ declaration is marked with '@deprecated' command but does not have a deprecation attribute [-Wdocumentation-deprecated-sync]
  84 |    */
  85 |   static ShadowViewMutation UpdateMutation(
  86 |       ShadowView oldChildShadowView,

› Compiling react-native Pods/React-Fabric » SurfaceHandler.cpp

⚠️  (ios/Pods/Headers/Private/React-Fabric/react/renderer/mounting/ShadowViewMutation.h:47:7)

  45 |   /**
  46 |    * Creates and returns an `Insert` mutation.
> 47 |    * @deprecated Pass parentTag instead of parentShadowView.
     |       ^ declaration is marked with '@deprecated' command but does not have a deprecation attribute [-Wdocumentation-deprecated-sync]
  48 |    */
  49 |   static ShadowViewMutation InsertMutation(
  50 |       const ShadowView& parentShadowView,


⚠️  (ios/Pods/Headers/Private/React-Fabric/react/renderer/mounting/ShadowViewMutation.h:64:7)

  62 |   /**
  63 |    * Creates and returns a `Remove` mutation.
> 64 |    * @deprecated Pass parentTag instead of parentShadowView.
     |       ^ declaration is marked with '@deprecated' command but does not have a deprecation attribute [-Wdocumentation-deprecated-sync]
  65 |    */
  66 |   static ShadowViewMutation RemoveMutation(
  67 |       const ShadowView& parentShadowView,


⚠️  (ios/Pods/Headers/Private/React-Fabric/react/renderer/mounting/ShadowViewMutation.h:83:7)

  81 |   /**
  82 |    * Creates and returns an `Update` mutation.
> 83 |    * @deprecated Pass parentTag instead of parentShadowView.
     |       ^ declaration is marked with '@deprecated' command but does not have a deprecation attribute [-Wdocumentation-deprecated-sync]
  84 |    */
  85 |   static ShadowViewMutation UpdateMutation(
  86 |       ShadowView oldChildShadowView,

› Compiling react-native Pods/React-Fabric » StubViewTree.cpp

⚠️  (ios/Pods/Headers/Private/React-Fabric/react/renderer/mounting/ShadowViewMutation.h:47:7)

  45 |   /**
  46 |    * Creates and returns an `Insert` mutation.
> 47 |    * @deprecated Pass parentTag instead of parentShadowView.
     |       ^ declaration is marked with '@deprecated' command but does not have a deprecation attribute [-Wdocumentation-deprecated-sync]
  48 |    */
  49 |   static ShadowViewMutation InsertMutation(
  50 |       const ShadowView& parentShadowView,


⚠️  (ios/Pods/Headers/Private/React-Fabric/react/renderer/mounting/ShadowViewMutation.h:64:7)

  62 |   /**
  63 |    * Creates and returns a `Remove` mutation.
> 64 |    * @deprecated Pass parentTag instead of parentShadowView.
     |       ^ declaration is marked with '@deprecated' command but does not have a deprecation attribute [-Wdocumentation-deprecated-sync]
  65 |    */
  66 |   static ShadowViewMutation RemoveMutation(
  67 |       const ShadowView& parentShadowView,


⚠️  (ios/Pods/Headers/Private/React-Fabric/react/renderer/mounting/ShadowViewMutation.h:83:7)

  81 |   /**
  82 |    * Creates and returns an `Update` mutation.
> 83 |    * @deprecated Pass parentTag instead of parentShadowView.
     |       ^ declaration is marked with '@deprecated' command but does not have a deprecation attribute [-Wdocumentation-deprecated-sync]
  84 |    */
  85 |   static ShadowViewMutation UpdateMutation(
  86 |       ShadowView oldChildShadowView,

› Compiling react-native Pods/React-Fabric » StubView.cpp
› Compiling react-native Pods/React-Fabric » StateUpdate.cpp
› Compiling react-native Pods/React-Fabric » State.cpp
› Compiling react-native Pods/React-Fabric » ShadowViewMutation.cpp

⚠️  (node_modules/react-native/ReactCommon/react/renderer/mounting/ShadowViewMutation.h:47:7)

  45 |   /**
  46 |    * Creates and returns an `Insert` mutation.
> 47 |    * @deprecated Pass parentTag instead of parentShadowView.
     |       ^ declaration is marked with '@deprecated' command but does not have a deprecation attribute [-Wdocumentation-deprecated-sync]
  48 |    */
  49 |   static ShadowViewMutation InsertMutation(
  50 |       const ShadowView& parentShadowView,


⚠️  (node_modules/react-native/ReactCommon/react/renderer/mounting/ShadowViewMutation.h:64:7)

  62 |   /**
  63 |    * Creates and returns a `Remove` mutation.
> 64 |    * @deprecated Pass parentTag instead of parentShadowView.
     |       ^ declaration is marked with '@deprecated' command but does not have a deprecation attribute [-Wdocumentation-deprecated-sync]
  65 |    */
  66 |   static ShadowViewMutation RemoveMutation(
  67 |       const ShadowView& parentShadowView,


⚠️  (node_modules/react-native/ReactCommon/react/renderer/mounting/ShadowViewMutation.h:83:7)

  81 |   /**
  82 |    * Creates and returns an `Update` mutation.
> 83 |    * @deprecated Pass parentTag instead of parentShadowView.
     |       ^ declaration is marked with '@deprecated' command but does not have a deprecation attribute [-Wdocumentation-deprecated-sync]
  84 |    */
  85 |   static ShadowViewMutation UpdateMutation(
  86 |       ShadowView oldChildShadowView,

› Compiling react-native Pods/React-Fabric » ShadowView.cpp
› Compiling react-native Pods/React-Fabric » ShadowTreeRevisionConsistencyManager.cpp
› Compiling react-native Pods/React-Fabric » ShadowTreeRevision.cpp

⚠️  (ios/Pods/Headers/Private/React-Fabric/react/renderer/mounting/ShadowViewMutation.h:47:7)

  45 |   /**
  46 |    * Creates and returns an `Insert` mutation.
> 47 |    * @deprecated Pass parentTag instead of parentShadowView.
     |       ^ declaration is marked with '@deprecated' command but does not have a deprecation attribute [-Wdocumentation-deprecated-sync]
  48 |    */
  49 |   static ShadowViewMutation InsertMutation(
  50 |       const ShadowView& parentShadowView,


⚠️  (ios/Pods/Headers/Private/React-Fabric/react/renderer/mounting/ShadowViewMutation.h:64:7)

  62 |   /**
  63 |    * Creates and returns a `Remove` mutation.
> 64 |    * @deprecated Pass parentTag instead of parentShadowView.
     |       ^ declaration is marked with '@deprecated' command but does not have a deprecation attribute [-Wdocumentation-deprecated-sync]
  65 |    */
  66 |   static ShadowViewMutation RemoveMutation(
  67 |       const ShadowView& parentShadowView,


⚠️  (ios/Pods/Headers/Private/React-Fabric/react/renderer/mounting/ShadowViewMutation.h:83:7)

  81 |   /**
  82 |    * Creates and returns an `Update` mutation.
> 83 |    * @deprecated Pass parentTag instead of parentShadowView.
     |       ^ declaration is marked with '@deprecated' command but does not have a deprecation attribute [-Wdocumentation-deprecated-sync]
  84 |    */
  85 |   static ShadowViewMutation UpdateMutation(
  86 |       ShadowView oldChildShadowView,

› Compiling react-native Pods/React-Fabric » ShadowTreeRegistry.cpp

⚠️  (ios/Pods/Headers/Private/React-Fabric/react/renderer/mounting/ShadowViewMutation.h:47:7)

  45 |   /**
  46 |    * Creates and returns an `Insert` mutation.
> 47 |    * @deprecated Pass parentTag instead of parentShadowView.
     |       ^ declaration is marked with '@deprecated' command but does not have a deprecation attribute [-Wdocumentation-deprecated-sync]
  48 |    */
  49 |   static ShadowViewMutation InsertMutation(
  50 |       const ShadowView& parentShadowView,


⚠️  (ios/Pods/Headers/Private/React-Fabric/react/renderer/mounting/ShadowViewMutation.h:64:7)

  62 |   /**
  63 |    * Creates and returns a `Remove` mutation.
> 64 |    * @deprecated Pass parentTag instead of parentShadowView.
     |       ^ declaration is marked with '@deprecated' command but does not have a deprecation attribute [-Wdocumentation-deprecated-sync]
  65 |    */
  66 |   static ShadowViewMutation RemoveMutation(
  67 |       const ShadowView& parentShadowView,


⚠️  (ios/Pods/Headers/Private/React-Fabric/react/renderer/mounting/ShadowViewMutation.h:83:7)

  81 |   /**
  82 |    * Creates and returns an `Update` mutation.
> 83 |    * @deprecated Pass parentTag instead of parentShadowView.
     |       ^ declaration is marked with '@deprecated' command but does not have a deprecation attribute [-Wdocumentation-deprecated-sync]
  84 |    */
  85 |   static ShadowViewMutation UpdateMutation(
  86 |       ShadowView oldChildShadowView,

› Compiling react-native Pods/React-Fabric » ShadowTree.cpp

⚠️  (ios/Pods/Headers/Private/React-Fabric/react/renderer/mounting/ShadowViewMutation.h:47:7)

  45 |   /**
  46 |    * Creates and returns an `Insert` mutation.
> 47 |    * @deprecated Pass parentTag instead of parentShadowView.
     |       ^ declaration is marked with '@deprecated' command but does not have a deprecation attribute [-Wdocumentation-deprecated-sync]
  48 |    */
  49 |   static ShadowViewMutation InsertMutation(
  50 |       const ShadowView& parentShadowView,


⚠️  (ios/Pods/Headers/Private/React-Fabric/react/renderer/mounting/ShadowViewMutation.h:64:7)

  62 |   /**
  63 |    * Creates and returns a `Remove` mutation.
> 64 |    * @deprecated Pass parentTag instead of parentShadowView.
     |       ^ declaration is marked with '@deprecated' command but does not have a deprecation attribute [-Wdocumentation-deprecated-sync]
  65 |    */
  66 |   static ShadowViewMutation RemoveMutation(
  67 |       const ShadowView& parentShadowView,


⚠️  (ios/Pods/Headers/Private/React-Fabric/react/renderer/mounting/ShadowViewMutation.h:83:7)

  81 |   /**
  82 |    * Creates and returns an `Update` mutation.
> 83 |    * @deprecated Pass parentTag instead of parentShadowView.
     |       ^ declaration is marked with '@deprecated' command but does not have a deprecation attribute [-Wdocumentation-deprecated-sync]
  84 |    */
  85 |   static ShadowViewMutation UpdateMutation(
  86 |       ShadowView oldChildShadowView,

› Compiling react-native Pods/React-Fabric » ShadowNodeTraits.cpp
› Compiling react-native Pods/React-Fabric » ShadowNodeFragment.cpp
› Compiling react-native Pods/React-Fabric » ShadowNodeFamily.cpp
› Compiling react-native Pods/React-Fabric » ShadowNode.cpp
› Compiling react-native Pods/React-Fabric » Sealable.cpp
› Compiling react-native Pods/React-Fabric » ScrollViewState.cpp
› Compiling react-native Pods/React-Fabric » ScrollViewShadowNode.cpp
› Compiling react-native Pods/React-Fabric » ScrollViewProps.cpp
› Compiling react-native Pods/React-Fabric » ScrollViewEventEmitter.cpp
› Compiling react-native Pods/React-Fabric » ScrollEvent.cpp
› Compiling react-native Pods/React-Fabric » Scheduler.cpp

⚠️  (ios/Pods/Headers/Private/React-Fabric/react/renderer/mounting/ShadowViewMutation.h:47:7)

  45 |   /**
  46 |    * Creates and returns an `Insert` mutation.
> 47 |    * @deprecated Pass parentTag instead of parentShadowView.
     |       ^ declaration is marked with '@deprecated' command but does not have a deprecation attribute [-Wdocumentation-deprecated-sync]
  48 |    */
  49 |   static ShadowViewMutation InsertMutation(
  50 |       const ShadowView& parentShadowView,


⚠️  (ios/Pods/Headers/Private/React-Fabric/react/renderer/mounting/ShadowViewMutation.h:64:7)

  62 |   /**
  63 |    * Creates and returns a `Remove` mutation.
> 64 |    * @deprecated Pass parentTag instead of parentShadowView.
     |       ^ declaration is marked with '@deprecated' command but does not have a deprecation attribute [-Wdocumentation-deprecated-sync]
  65 |    */
  66 |   static ShadowViewMutation RemoveMutation(
  67 |       const ShadowView& parentShadowView,


⚠️  (ios/Pods/Headers/Private/React-Fabric/react/renderer/mounting/ShadowViewMutation.h:83:7)

  81 |   /**
  82 |    * Creates and returns an `Update` mutation.
> 83 |    * @deprecated Pass parentTag instead of parentShadowView.
     |       ^ declaration is marked with '@deprecated' command but does not have a deprecation attribute [-Wdocumentation-deprecated-sync]
  84 |    */
  85 |   static ShadowViewMutation UpdateMutation(
  86 |       ShadowView oldChildShadowView,

› Compiling react-native Pods/React-Fabric » RootShadowNode.cpp

⚠️  (ios/Pods/Headers/Public/React-renderercss/react/renderer/css/CSSSyntaxParser.h:150:13)

  148 |    * https://www.w3.org/TR/css-syntax-3/#consume-component-value
  149 |    *
> 150 |    * @param <ReturnT> caller-specified return type of visitors. This type will
      |             ^ parameter '<ReturnT>' not found in the function declaration [-Wdocumentation]
  151 |    * be set to its default constructed state if consuming a component value with
  152 |    * no matching visitors, or syntax error
  153 |    * @param visitors A unique list of CSSComponentValueVisitor to be called on a

› Compiling react-native Pods/React-Fabric » RootProps.cpp

⚠️  (ios/Pods/Headers/Public/React-renderercss/react/renderer/css/CSSSyntaxParser.h:150:13)

  148 |    * https://www.w3.org/TR/css-syntax-3/#consume-component-value
  149 |    *
> 150 |    * @param <ReturnT> caller-specified return type of visitors. This type will
      |             ^ parameter '<ReturnT>' not found in the function declaration [-Wdocumentation]
  151 |    * be set to its default constructed state if consuming a component value with
  152 |    * no matching visitors, or syntax error
  153 |    * @param visitors A unique list of CSSComponentValueVisitor to be called on a

› Compiling react-native Pods/React-Fabric » ReactRootViewTagGenerator.cpp
› Compiling react-native Pods/React-Fabric » RawValue.cpp
› Compiling react-native Pods/React-Fabric » RawPropsParser.cpp
› Compiling react-native Pods/React-Fabric » RawPropsKeyMap.cpp
› Compiling react-native Pods/React-Fabric » RawPropsKey.cpp
› Compiling react-native Pods/React-Fabric » RawProps.cpp
› Compiling react-native Pods/React-Fabric » RawEvent.cpp
› Compiling react-native Pods/React-Fabric » RCTLegacyViewManagerInteropCoordinator.mm
› Compiling react-native Pods/React-Fabric » Props.cpp
› Compiling react-native Pods/React-Fabric » PointerHoverTracker.cpp

⚠️  (ios/Pods/Headers/Private/React-Fabric/react/renderer/mounting/ShadowViewMutation.h:47:7)

  45 |   /**
  46 |    * Creates and returns an `Insert` mutation.
> 47 |    * @deprecated Pass parentTag instead of parentShadowView.
     |       ^ declaration is marked with '@deprecated' command but does not have a deprecation attribute [-Wdocumentation-deprecated-sync]
  48 |    */
  49 |   static ShadowViewMutation InsertMutation(
  50 |       const ShadowView& parentShadowView,


⚠️  (ios/Pods/Headers/Private/React-Fabric/react/renderer/mounting/ShadowViewMutation.h:64:7)

  62 |   /**
  63 |    * Creates and returns a `Remove` mutation.
> 64 |    * @deprecated Pass parentTag instead of parentShadowView.
     |       ^ declaration is marked with '@deprecated' command but does not have a deprecation attribute [-Wdocumentation-deprecated-sync]
  65 |    */
  66 |   static ShadowViewMutation RemoveMutation(
  67 |       const ShadowView& parentShadowView,


⚠️  (ios/Pods/Headers/Private/React-Fabric/react/renderer/mounting/ShadowViewMutation.h:83:7)

  81 |   /**
  82 |    * Creates and returns an `Update` mutation.
> 83 |    * @deprecated Pass parentTag instead of parentShadowView.
     |       ^ declaration is marked with '@deprecated' command but does not have a deprecation attribute [-Wdocumentation-deprecated-sync]
  84 |    */
  85 |   static ShadowViewMutation UpdateMutation(
  86 |       ShadowView oldChildShadowView,

› Compiling react-native Pods/React-Fabric » PointerEventsProcessor.cpp

⚠️  (ios/Pods/Headers/Private/React-Fabric/react/renderer/mounting/ShadowViewMutation.h:47:7)

  45 |   /**
  46 |    * Creates and returns an `Insert` mutation.
> 47 |    * @deprecated Pass parentTag instead of parentShadowView.
     |       ^ declaration is marked with '@deprecated' command but does not have a deprecation attribute [-Wdocumentation-deprecated-sync]
  48 |    */
  49 |   static ShadowViewMutation InsertMutation(
  50 |       const ShadowView& parentShadowView,


⚠️  (ios/Pods/Headers/Private/React-Fabric/react/renderer/mounting/ShadowViewMutation.h:64:7)

  62 |   /**
  63 |    * Creates and returns a `Remove` mutation.
> 64 |    * @deprecated Pass parentTag instead of parentShadowView.
     |       ^ declaration is marked with '@deprecated' command but does not have a deprecation attribute [-Wdocumentation-deprecated-sync]
  65 |    */
  66 |   static ShadowViewMutation RemoveMutation(
  67 |       const ShadowView& parentShadowView,


⚠️  (ios/Pods/Headers/Private/React-Fabric/react/renderer/mounting/ShadowViewMutation.h:83:7)

  81 |   /**
  82 |    * Creates and returns an `Update` mutation.
> 83 |    * @deprecated Pass parentTag instead of parentShadowView.
     |       ^ declaration is marked with '@deprecated' command but does not have a deprecation attribute [-Wdocumentation-deprecated-sync]
  84 |    */
  85 |   static ShadowViewMutation UpdateMutation(
  86 |       ShadowView oldChildShadowView,

› Compiling react-native Pods/React-Fabric » PointerEvent.cpp
› Compiling react-native Pods/React-Fabric » ParagraphAttributes.cpp
› Compiling react-native Pods/React-Fabric » NativeComponentRegistryBinding.cpp
› Compiling react-native Pods/React-Fabric » MountingTransaction.cpp

⚠️  (ios/Pods/Headers/Private/React-Fabric/react/renderer/mounting/ShadowViewMutation.h:47:7)

  45 |   /**
  46 |    * Creates and returns an `Insert` mutation.
> 47 |    * @deprecated Pass parentTag instead of parentShadowView.
     |       ^ declaration is marked with '@deprecated' command but does not have a deprecation attribute [-Wdocumentation-deprecated-sync]
  48 |    */
  49 |   static ShadowViewMutation InsertMutation(
  50 |       const ShadowView& parentShadowView,


⚠️  (ios/Pods/Headers/Private/React-Fabric/react/renderer/mounting/ShadowViewMutation.h:64:7)

  62 |   /**
  63 |    * Creates and returns a `Remove` mutation.
> 64 |    * @deprecated Pass parentTag instead of parentShadowView.
     |       ^ declaration is marked with '@deprecated' command but does not have a deprecation attribute [-Wdocumentation-deprecated-sync]
  65 |    */
  66 |   static ShadowViewMutation RemoveMutation(
  67 |       const ShadowView& parentShadowView,


⚠️  (ios/Pods/Headers/Private/React-Fabric/react/renderer/mounting/ShadowViewMutation.h:83:7)

  81 |   /**
  82 |    * Creates and returns an `Update` mutation.
> 83 |    * @deprecated Pass parentTag instead of parentShadowView.
     |       ^ declaration is marked with '@deprecated' command but does not have a deprecation attribute [-Wdocumentation-deprecated-sync]
  84 |    */
  85 |   static ShadowViewMutation UpdateMutation(
  86 |       ShadowView oldChildShadowView,

› Compiling react-native Pods/React-Fabric » MountingCoordinator.cpp

⚠️  (ios/Pods/Headers/Private/React-Fabric/react/renderer/mounting/ShadowViewMutation.h:47:7)

  45 |   /**
  46 |    * Creates and returns an `Insert` mutation.
> 47 |    * @deprecated Pass parentTag instead of parentShadowView.
     |       ^ declaration is marked with '@deprecated' command but does not have a deprecation attribute [-Wdocumentation-deprecated-sync]
  48 |    */
  49 |   static ShadowViewMutation InsertMutation(
  50 |       const ShadowView& parentShadowView,


⚠️  (ios/Pods/Headers/Private/React-Fabric/react/renderer/mounting/ShadowViewMutation.h:64:7)

  62 |   /**
  63 |    * Creates and returns a `Remove` mutation.
> 64 |    * @deprecated Pass parentTag instead of parentShadowView.
     |       ^ declaration is marked with '@deprecated' command but does not have a deprecation attribute [-Wdocumentation-deprecated-sync]
  65 |    */
  66 |   static ShadowViewMutation RemoveMutation(
  67 |       const ShadowView& parentShadowView,


⚠️  (ios/Pods/Headers/Private/React-Fabric/react/renderer/mounting/ShadowViewMutation.h:83:7)

  81 |   /**
  82 |    * Creates and returns an `Update` mutation.
> 83 |    * @deprecated Pass parentTag instead of parentShadowView.
     |       ^ declaration is marked with '@deprecated' command but does not have a deprecation attribute [-Wdocumentation-deprecated-sync]
  84 |    */
  85 |   static ShadowViewMutation UpdateMutation(
  86 |       ShadowView oldChildShadowView,

› Compiling react-native Pods/React-Fabric » LegacyViewManagerInteropViewProps.cpp
› Compiling react-native Pods/React-Fabric » LegacyViewManagerInteropViewEventEmitter.cpp
› Compiling react-native Pods/React-Fabric » LegacyViewManagerInteropState.mm
› Compiling react-native Pods/React-Fabric » LegacyViewManagerInteropShadowNode.cpp
› Compiling react-native Pods/React-Fabric » LegacyViewManagerInteropComponentDescriptor.mm
› Compiling react-native Pods/React-Fabric » LeakChecker.cpp
› Compiling react-native Pods/React-Fabric » LazyShadowTreeRevisionConsistencyManager.cpp

⚠️  (ios/Pods/Headers/Private/React-Fabric/react/renderer/mounting/ShadowViewMutation.h:47:7)

  45 |   /**
  46 |    * Creates and returns an `Insert` mutation.
> 47 |    * @deprecated Pass parentTag instead of parentShadowView.
     |       ^ declaration is marked with '@deprecated' command but does not have a deprecation attribute [-Wdocumentation-deprecated-sync]
  48 |    */
  49 |   static ShadowViewMutation InsertMutation(
  50 |       const ShadowView& parentShadowView,


⚠️  (ios/Pods/Headers/Private/React-Fabric/react/renderer/mounting/ShadowViewMutation.h:64:7)

  62 |   /**
  63 |    * Creates and returns a `Remove` mutation.
> 64 |    * @deprecated Pass parentTag instead of parentShadowView.
     |       ^ declaration is marked with '@deprecated' command but does not have a deprecation attribute [-Wdocumentation-deprecated-sync]
  65 |    */
  66 |   static ShadowViewMutation RemoveMutation(
  67 |       const ShadowView& parentShadowView,


⚠️  (ios/Pods/Headers/Private/React-Fabric/react/renderer/mounting/ShadowViewMutation.h:83:7)

  81 |   /**
  82 |    * Creates and returns an `Update` mutation.
> 83 |    * @deprecated Pass parentTag instead of parentShadowView.
     |       ^ declaration is marked with '@deprecated' command but does not have a deprecation attribute [-Wdocumentation-deprecated-sync]
  84 |    */
  85 |   static ShadowViewMutation UpdateMutation(
  86 |       ShadowView oldChildShadowView,

› Compiling react-native Pods/React-Fabric » LayoutableShadowNode.cpp
› Compiling react-native Pods/React-Fabric » LayoutMetrics.cpp
› Compiling react-native Pods/React-Fabric » LayoutConstraints.cpp
› Compiling react-native Pods/React-Fabric » LayoutAnimationKeyFrameManager.cpp

⚠️  (ios/Pods/Headers/Private/React-Fabric/react/renderer/mounting/ShadowViewMutation.h:47:7)

  45 |   /**
  46 |    * Creates and returns an `Insert` mutation.
> 47 |    * @deprecated Pass parentTag instead of parentShadowView.
     |       ^ declaration is marked with '@deprecated' command but does not have a deprecation attribute [-Wdocumentation-deprecated-sync]
  48 |    */
  49 |   static ShadowViewMutation InsertMutation(
  50 |       const ShadowView& parentShadowView,


⚠️  (ios/Pods/Headers/Private/React-Fabric/react/renderer/mounting/ShadowViewMutation.h:64:7)

  62 |   /**
  63 |    * Creates and returns a `Remove` mutation.
> 64 |    * @deprecated Pass parentTag instead of parentShadowView.
     |       ^ declaration is marked with '@deprecated' command but does not have a deprecation attribute [-Wdocumentation-deprecated-sync]
  65 |    */
  66 |   static ShadowViewMutation RemoveMutation(
  67 |       const ShadowView& parentShadowView,


⚠️  (ios/Pods/Headers/Private/React-Fabric/react/renderer/mounting/ShadowViewMutation.h:83:7)

  81 |   /**
  82 |    * Creates and returns an `Update` mutation.
> 83 |    * @deprecated Pass parentTag instead of parentShadowView.
     |       ^ declaration is marked with '@deprecated' command but does not have a deprecation attribute [-Wdocumentation-deprecated-sync]
  84 |    */
  85 |   static ShadowViewMutation UpdateMutation(
  86 |       ShadowView oldChildShadowView,

› Compiling react-native Pods/React-Fabric » LayoutAnimationDriver.cpp

⚠️  (ios/Pods/Headers/Private/React-Fabric/react/renderer/mounting/ShadowViewMutation.h:47:7)

  45 |   /**
  46 |    * Creates and returns an `Insert` mutation.
> 47 |    * @deprecated Pass parentTag instead of parentShadowView.
     |       ^ declaration is marked with '@deprecated' command but does not have a deprecation attribute [-Wdocumentation-deprecated-sync]
  48 |    */
  49 |   static ShadowViewMutation InsertMutation(
  50 |       const ShadowView& parentShadowView,


⚠️  (ios/Pods/Headers/Private/React-Fabric/react/renderer/mounting/ShadowViewMutation.h:64:7)

  62 |   /**
  63 |    * Creates and returns a `Remove` mutation.
> 64 |    * @deprecated Pass parentTag instead of parentShadowView.
     |       ^ declaration is marked with '@deprecated' command but does not have a deprecation attribute [-Wdocumentation-deprecated-sync]
  65 |    */
  66 |   static ShadowViewMutation RemoveMutation(
  67 |       const ShadowView& parentShadowView,


⚠️  (ios/Pods/Headers/Private/React-Fabric/react/renderer/mounting/ShadowViewMutation.h:83:7)

  81 |   /**
  82 |    * Creates and returns an `Update` mutation.
> 83 |    * @deprecated Pass parentTag instead of parentShadowView.
     |       ^ declaration is marked with '@deprecated' command but does not have a deprecation attribute [-Wdocumentation-deprecated-sync]
  84 |    */
  85 |   static ShadowViewMutation UpdateMutation(
  86 |       ShadowView oldChildShadowView,

› Compiling react-native Pods/React-Fabric » LatestShadowTreeRevisionProvider.cpp

⚠️  (ios/Pods/Headers/Private/React-Fabric/react/renderer/mounting/ShadowViewMutation.h:47:7)

  45 |   /**
  46 |    * Creates and returns an `Insert` mutation.
> 47 |    * @deprecated Pass parentTag instead of parentShadowView.
     |       ^ declaration is marked with '@deprecated' command but does not have a deprecation attribute [-Wdocumentation-deprecated-sync]
  48 |    */
  49 |   static ShadowViewMutation InsertMutation(
  50 |       const ShadowView& parentShadowView,


⚠️  (ios/Pods/Headers/Private/React-Fabric/react/renderer/mounting/ShadowViewMutation.h:64:7)

  62 |   /**
  63 |    * Creates and returns a `Remove` mutation.
> 64 |    * @deprecated Pass parentTag instead of parentShadowView.
     |       ^ declaration is marked with '@deprecated' command but does not have a deprecation attribute [-Wdocumentation-deprecated-sync]
  65 |    */
  66 |   static ShadowViewMutation RemoveMutation(
  67 |       const ShadowView& parentShadowView,


⚠️  (ios/Pods/Headers/Private/React-Fabric/react/renderer/mounting/ShadowViewMutation.h:83:7)

  81 |   /**
  82 |    * Creates and returns an `Update` mutation.
> 83 |    * @deprecated Pass parentTag instead of parentShadowView.
     |       ^ declaration is marked with '@deprecated' command but does not have a deprecation attribute [-Wdocumentation-deprecated-sync]
  84 |    */
  85 |   static ShadowViewMutation UpdateMutation(
  86 |       ShadowView oldChildShadowView,

› Compiling react-native Pods/React-Fabric » InstanceHandle.cpp
› Compiling react-native Pods/React-Fabric » ImageTelemetry.cpp
› Compiling react-native Pods/React-Fabric » ImageResponseObserverCoordinator.cpp
› Compiling react-native Pods/React-Fabric » ImageResponse.cpp
› Compiling react-native Pods/React-Fabric » ImageRequest.cpp
› Compiling react-native Pods/React-Fabric » EventTarget.cpp
› Compiling react-native Pods/React-Fabric » EventQueueProcessor.cpp
› Compiling react-native Pods/React-Fabric » EventQueue.cpp
› Compiling react-native Pods/React-Fabric » EventPerformanceLogger.cpp

⚠️  (ios/Pods/Headers/Private/React-Fabric/react/renderer/mounting/ShadowViewMutation.h:47:7)

  45 |   /**
  46 |    * Creates and returns an `Insert` mutation.
> 47 |    * @deprecated Pass parentTag instead of parentShadowView.
     |       ^ declaration is marked with '@deprecated' command but does not have a deprecation attribute [-Wdocumentation-deprecated-sync]
  48 |    */
  49 |   static ShadowViewMutation InsertMutation(
  50 |       const ShadowView& parentShadowView,


⚠️  (ios/Pods/Headers/Private/React-Fabric/react/renderer/mounting/ShadowViewMutation.h:64:7)

  62 |   /**
  63 |    * Creates and returns a `Remove` mutation.
> 64 |    * @deprecated Pass parentTag instead of parentShadowView.
     |       ^ declaration is marked with '@deprecated' command but does not have a deprecation attribute [-Wdocumentation-deprecated-sync]
  65 |    */
  66 |   static ShadowViewMutation RemoveMutation(
  67 |       const ShadowView& parentShadowView,


⚠️  (ios/Pods/Headers/Private/React-Fabric/react/renderer/mounting/ShadowViewMutation.h:83:7)

  81 |   /**
  82 |    * Creates and returns an `Update` mutation.
> 83 |    * @deprecated Pass parentTag instead of parentShadowView.
     |       ^ declaration is marked with '@deprecated' command but does not have a deprecation attribute [-Wdocumentation-deprecated-sync]
  84 |    */
  85 |   static ShadowViewMutation UpdateMutation(
  86 |       ShadowView oldChildShadowView,

› Compiling react-native Pods/React-Fabric » EventListener.cpp
› Compiling react-native Pods/React-Fabric » EventEmitter.cpp
› Compiling react-native Pods/React-Fabric » EventDispatcher.cpp
› Compiling react-native Pods/React-Fabric » EventBeat.cpp
› Compiling react-native Pods/React-Fabric » DynamicPropsUtilities.cpp
› Compiling react-native Pods/React-Fabric » Differentiator.cpp

⚠️  (ios/Pods/Headers/Private/React-Fabric/react/renderer/mounting/ShadowViewMutation.h:47:7)

  45 |   /**
  46 |    * Creates and returns an `Insert` mutation.
> 47 |    * @deprecated Pass parentTag instead of parentShadowView.
     |       ^ declaration is marked with '@deprecated' command but does not have a deprecation attribute [-Wdocumentation-deprecated-sync]
  48 |    */
  49 |   static ShadowViewMutation InsertMutation(
  50 |       const ShadowView& parentShadowView,


⚠️  (ios/Pods/Headers/Private/React-Fabric/react/renderer/mounting/ShadowViewMutation.h:64:7)

  62 |   /**
  63 |    * Creates and returns a `Remove` mutation.
> 64 |    * @deprecated Pass parentTag instead of parentShadowView.
     |       ^ declaration is marked with '@deprecated' command but does not have a deprecation attribute [-Wdocumentation-deprecated-sync]
  65 |    */
  66 |   static ShadowViewMutation RemoveMutation(
  67 |       const ShadowView& parentShadowView,


⚠️  (ios/Pods/Headers/Private/React-Fabric/react/renderer/mounting/ShadowViewMutation.h:83:7)

  81 |   /**
  82 |    * Creates and returns an `Update` mutation.
> 83 |    * @deprecated Pass parentTag instead of parentShadowView.
     |       ^ declaration is marked with '@deprecated' command but does not have a deprecation attribute [-Wdocumentation-deprecated-sync]
  84 |    */
  85 |   static ShadowViewMutation UpdateMutation(
  86 |       ShadowView oldChildShadowView,

› Compiling react-native Pods/React-Fabric » DOM.cpp
› Compiling react-native Pods/React-Fabric » CullingContext.cpp
› Compiling react-native Pods/React-Fabric » ComponentDescriptorRegistry.cpp
› Compiling react-native Pods/React-Fabric » ComponentDescriptorProviderRegistry.cpp
› Compiling react-native Pods/React-Fabric » ComponentDescriptor.cpp
› Compiling react-native Pods/React-Fabric » BaseViewProps.cpp

⚠️  (ios/Pods/Headers/Public/React-renderercss/react/renderer/css/CSSSyntaxParser.h:150:13)

  148 |    * https://www.w3.org/TR/css-syntax-3/#consume-component-value
  149 |    *
> 150 |    * @param <ReturnT> caller-specified return type of visitors. This type will
      |             ^ parameter '<ReturnT>' not found in the function declaration [-Wdocumentation]
  151 |    * be set to its default constructed state if consuming a component value with
  152 |    * no matching visitors, or syntax error
  153 |    * @param visitors A unique list of CSSComponentValueVisitor to be called on a

› Compiling react-native Pods/React-Fabric » BaseViewEventEmitter.cpp
› Compiling react-native Pods/React-Fabric » BaseTouch.cpp
› Compiling react-native Pods/React-Fabric » AttributedStringBox.cpp
› Compiling react-native Pods/React-Fabric » AttributedString.cpp
› Compiling react-native Pods/React-Fabric » AppRegistryBinding.cpp
› Compiling react-native Pods/React-Fabric » AccessibilityProps.cpp

⚠️  (ios/Pods/Headers/Public/React-renderercss/react/renderer/css/CSSSyntaxParser.h:150:13)

  148 |    * https://www.w3.org/TR/css-syntax-3/#consume-component-value
  149 |    *
> 150 |    * @param <ReturnT> caller-specified return type of visitors. This type will
      |             ^ parameter '<ReturnT>' not found in the function declaration [-Wdocumentation]
  151 |    * be set to its default constructed state if consuming a component value with
  152 |    * no matching visitors, or syntax error
  153 |    * @param visitors A unique list of CSSComponentValueVisitor to be called on a

› Compiling react-native Pods/React-RuntimeCore » React-RuntimeCore-dummy.m
› Compiling react-native Pods/React-ImageManager » React-ImageManager-dummy.m
› Executing react-native Pods/React-RCTFBReactNativeSpec » [CP-User] [RN]Check FBReactNativeSpec
› Compiling react-native Pods/React-FabricImage » React-FabricImage-dummy.m
› Compiling react-native Pods/React-microtasksnativemodule » NativeMicrotasks.cpp
› Compiling react-native Pods/React-idlecallbacksnativemodule » NativeIdleCallbacks.cpp
› Compiling react-native Pods/React-featureflagsnativemodule » NativeReactNativeFeatureFlags.cpp
› Compiling react-native Pods/React-RCTVibration » RCTVibrationPlugins.mm
› Compiling react-native Pods/React-RCTVibration » RCTVibration.mm
› Compiling react-native Pods/React-RCTSettings » RCTSettingsPlugins.mm
› Compiling react-native Pods/React-RCTSettings » RCTSettingsManager.mm
› Compiling react-native Pods/React-RCTNetwork » RCTNetworking.mm
› Compiling react-native Pods/React-RCTNetwork » RCTNetworkTask.mm
› Compiling react-native Pods/React-RCTNetwork » RCTNetworkPlugins.mm
› Compiling react-native Pods/React-RCTNetwork » RCTHTTPRequestHandler.mm
› Compiling react-native Pods/React-RCTNetwork » RCTFileRequestHandler.mm

⚠️  (node_modules/react-native/Libraries/Network/RCTFileRequestHandler.mm:70:9)

  68 |     NSString *fileExtension = [request.URL pathExtension];
  69 |     NSString *UTI = (__bridge_transfer NSString *)UTTypeCreatePreferredIdentifierForTag(
> 70 |         kUTTagClassFilenameExtension, (__bridge CFStringRef)fileExtension, NULL);
     |         ^ 'kUTTagClassFilenameExtension' is deprecated: first deprecated in iOS 15.0 - Use UTTagClassFilenameExtension instead. [-Wdeprecated-declarations]
  71 |     NSString *contentType =
  72 |         (__bridge_transfer NSString *)UTTypeCopyPreferredTagWithClass((__bridge CFStringRef)UTI, kUTTagClassMIMEType);
  73 |


⚠️  (node_modules/react-native/Libraries/Network/RCTFileRequestHandler.mm:69:51)

  67 |     // Get mime type
  68 |     NSString *fileExtension = [request.URL pathExtension];
> 69 |     NSString *UTI = (__bridge_transfer NSString *)UTTypeCreatePreferredIdentifierForTag(
     |                                                   ^ 'UTTypeCreatePreferredIdentifierForTag' is deprecated: first deprecated in iOS 15.0 - Use the UTType class instead. [-Wdeprecated-declarations]
  70 |         kUTTagClassFilenameExtension, (__bridge CFStringRef)fileExtension, NULL);
  71 |     NSString *contentType =
  72 |         (__bridge_transfer NSString *)UTTypeCopyPreferredTagWithClass((__bridge CFStringRef)UTI, kUTTagClassMIMEType);


⚠️  (node_modules/react-native/Libraries/Network/RCTFileRequestHandler.mm:72:98)

  70 |         kUTTagClassFilenameExtension, (__bridge CFStringRef)fileExtension, NULL);
  71 |     NSString *contentType =
> 72 |         (__bridge_transfer NSString *)UTTypeCopyPreferredTagWithClass((__bridge CFStringRef)UTI, kUTTagClassMIMEType);
     |                                                                                                  ^ 'kUTTagClassMIMEType' is deprecated: first deprecated in iOS 15.0 - Use UTTagClassMIMEType instead. [-Wdeprecated-declarations]
  73 |
  74 |     // Send response
  75 |     NSURLResponse *response = [[NSURLResponse alloc] initWithURL:request.URL


⚠️  (node_modules/react-native/Libraries/Network/RCTFileRequestHandler.mm:72:39)

  70 |         kUTTagClassFilenameExtension, (__bridge CFStringRef)fileExtension, NULL);
  71 |     NSString *contentType =
> 72 |         (__bridge_transfer NSString *)UTTypeCopyPreferredTagWithClass((__bridge CFStringRef)UTI, kUTTagClassMIMEType);
     |                                       ^ 'UTTypeCopyPreferredTagWithClass' is deprecated: first deprecated in iOS 15.0 - Use the UTType class instead. [-Wdeprecated-declarations]
  73 |
  74 |     // Send response
  75 |     NSURLResponse *response = [[NSURLResponse alloc] initWithURL:request.URL

› Compiling react-native Pods/React-RCTNetwork » RCTDataRequestHandler.mm
› Compiling react-native Pods/React-RCTLinking » RCTLinkingPlugins.mm
› Compiling react-native Pods/React-RCTLinking » RCTLinkingManager.mm
› Compiling react-native Pods/React-RCTImage » RCTUIImageViewAnimated.mm
› Compiling react-native Pods/React-RCTImage » RCTResizeMode.mm
› Compiling react-native Pods/React-RCTImage » RCTLocalAssetImageLoader.mm

⚠️  (node_modules/react-native/Libraries/Image/RCTLocalAssetImageLoader.mm:21:17)

  19 | @end
  20 |
> 21 | @implementation RCTLocalAssetImageLoader
     |                 ^ implementing deprecated class [-Wdeprecated-implementations]
  22 |
  23 | RCT_EXPORT_MODULE()
  24 |


⚠️  (node_modules/react-native/Libraries/Image/RCTLocalAssetImageLoader.mm:82:10)

  80 | Class RCTLocalAssetImageLoaderCls(void)
  81 | {
> 82 |   return RCTLocalAssetImageLoader.class;
     |          ^ 'RCTLocalAssetImageLoader' is deprecated: Use RCTBundleAssetImageLoader instead [-Wdeprecated-declarations]
  83 | }
  84 |

› Compiling react-native Pods/React-RCTImage » RCTImageViewManager.mm
› Compiling react-native Pods/React-RCTImage » RCTImageView.mm
› Compiling react-native Pods/React-RCTImage » RCTImageUtils.mm

⚠️  (node_modules/react-native/Libraries/Image/RCTImageUtils.mm:342:63)

  340 |   if (RCTImageHasAlpha(cgImage)) {
  341 |     // get png data
> 342 |     destination = CGImageDestinationCreateWithData(imageData, kUTTypePNG, 1, NULL);
      |                                                               ^ 'kUTTypePNG' is deprecated: first deprecated in iOS 15.0 - Use UTTypePNG or UTType.png instead. [-Wdeprecated-declarations]
  343 |   } else {
  344 |     // get jpeg data
  345 |     destination = CGImageDestinationCreateWithData(imageData, kUTTypeJPEG, 1, NULL);


⚠️  (node_modules/react-native/Libraries/Image/RCTImageUtils.mm:345:63)

  343 |   } else {
  344 |     // get jpeg data
> 345 |     destination = CGImageDestinationCreateWithData(imageData, kUTTypeJPEG, 1, NULL);
      |                                                               ^ 'kUTTypeJPEG' is deprecated: first deprecated in iOS 15.0 - Use UTTypeJPEG or UTType.jpeg instead. [-Wdeprecated-declarations]
  346 |     [properties setValue:@(quality) forKey:(id)kCGImageDestinationLossyCompressionQuality];
  347 |   }
  348 |   if (!destination) {

› Compiling react-native Pods/React-RCTImage » RCTImageURLLoaderWithAttribution.mm
› Compiling react-native Pods/React-RCTImage » RCTImageStoreManager.mm

⚠️  (node_modules/react-native/Libraries/Image/RCTImageStoreManager.mm:205:93)

  203 |     CFRelease(sourceRef);
  204 |
> 205 |     NSString *MIMEType = (__bridge_transfer NSString *)UTTypeCopyPreferredTagWithClass(UTI, kUTTagClassMIMEType);
      |                                                                                             ^ 'kUTTagClassMIMEType' is deprecated: first deprecated in iOS 15.0 - Use UTTagClassMIMEType instead. [-Wdeprecated-declarations]
  206 |     NSURLResponse *response = [[NSURLResponse alloc] initWithURL:request.URL
  207 |                                                         MIMEType:MIMEType
  208 |                                            expectedContentLength:imageData.length


⚠️  (node_modules/react-native/Libraries/Image/RCTImageStoreManager.mm:205:56)

  203 |     CFRelease(sourceRef);
  204 |
> 205 |     NSString *MIMEType = (__bridge_transfer NSString *)UTTypeCopyPreferredTagWithClass(UTI, kUTTagClassMIMEType);
      |                                                        ^ 'UTTypeCopyPreferredTagWithClass' is deprecated: first deprecated in iOS 15.0 - Use the UTType class instead. [-Wdeprecated-declarations]
  206 |     NSURLResponse *response = [[NSURLResponse alloc] initWithURL:request.URL
  207 |                                                         MIMEType:MIMEType
  208 |                                            expectedContentLength:imageData.length

› Compiling react-native Pods/React-RCTImage » RCTImageShadowView.mm
› Compiling react-native Pods/React-RCTImage » RCTImagePlugins.mm
› Compiling react-native Pods/React-RCTImage » RCTImageLoader.mm

⚠️  (node_modules/react-native/Libraries/Image/RCTImageLoader.mm:1233:53)

  1231 |                   : (RCTPromiseRejectBlock)reject)
  1232 | {
> 1233 |   [self prefetchImageWithMetadata:uri queryRootName:nil rootTag:0 resolve:resolve reject:reject];
       |                                                     ^ null passed to a callee that requires a non-null argument [-Wnonnull]
  1234 | }
  1235 |
  1236 | RCT_EXPORT_METHOD(prefetchImageWithMetadata

› Compiling react-native Pods/React-RCTImage » RCTImageEditingManager.mm
› Compiling react-native Pods/React-RCTImage » RCTImageCache.mm
› Compiling react-native Pods/React-RCTImage » RCTImageBlurUtils.mm
› Compiling react-native Pods/React-RCTImage » RCTGIFImageDecoder.mm
› Compiling react-native Pods/React-RCTImage » RCTDisplayWeakRefreshable.mm
› Compiling react-native Pods/React-RCTImage » RCTBundleAssetImageLoader.mm
› Compiling react-native Pods/React-RCTImage » RCTAnimatedImage.mm
› Compiling react-native Pods/React-RCTFBReactNativeSpec » FBReactNativeSpecJSI-generated.cpp
› Compiling react-native Pods/React-RCTFBReactNativeSpec » FBReactNativeSpec-generated.mm
› Compiling react-native Pods/React-RCTBlob » RCTFileReaderModule.mm
› Compiling react-native Pods/React-RCTBlob » RCTBlobPlugins.mm
› Compiling react-native Pods/React-RCTBlob » RCTBlobManager.mm
› Compiling react-native Pods/React-RCTBlob » RCTBlobCollector.mm
› Compiling react-native Pods/React-RCTAnimation » RCTValueAnimatedNode.mm
› Compiling react-native Pods/React-RCTAnimation » RCTTransformAnimatedNode.mm
› Compiling react-native Pods/React-RCTAnimation » RCTTrackingAnimatedNode.mm
› Compiling react-native Pods/React-RCTAnimation » RCTSubtractionAnimatedNode.mm
› Compiling react-native Pods/React-RCTAnimation » RCTStyleAnimatedNode.mm
› Compiling react-native Pods/React-RCTAnimation » RCTSpringAnimation.mm
› Compiling react-native Pods/React-RCTAnimation » RCTPropsAnimatedNode.mm
› Compiling react-native Pods/React-RCTAnimation » RCTObjectAnimatedNode.mm
› Compiling react-native Pods/React-RCTAnimation » RCTNativeAnimatedTurboModule.mm
› Compiling react-native Pods/React-RCTAnimation » RCTNativeAnimatedNodesManager.mm
› Compiling react-native Pods/React-RCTAnimation » RCTNativeAnimatedModule.mm
› Compiling react-native Pods/React-RCTAnimation » RCTMultiplicationAnimatedNode.mm
› Compiling react-native Pods/React-RCTAnimation » RCTModuloAnimatedNode.mm
› Compiling react-native Pods/React-RCTAnimation » RCTInterpolationAnimatedNode.mm
› Compiling react-native Pods/React-RCTAnimation » RCTFrameAnimation.mm
› Compiling react-native Pods/React-RCTAnimation » RCTEventAnimation.mm
› Compiling react-native Pods/React-RCTAnimation » RCTDivisionAnimatedNode.mm
› Compiling react-native Pods/React-RCTAnimation » RCTDiffClampAnimatedNode.mm
› Compiling react-native Pods/React-RCTAnimation » RCTDecayAnimation.mm
› Compiling react-native Pods/React-RCTAnimation » RCTColorAnimatedNode.mm
› Compiling react-native Pods/React-RCTAnimation » RCTAnimationUtils.mm
› Compiling react-native Pods/React-RCTAnimation » RCTAnimationPlugins.mm
› Compiling react-native Pods/React-RCTAnimation » RCTAnimatedNode.mm
› Compiling react-native Pods/React-RCTAnimation » RCTAdditionAnimatedNode.mm
› Compiling react-native Pods/React-Fabric » React-Fabric-dummy.m
› Compiling react-native Pods/React-CoreModules » RCTWebSocketModule.mm
› Compiling react-native Pods/React-CoreModules » RCTTiming.mm
› Packaging react-native Pods/React-Fabric » libReact-Fabric.a
› Compiling react-native Pods/React-CoreModules » RCTStatusBarManager.mm
› Compiling react-native Pods/React-CoreModules » RCTSourceCode.mm
› Compiling react-native Pods/React-CoreModules » RCTRedBox.mm
› Compiling react-native Pods/React-CoreModules » RCTPlatform.mm
› Compiling react-native Pods/React-CoreModules » RCTPerfMonitor.mm
› Compiling react-native Pods/React-CoreModules » RCTLogBoxView.mm
› Compiling react-native Pods/React-CoreModules » RCTLogBox.mm
› Compiling react-native Pods/React-CoreModules » RCTKeyboardObserver.mm
› Compiling react-native Pods/React-CoreModules » RCTI18nManager.mm
› Compiling react-native Pods/React-CoreModules » RCTFPSGraph.mm
› Compiling react-native Pods/React-CoreModules » RCTExceptionsManager.mm
› Compiling react-native Pods/React-CoreModules » RCTEventDispatcher.mm

⚠️  (node_modules/react-native/React/CoreModules/RCTEventDispatcher.mm:70:1)

  68 | }
  69 |
> 70 | - (void)sendAppEventWithName:(NSString *)name body:(id)body
     | ^ implementing deprecated method [-Wdeprecated-implementations]
  71 | {
  72 |   [_callableJSModules invokeModule:@"RCTNativeAppEventEmitter"
  73 |                             method:@"emit"


⚠️  (node_modules/react-native/React/CoreModules/RCTEventDispatcher.mm:77:1)

  75 | }
  76 |
> 77 | - (void)sendDeviceEventWithName:(NSString *)name body:(id)body
     | ^ implementing deprecated method [-Wdeprecated-implementations]
  78 | {
  79 |   [_callableJSModules invokeModule:@"RCTDeviceEventEmitter" method:@"emit" withArgs:body ? @[ name, body ] : @[ name ]];
  80 | }

› Compiling react-native Pods/React-CoreModules » RCTDeviceInfo.mm
› Compiling react-native Pods/React-CoreModules » RCTDevToolsRuntimeSettingsModule.mm
› Compiling react-native Pods/React-CoreModules » RCTDevSettings.mm
› Compiling react-native Pods/React-CoreModules » RCTDevMenu.mm
› Compiling react-native Pods/React-CoreModules » RCTDevLoadingView.mm
› Compiling react-native Pods/React-CoreModules » RCTClipboard.mm
› Compiling react-native Pods/React-CoreModules » RCTAppearance.mm
› Compiling react-native Pods/React-CoreModules » RCTAppState.mm
› Compiling react-native Pods/React-CoreModules » RCTAlertManager.mm
› Compiling react-native Pods/React-CoreModules » RCTAlertController.mm
› Compiling react-native Pods/React-CoreModules » RCTActionSheetManager.mm
› Compiling react-native Pods/React-CoreModules » RCTAccessibilityManager.mm
› Compiling react-native Pods/React-CoreModules » CoreModulesPlugins.mm
› Compiling react-native Pods/React-RCTVibration » React-RCTVibration-dummy.m
› Compiling react-native Pods/React-RCTSettings » React-RCTSettings-dummy.m
› Compiling react-native Pods/React-RCTNetwork » React-RCTNetwork-dummy.m
› Compiling react-native Pods/React-RCTLinking » React-RCTLinking-dummy.m
› Packaging react-native Pods/React-ImageManager » libReact-ImageManager.a
› Executing react-native Pods/React-FabricComponents » [CP-User] [RN]Check rncore
› Compiling react-native Pods/React-RCTImage » React-RCTImage-dummy.m
› Compiling react-native Pods/React-domnativemodule » NativeDOM.cpp

⚠️  (ios/Pods/Headers/Public/React-Fabric/react/renderer/mounting/ShadowViewMutation.h:47:7)

  45 |   /**
  46 |    * Creates and returns an `Insert` mutation.
> 47 |    * @deprecated Pass parentTag instead of parentShadowView.
     |       ^ declaration is marked with '@deprecated' command but does not have a deprecation attribute [-Wdocumentation-deprecated-sync]
  48 |    */
  49 |   static ShadowViewMutation InsertMutation(
  50 |       const ShadowView& parentShadowView,


⚠️  (ios/Pods/Headers/Public/React-Fabric/react/renderer/mounting/ShadowViewMutation.h:64:7)

  62 |   /**
  63 |    * Creates and returns a `Remove` mutation.
> 64 |    * @deprecated Pass parentTag instead of parentShadowView.
     |       ^ declaration is marked with '@deprecated' command but does not have a deprecation attribute [-Wdocumentation-deprecated-sync]
  65 |    */
  66 |   static ShadowViewMutation RemoveMutation(
  67 |       const ShadowView& parentShadowView,


⚠️  (ios/Pods/Headers/Public/React-Fabric/react/renderer/mounting/ShadowViewMutation.h:83:7)

  81 |   /**
  82 |    * Creates and returns an `Update` mutation.
> 83 |    * @deprecated Pass parentTag instead of parentShadowView.
     |       ^ declaration is marked with '@deprecated' command but does not have a deprecation attribute [-Wdocumentation-deprecated-sync]
  84 |    */
  85 |   static ShadowViewMutation UpdateMutation(
  86 |       ShadowView oldChildShadowView,

› Compiling react-native Pods/React-defaultsnativemodule » DefaultTurboModules.cpp
› Compiling react-native Pods/React-RuntimeApple » RCTPerformanceLoggerUtils.mm
› Compiling react-native Pods/React-RuntimeApple » RCTLegacyUIManagerConstantsProvider.mm
› Compiling react-native Pods/React-RuntimeApple » RCTJSThreadManager.mm
› Compiling react-native Pods/React-RuntimeApple » RCTInstance.mm

⚠️  (ios/Pods/Headers/Public/RCTTypeSafety/RCTTypeSafety/RCTConvertHelpers.h:27:24)

  25 |   for (size_t i = 0, size = vec.size(); i < size; ++i) {
  26 |     id object = convertor(vec[i]);
> 27 |     array[i] = object ?: (id)kCFNull;
     |                        ^ use of GNU ?: conditional expression extension, omitting middle operand [-Wgnu-conditional-omitted-operand]
  28 |   }
  29 |   return array;
  30 | }


⚠️  (node_modules/react-native/ReactCommon/react/runtime/platform/ios/ReactCommon/RCTInstance.mm:229:1)

  227 | }
  228 |
> 229 | - (NSArray<id<RCTBridgeModule>> *)extraModulesForBridge:(RCTBridge *)bridge
      | ^ implementing deprecated method [-Wdeprecated-implementations]
  230 | {
  231 |   if ([_appTMMDelegate respondsToSelector:@selector(extraModulesForBridge:)]) {
  232 |     return [_appTMMDelegate extraModulesForBridge:nil];


⚠️  (node_modules/react-native/ReactCommon/react/runtime/platform/ios/ReactCommon/RCTInstance.mm:232:29)

  230 | {
  231 |   if ([_appTMMDelegate respondsToSelector:@selector(extraModulesForBridge:)]) {
> 232 |     return [_appTMMDelegate extraModulesForBridge:nil];
      |                             ^ 'extraModulesForBridge:' is deprecated: Please make all native modules returned from this method TurboModule-compatible. [-Wdeprecated-declarations]
  233 |   }
  234 |
  235 |   return @[];


⚠️  (node_modules/react-native/ReactCommon/react/runtime/platform/ios/ReactCommon/RCTInstance.mm:543:19)

  541 |   }
  542 |
> 543 |   if (![_delegate instance:self
      |                   ^ 'instance:didReceiveJSErrorStack:message:originalMessage:name:componentStack:exceptionId:isFatal:extraData:' is deprecated [-Wdeprecated-declarations]
  544 |           didReceiveJSErrorStack:errorData[@"stack"]
  545 |                          message:errorData[@"message"]
  546 |                  originalMessage:errorData[@"originalMessage"]

› Compiling react-native Pods/React-RuntimeApple » RCTHost.mm

⚠️  (node_modules/react-native/ReactCommon/react/runtime/platform/ios/ReactCommon/RCTHost.mm:309:1)

  307 | #pragma mark - RCTInstanceDelegate
  308 |
> 309 | - (BOOL)instance:(RCTInstance *)instance
      | ^ implementing deprecated method [-Wdeprecated-implementations]
  310 |     didReceiveJSErrorStack:(NSArray<NSDictionary<NSString *, id> *> *)stack
  311 |                    message:(NSString *)message
  312 |            originalMessage:(NSString *_Nullable)originalMessage


⚠️  (node_modules/react-native/ReactCommon/react/runtime/platform/ios/ReactCommon/RCTHost.mm:325:18)

  323 |   }
  324 |
> 325 |   [_hostDelegate host:self
      |                  ^ 'host:didReceiveJSErrorStack:message:originalMessage:name:componentStack:exceptionId:isFatal:extraData:' is deprecated [-Wdeprecated-declarations]
  326 |       didReceiveJSErrorStack:stack
  327 |                      message:message
  328 |              originalMessage:originalMessage

› Compiling react-native Pods/React-RuntimeApple » RCTHermesInstance.mm
› Compiling react-native Pods/React-RuntimeApple » ObjCTimerRegistry.mm
› Compiling react-native Pods/React-RCTRuntime » RCTHermesInstanceFactory.mm
› Compiling react-native Pods/React-RuntimeHermes » React-RuntimeHermes-dummy.m
› Compiling react-native Pods/React-RCTFabric » UIView+ComponentViewProtocol.mm
› Compiling react-native Pods/React-RCTFabric » RCTViewFinder.mm
› Compiling react-native Pods/React-RCTFabric » RCTViewComponentView.mm
› Compiling react-native Pods/React-RCTFabric » RCTUnimplementedViewComponentView.mm
› Compiling react-native Pods/React-RCTFabric » RCTUnimplementedNativeComponentView.mm
› Compiling react-native Pods/React-RCTFabric » RCTTextInputUtils.mm
› Compiling react-native Pods/React-RCTFabric » RCTTextInputComponentView.mm
› Compiling react-native Pods/React-RCTFabric » RCTSwitchComponentView.mm
› Compiling react-native Pods/React-RCTFabric » RCTSurfaceTouchHandler.mm
› Compiling react-native Pods/React-RCTFabric » RCTSurfaceRegistry.mm
› Compiling react-native Pods/React-RCTFabric » RCTSurfacePresenterBridgeAdapter.mm
› Compiling react-native Pods/React-RCTFabric » RCTSurfacePresenter.mm
› Compiling react-native Pods/React-RCTFabric » RCTSurfacePointerHandler.mm
› Compiling react-native Pods/React-RCTFabric » RCTScrollViewComponentView.mm
› Compiling react-native Pods/React-RCTFabric » RCTScheduler.mm
› Compiling react-native Pods/React-RCTFabric » RCTSafeAreaViewComponentView.mm
› Compiling react-native Pods/React-RCTFabric » RCTRootComponentView.mm
› Compiling react-native Pods/React-RCTFabric » RCTReactTaggedView.mm
› Compiling react-native Pods/React-RCTFabric » RCTPullToRefreshViewComponentView.mm
› Compiling react-native Pods/React-RCTFabric » RCTParagraphComponentView.mm

⚠️  (node_modules/react-native/React/Fabric/Mounting/ComponentViews/Text/RCTParagraphComponentView.mm:309:36)

  307 |
  308 |   if (rtf) {
> 309 |     [item setObject:rtf forKey:(id)kUTTypeFlatRTFD];
      |                                    ^ 'kUTTypeFlatRTFD' is deprecated: first deprecated in iOS 15.0 - Use UTTypeFlatRTFD or UTType.flatRTFD instead. [-Wdeprecated-declarations]
  310 |   }
  311 |
  312 |   [item setObject:attributedText.string forKey:(id)kUTTypeUTF8PlainText];


⚠️  (node_modules/react-native/React/Fabric/Mounting/ComponentViews/Text/RCTParagraphComponentView.mm:312:52)

  310 |   }
  311 |
> 312 |   [item setObject:attributedText.string forKey:(id)kUTTypeUTF8PlainText];
      |                                                    ^ 'kUTTypeUTF8PlainText' is deprecated: first deprecated in iOS 15.0 - Use UTTypeUTF8PlainText or UTType.utf8PlainText instead. [-Wdeprecated-declarations]
  313 |
  314 |   UIPasteboard *pasteboard = [UIPasteboard generalPasteboard];
  315 |   pasteboard.items = @[ item ];

› Compiling react-native Pods/React-RCTFabric » RCTParagraphComponentAccessibilityProvider.mm
› Compiling react-native Pods/React-RCTFabric » RCTMountingTransactionObserverCoordinator.mm
› Compiling react-native Pods/React-RCTFabric » RCTMountingManager.mm
› Compiling react-native Pods/React-RCTFabric » RCTModalHostViewComponentView.mm
› Compiling react-native Pods/React-RCTFabric » RCTLocalizationProvider.mm
› Compiling react-native Pods/React-RCTFabric » RCTLinearGradient.mm

⚠️  (node_modules/react-native/React/Fabric/Utils/RCTLinearGradient.mm:48:23)

  46 |     CGContextRef context = rendererContext.CGContext;
  47 |     NSMutableArray *colors = [NSMutableArray array];
> 48 |     CGFloat locations[colorStops.size()];
     |                       ^ variable length arrays in C++ are a Clang extension [-Wvla-cxx-extension]
  49 |
  50 |     for (size_t i = 0; i < colorStops.size(); ++i) {
  51 |       const auto &colorStop = colorStops[i];

› Compiling react-native Pods/React-RCTFabric » RCTLegacyViewManagerInteropCoordinatorAdapter.mm
› Compiling react-native Pods/React-RCTFabric » RCTLegacyViewManagerInteropComponentView.mm
› Compiling react-native Pods/React-RCTFabric » RCTInputAccessoryContentView.mm
› Compiling react-native Pods/React-RCTFabric » RCTInputAccessoryComponentView.mm
› Compiling react-native Pods/React-RCTFabric » RCTImageResponseObserverProxy.mm
› Compiling react-native Pods/React-RCTFabric » RCTImageComponentView.mm
› Compiling react-native Pods/React-RCTFabric » RCTGenericDelegateSplitter.mm
› Compiling react-native Pods/React-RCTFabric » RCTFabricSurface.mm
› Compiling react-native Pods/React-RCTFabric » RCTFabricModalHostViewController.mm
› Compiling react-native Pods/React-RCTFabric » RCTFabricComponentsPlugins.mm
› Compiling react-native Pods/React-RCTFabric » RCTEnhancedScrollView.mm
› Compiling react-native Pods/React-RCTFabric » RCTDebuggingOverlayComponentView.mm
› Compiling react-native Pods/React-RCTFabric » RCTComponentViewRegistry.mm
› Compiling react-native Pods/React-RCTFabric » RCTComponentViewFactory.mm
› Compiling react-native Pods/React-RCTFabric » RCTColorSpaceUtils.mm
› Compiling react-native Pods/React-RCTFabric » RCTBoxShadow.mm
› Compiling react-native Pods/React-RCTFabric » RCTActivityIndicatorViewComponentView.mm
› Compiling react-native Pods/React-RCTFabric » RCTAccessibilityElement.mm
› Compiling react-native Pods/React-RCTFabric » PlatformRunLoopObserver.mm
› Compiling react-native Pods/React-RCTFabric » AppleEventBeat.cpp
› Compiling react-native Pods/React-RCTBlob » React-RCTBlob-dummy.m
› Compiling react-native Pods/React-RCTAppDelegate » RCTRootViewFactory.mm

⚠️  (node_modules/react-native/Libraries/AppDelegate/RCTRootViewFactory.mm:41:16)

  39 | - (instancetype)initWithBundleURL:(NSURL *)bundleURL newArchEnabled:(BOOL)newArchEnabled
  40 | {
> 41 |   return [self initWithBundleURL:bundleURL
     |                ^ 'initWithBundleURL:newArchEnabled:turboModuleEnabled:bridgelessEnabled:' is deprecated [-Wdeprecated-declarations]
  42 |                   newArchEnabled:newArchEnabled
  43 |               turboModuleEnabled:newArchEnabled
  44 |                bridgelessEnabled:newArchEnabled];


⚠️  (node_modules/react-native/Libraries/AppDelegate/RCTRootViewFactory.mm:49:16)

  47 | - (instancetype)initWithBundleURLBlock:(RCTBundleURLBlock)bundleURLBlock newArchEnabled:(BOOL)newArchEnabled
  48 | {
> 49 |   return [self initWithBundleURLBlock:bundleURLBlock
     |                ^ 'initWithBundleURLBlock:newArchEnabled:turboModuleEnabled:bridgelessEnabled:' is deprecated [-Wdeprecated-declarations]
  50 |                        newArchEnabled:newArchEnabled
  51 |                    turboModuleEnabled:newArchEnabled
  52 |                     bridgelessEnabled:newArchEnabled];


⚠️  (node_modules/react-native/Libraries/AppDelegate/RCTRootViewFactory.mm:37:17)

  35 | #import <react/runtime/JSRuntimeFactoryCAPI.h>
  36 |
> 37 | @implementation RCTRootViewFactoryConfiguration
     |                 ^ method override for the designated initializer of the superclass '-init' not found [-Wobjc-designated-initializers]
  38 |
  39 | - (instancetype)initWithBundleURL:(NSURL *)bundleURL newArchEnabled:(BOOL)newArchEnabled
  40 | {

› Compiling react-native Pods/React-RCTAppDelegate » RCTReactNativeFactory.mm

⚠️  (node_modules/react-native/Libraries/AppDelegate/RCTReactNativeFactory.mm:138:22)

  136 | {
  137 |   if ([_delegate respondsToSelector:@selector(fabricEnabled)]) {
> 138 |     return _delegate.fabricEnabled;
      |                      ^ 'fabricEnabled' is deprecated: Use newArchEnabled instead [-Wdeprecated-declarations]
  139 |   }
  140 |
  141 |   return [self newArchEnabled];


⚠️  (node_modules/react-native/Libraries/AppDelegate/RCTReactNativeFactory.mm:147:22)

  145 | {
  146 |   if ([_delegate respondsToSelector:@selector(turboModuleEnabled)]) {
> 147 |     return _delegate.turboModuleEnabled;
      |                      ^ 'turboModuleEnabled' is deprecated: Use newArchEnabled instead [-Wdeprecated-declarations]
  148 |   }
  149 |
  150 |   return [self newArchEnabled];


⚠️  (node_modules/react-native/Libraries/AppDelegate/RCTReactNativeFactory.mm:156:22)

  154 | {
  155 |   if ([_delegate respondsToSelector:@selector(bridgelessEnabled)]) {
> 156 |     return _delegate.bridgelessEnabled;
      |                      ^ 'bridgelessEnabled' is deprecated: Use newArchEnabled instead [-Wdeprecated-declarations]
  157 |   }
  158 |
  159 |   return [self newArchEnabled];


⚠️  (node_modules/react-native/Libraries/AppDelegate/RCTReactNativeFactory.mm:196:1)

  194 | }
  195 |
> 196 | - (NSArray<id<RCTBridgeModule>> *)extraModulesForBridge:(RCTBridge *)bridge
      | ^ implementing deprecated method [-Wdeprecated-implementations]
  197 | {
  198 |   if ([_delegate respondsToSelector:@selector(extraModulesForBridge:)]) {
  199 |     return [_delegate extraModulesForBridge:bridge];


⚠️  (node_modules/react-native/Libraries/AppDelegate/RCTReactNativeFactory.mm:234:48)

  232 |
  233 |   RCTRootViewFactoryConfiguration *configuration =
> 234 |       [[RCTRootViewFactoryConfiguration alloc] initWithBundleURLBlock:bundleUrlBlock
      |                                                ^ 'initWithBundleURLBlock:newArchEnabled:turboModuleEnabled:bridgelessEnabled:' is deprecated [-Wdeprecated-declarations]
  235 |                                                        newArchEnabled:self.fabricEnabled
  236 |                                                    turboModuleEnabled:self.turboModuleEnabled
  237 |                                                     bridgelessEnabled:self.bridgelessEnabled];

› Compiling react-native Pods/React-RCTAppDelegate » RCTDefaultReactNativeFactoryDelegate.mm

⚠️  (node_modules/react-native/Libraries/AppDelegate/RCTDefaultReactNativeFactoryDelegate.mm:66:28)

  64 |                            initProps:(NSDictionary *)initProps
  65 | {
> 66 |   BOOL enableFabric = self.fabricEnabled;
     |                            ^ 'fabricEnabled' is deprecated: Use newArchEnabled instead [-Wdeprecated-declarations]
  67 |   UIView *rootView = RCTAppSetupDefaultRootView(bridge, moduleName, initProps, enableFabric);
  68 |
  69 |   rootView.backgroundColor = [UIColor systemBackgroundColor];


⚠️  (node_modules/react-native/Libraries/AppDelegate/RCTDefaultReactNativeFactoryDelegate.mm:66:28)

  64 |                            initProps:(NSDictionary *)initProps
  65 | {
> 66 |   BOOL enableFabric = self.fabricEnabled;
     |                            ^ 'fabricEnabled' is deprecated: Use newArchEnabled instead [-Wdeprecated-declarations]
  67 |   UIView *rootView = RCTAppSetupDefaultRootView(bridge, moduleName, initProps, enableFabric);
  68 |
  69 |   rootView.backgroundColor = [UIColor systemBackgroundColor];


⚠️  (node_modules/react-native/Libraries/AppDelegate/RCTDefaultReactNativeFactoryDelegate.mm:118:1)

  116 | }
  117 |
> 118 | - (BOOL)bridgelessEnabled
      | ^ implementing deprecated method [-Wdeprecated-implementations]
  119 | {
  120 |   return self.newArchEnabled;
  121 | }


⚠️  (node_modules/react-native/Libraries/AppDelegate/RCTDefaultReactNativeFactoryDelegate.mm:123:1)

  121 | }
  122 |
> 123 | - (BOOL)fabricEnabled
      | ^ implementing deprecated method [-Wdeprecated-implementations]
  124 | {
  125 |   return self.newArchEnabled;
  126 | }


⚠️  (node_modules/react-native/Libraries/AppDelegate/RCTDefaultReactNativeFactoryDelegate.mm:128:1)

  126 | }
  127 |
> 128 | - (BOOL)turboModuleEnabled
      | ^ implementing deprecated method [-Wdeprecated-implementations]
  129 | {
  130 |   return self.newArchEnabled;
  131 | }

› Compiling react-native Pods/React-RCTAppDelegate » RCTAppSetupUtils.mm
› Compiling react-native Pods/React-RCTAppDelegate » RCTAppDelegate.mm

⚠️  (node_modules/react-native/Libraries/AppDelegate/RCTAppDelegate.mm:30:17)

  28 | using namespace facebook::react;
  29 |
> 30 | @implementation RCTAppDelegate
     |                 ^ implementing deprecated class [-Wdeprecated-implementations]
  31 |
  32 | - (instancetype)init
  33 | {

› Compiling react-native Pods/React-RCTAnimation » React-RCTAnimation-dummy.m
› Compiling react-native Pods/React-FabricComponents » UnimplementedViewShadowNode.cpp
› Compiling react-native Pods/React-FabricComponents » UnimplementedViewProps.cpp
› Compiling react-native Pods/React-FabricComponents » UnimplementedViewComponentDescriptor.cpp
› Compiling react-native Pods/React-FabricComponents » TextShadowNode.cpp
› Compiling react-native Pods/React-FabricComponents » TextProps.cpp
› Compiling react-native Pods/React-FabricComponents » TextMeasureCache.cpp
› Compiling react-native Pods/React-FabricComponents » TextLayoutManager.cpp
› Compiling react-native Pods/React-FabricComponents » TextLayoutManager.mm
› Compiling react-native Pods/React-FabricComponents » TextInputState.cpp
› Compiling react-native Pods/React-FabricComponents » TextInputShadowNode.cpp
› Compiling react-native Pods/React-FabricComponents » TextInputProps.cpp
› Compiling react-native Pods/React-FabricComponents » TextInputEventEmitter.cpp
› Compiling react-native Pods/React-FabricComponents » States.cpp
› Compiling react-native Pods/React-FabricComponents » ShadowNodes.cpp
› Compiling react-native Pods/React-FabricComponents » ScrollViewState.cpp
› Compiling react-native Pods/React-FabricComponents » ScrollViewShadowNode.cpp
› Compiling react-native Pods/React-FabricComponents » ScrollViewProps.cpp
› Compiling react-native Pods/React-FabricComponents » ScrollViewEventEmitter.cpp
› Compiling react-native Pods/React-FabricComponents » ScrollEvent.cpp
› Compiling react-native Pods/React-FabricComponents » SafeAreaViewState.cpp
› Compiling react-native Pods/React-FabricComponents » SafeAreaViewShadowNode.cpp
› Compiling react-native Pods/React-FabricComponents » RawTextShadowNode.cpp
› Compiling react-native Pods/React-FabricComponents » RawTextProps.cpp
› Compiling react-native Pods/React-FabricComponents » RCTTextLayoutManager.mm
› Compiling react-native Pods/React-FabricComponents » RCTFontUtils.mm
› Compiling react-native Pods/React-FabricComponents » RCTAttributedTextUtils.mm
› Compiling react-native Pods/React-FabricComponents » Props.cpp
› Compiling react-native Pods/React-FabricComponents » ParagraphState.cpp
› Compiling react-native Pods/React-FabricComponents » ParagraphShadowNode.cpp

⚠️  (ios/Pods/Headers/Public/React-renderercss/react/renderer/css/CSSSyntaxParser.h:150:13)

  148 |    * https://www.w3.org/TR/css-syntax-3/#consume-component-value
  149 |    *
> 150 |    * @param <ReturnT> caller-specified return type of visitors. This type will
      |             ^ parameter '<ReturnT>' not found in the function declaration [-Wdocumentation]
  151 |    * be set to its default constructed state if consuming a component value with
  152 |    * no matching visitors, or syntax error
  153 |    * @param visitors A unique list of CSSComponentValueVisitor to be called on a

› Compiling react-native Pods/React-FabricComponents » ParagraphProps.cpp
› Compiling react-native Pods/React-FabricComponents » ParagraphEventEmitter.cpp
› Compiling react-native Pods/React-FabricComponents » ParagraphComponentDescriptor.cpp
› Compiling react-native Pods/React-FabricComponents » ModalHostViewUtils.mm
› Compiling react-native Pods/React-FabricComponents » ModalHostViewState.cpp
› Compiling react-native Pods/React-FabricComponents » ModalHostViewShadowNode.cpp
› Compiling react-native Pods/React-FabricComponents » InputAccessoryShadowNode.cpp
› Compiling react-native Pods/React-FabricComponents » EventEmitters.cpp
› Compiling react-native Pods/React-FabricComponents » ComponentDescriptors.cpp
› Compiling react-native Pods/React-FabricComponents » BaseTextShadowNode.cpp
› Compiling react-native Pods/React-FabricComponents » BaseTextProps.cpp
› Compiling react-native Pods/React-FabricComponents » BaseTextInputProps.cpp
› Compiling react-native Pods/React-CoreModules » React-CoreModules-dummy.m
› Packaging react-native Pods/React-RuntimeCore » libReact-RuntimeCore.a
› Compiling react-native Pods/React-RuntimeApple » React-RuntimeApple-dummy.m
› Compiling react-native Pods/React-microtasksnativemodule » React-microtasksnativemodule-dummy.m
› Compiling react-native Pods/React-idlecallbacksnativemodule » React-idlecallbacksnativemodule-dummy.m
› Compiling react-native Pods/React-featureflagsnativemodule » React-featureflagsnativemodule-dummy.m
› Compiling react-native Pods/React-domnativemodule » React-domnativemodule-dummy.m
› Compiling react-native Pods/React-defaultsnativemodule » React-defaultsnativemodule-dummy.m
› Packaging react-native Pods/React-FabricImage » libReact-FabricImage.a
› Packaging react-native Pods/React-RuntimeHermes » libReact-RuntimeHermes.a
› Compiling react-native Pods/React-RCTAppDelegate » React-RCTAppDelegate-dummy.m
› Compiling react-native Pods/React-FabricComponents » React-FabricComponents-dummy.m
› Compiling react-native Pods/React-RCTFabric » React-RCTFabric-dummy.m
› Compiling react-native Pods/React-RCTFBReactNativeSpec » React-RCTFBReactNativeSpec-dummy.m
› Compiling react-native Pods/React-RCTRuntime » React-RCTRuntime-dummy.m
› Packaging react-native Pods/React-RCTFBReactNativeSpec » libReact-RCTFBReactNativeSpec.a
› Packaging react-native Pods/React-microtasksnativemodule » libReact-microtasksnativemodule.a
› Packaging react-native Pods/React-RCTSettings » libReact-RCTSettings.a
› Packaging react-native Pods/React-idlecallbacksnativemodule » libReact-idlecallbacksnativemodule.a
› Packaging react-native Pods/React-RCTNetwork » libReact-RCTNetwork.a
› Packaging react-native Pods/React-RCTLinking » libReact-RCTLinking.a
› Packaging react-native Pods/React-featureflagsnativemodule » libReact-featureflagsnativemodule.a
› Packaging react-native Pods/React-RCTVibration » libReact-RCTVibration.a
› Packaging react-native Pods/React-RCTAnimation » libReact-RCTAnimation.a
› Packaging react-native Pods/React-RCTImage » libReact-RCTImage.a
› Packaging react-native Pods/React-RCTBlob » libReact-RCTBlob.a
› Packaging react-native Pods/React-CoreModules » libReact-CoreModules.a
› Packaging react-native Pods/React-FabricComponents » libReact-FabricComponents.a
› Packaging react-native Pods/React-domnativemodule » libReact-domnativemodule.a
› Packaging react-native Pods/React-RCTFabric » libReact-RCTFabric.a
› Packaging react-native Pods/React-defaultsnativemodule » libReact-defaultsnativemodule.a
› Packaging react-native Pods/React-RuntimeApple » libReact-RuntimeApple.a
› Packaging react-native Pods/React-RCTRuntime » libReact-RCTRuntime.a
› Packaging react-native Pods/React-RCTAppDelegate » libReact-RCTAppDelegate.a
› Executing formcam Pods/ReactCodegen » [CP-User] Generate Specs
› Compiling formcam Pods/ReactAppDependencyProvider » RCTAppDependencyProvider.mm
› Compiling react-native-safe-area-context Pods/react-native-safe-area-context » RNCSafeAreaProviderComponentView.mm
› Compiling react-native-safe-area-context Pods/react-native-safe-area-context » RNCSafeAreaContext.mm
› Compiling react-native-safe-area-context Pods/react-native-safe-area-context » RNCSafeAreaViewState.cpp
› Compiling react-native-safe-area-context Pods/react-native-safe-area-context » react-native-safe-area-context-dummy.m
› Compiling react-native-safe-area-context Pods/react-native-safe-area-context » RNCSafeAreaViewShadowNode.cpp

⚠️  (ios/Pods/Headers/Public/React-renderercss/react/renderer/css/CSSSyntaxParser.h:150:13)

  148 |    * https://www.w3.org/TR/css-syntax-3/#consume-component-value
  149 |    *
> 150 |    * @param <ReturnT> caller-specified return type of visitors. This type will
      |             ^ parameter '<ReturnT>' not found in the function declaration [-Wdocumentation]
  151 |    * be set to its default constructed state if consuming a component value with
  152 |    * no matching visitors, or syntax error
  153 |    * @param visitors A unique list of CSSComponentValueVisitor to be called on a

› Compiling react-native-safe-area-context Pods/react-native-safe-area-context » RNCSafeAreaViewComponentView.mm
› Compiling formcam Pods/ReactCodegen » safeareacontextJSI-generated.cpp
› Compiling formcam Pods/ReactCodegen » safeareacontext-generated.mm
› Compiling formcam Pods/ReactCodegen » rnscreensJSI-generated.cpp
› Compiling formcam Pods/ReactCodegen » rnscreens-generated.mm
› Compiling formcam Pods/ReactCodegen » rnreanimatedJSI-generated.cpp
› Compiling formcam Pods/ReactCodegen » rnreanimated-generated.mm
› Compiling formcam Pods/ReactCodegen » rngesturehandler_codegenJSI-generated.cpp
› Compiling formcam Pods/ReactCodegen » rngesturehandler_codegen-generated.mm
› Compiling formcam Pods/ReactCodegen » rnasyncstorageJSI-generated.cpp
› Compiling formcam Pods/ReactCodegen » rnasyncstorage-generated.mm
› Compiling formcam Pods/ReactCodegen » expo-media-libraryJSI-generated.cpp
› Compiling formcam Pods/ReactCodegen » expo-media-library-generated.mm

⚠️  (ios/build/generated/ios/expo-media-library/expo-media-library.h:19:13)

  17 |
  18 | // Avoid multiple includes of expo-media-library symbols
> 19 | #ifndef expo-media-library_H
     |             ^ extra tokens at end of #ifndef directive [-Wextra-tokens]
  20 | #define expo-media-library_H
  21 |
  22 | #import <Foundation/Foundation.h>


⚠️  (ios/build/generated/ios/expo-media-library/expo-media-library.h:20:13)

  18 | // Avoid multiple includes of expo-media-library symbols
  19 | #ifndef expo-media-library_H
> 20 | #define expo-media-library_H
     |             ^ ISO C99 requires whitespace after the macro name [-Wc99-extensions]
  21 |
  22 | #import <Foundation/Foundation.h>
  23 | #import <RCTRequired/RCTRequired.h>

› Compiling formcam Pods/ReactCodegen » States.cpp
› Compiling formcam Pods/ReactCodegen » States.cpp
› Compiling formcam Pods/ReactCodegen » States.cpp
› Compiling formcam Pods/ReactCodegen » States.cpp
› Compiling formcam Pods/ReactCodegen » ShadowNodes.cpp
› Compiling formcam Pods/ReactCodegen » ShadowNodes.cpp
› Compiling formcam Pods/ReactCodegen » ShadowNodes.cpp
› Compiling formcam Pods/ReactCodegen » ShadowNodes.cpp
› Compiling formcam Pods/ReactCodegen » RNVectorIconsSpecJSI-generated.cpp
› Compiling formcam Pods/ReactCodegen » RNVectorIconsSpec-generated.mm
› Compiling formcam Pods/ReactCodegen » RNDateTimePickerCGenJSI-generated.cpp
› Compiling formcam Pods/ReactCodegen » RNDateTimePickerCGen-generated.mm
› Compiling formcam Pods/ReactCodegen » RCTThirdPartyComponentsProvider.mm
› Compiling formcam Pods/ReactCodegen » RCTModulesConformingToProtocolsProvider.mm
› Compiling formcam Pods/ReactCodegen » RCTModuleProviders.mm
› Compiling formcam Pods/ReactCodegen » Props.cpp
› Compiling formcam Pods/ReactCodegen » Props.cpp
› Compiling formcam Pods/ReactCodegen » Props.cpp
› Compiling formcam Pods/ReactCodegen » Props.cpp
› Compiling formcam Pods/ReactCodegen » EventEmitters.cpp
› Compiling formcam Pods/ReactCodegen » EventEmitters.cpp
› Compiling formcam Pods/ReactCodegen » EventEmitters.cpp
› Compiling formcam Pods/ReactCodegen » EventEmitters.cpp
› Compiling formcam Pods/ReactCodegen » ComponentDescriptors.cpp
› Compiling formcam Pods/ReactCodegen » ComponentDescriptors.cpp

⚠️  (node_modules/expo-modules-core/ios/Legacy/NativeModulesProxy/EXNativeModulesProxy.h:13:4)

  11 | @interface EXModulesProxyConfig : NSObject
  12 |
> 13 | - (instancetype)initWithConstants:(nonnull NSDictionary *)constants
     |    ^ pointer is missing a nullability type specifier 
  14 |                       methodNames:(nonnull NSDictionary *)methodNames
  15 |                      viewManagers:(nonnull NSDictionary *)viewManagerMetadata;
  16 |

› Compiling formcam Pods/ReactCodegen » ComponentDescriptors.cpp
› Compiling formcam Pods/ReactCodegen » ComponentDescriptors.cpp

⚠️  (node_modules/expo-modules-core/ios/Core/DynamicTypes/DynamicDataType.swift:14:17)

  12 |
  13 |   func equals(_ type: AnyDynamicType) -> Bool {
> 14 |     return type is Data.Type
     |                 ^ cast from 'any AnyDynamicType' to unrelated type 'Data.Type' always fails
  15 |   }
  16 |
  17 |   /**


⚠️  (node_modules/expo-modules-core/ios/Core/DynamicTypes/DynamicRawType.swift:10:14)

   8 |   let innerType: InnerType.Type
   9 |
> 10 |   func wraps<InnerType>(_ type: InnerType.Type) -> Bool {
     |              ^ generic parameter 'InnerType' shadows generic parameter from outer scope with the same name; this is an error in the Swift 6 language mode
  11 |     return type == innerType
  12 |   }
  13 |


⚠️  (node_modules/expo-modules-core/ios/Core/DynamicTypes/DynamicValueOrUndefinedType.swift:7:14)

   5 |   let dynamicInnerType: AnyDynamicType = InnerType.getDynamicType()
   6 |
>  7 |   func wraps<InnerType>(_ type: InnerType.Type) -> Bool {
     |              ^ generic parameter 'InnerType' shadows generic parameter from outer scope with the same name; this is an error in the Swift 6 language mode
   8 |     return innerType == type
   9 |   }
  10 |


⚠️  (node_modules/expo-modules-core/ios/AppDelegates/ExpoAppDelegateSubscriberManager.swift:401:52)

  399 |     performFetchWithCompletionHandler completionHandler: @escaping (UIBackgroundFetchResult) -> Void
  400 |   ) {
> 401 |     let selector = #selector(UIApplicationDelegate.application(_:performFetchWithCompletionHandler:))
      |                                                    ^ 'application' was deprecated in iOS 13.0: Use a BGAppRefreshTask in the BackgroundTasks framework instead
  402 |     let subs = ExpoAppDelegateSubscriberRepository.subscribers.filter { $0.responds(to: selector) }
  403 |     var subscribersLeft = subs.count
  404 |     let dispatchQueue = DispatchQueue(label: "expo.application.performFetch", qos: .userInteractive)


⚠️  (node_modules/expo-modules-core/ios/AppDelegates/ExpoAppDelegateSubscriberManager.swift:434:20)

  432 |     } else {
  433 |       subs.forEach { subscriber in
> 434 |         subscriber.application?(application, performFetchWithCompletionHandler: handler)
      |                    ^ 'application' was deprecated in iOS 13.0: Use a BGAppRefreshTask in the BackgroundTasks framework instead
  435 |       }
  436 |     }
  437 |   }


⚠️  (node_modules/expo-modules-core/ios/Fabric/ExpoFabricView.swift:168:14)

  166 |   internal static func inject(appContext: AppContext) {
  167 |     // Keep it weak so we don't leak the app context.
> 168 |     weak var weakAppContext = appContext
      |              ^ weak variable 'weakAppContext' was never mutated; consider changing to 'let' constant
  169 |     let appContextBlock: @convention(block) () -> AppContext? = { weakAppContext }
  170 |     let appContextBlockImp: IMP = imp_implementationWithBlock(appContextBlock)
  171 |     class_replaceMethod(object_getClass(ExpoFabricView.self), #selector(appContextFromClass), appContextBlockImp, "@@:")


⚠️  (node_modules/expo-modules-core/ios/Fabric/ExpoFabricView.swift:195:53)

  193 |     }
  194 |     let newBlockImp: IMP = imp_implementationWithBlock(newBlock)
> 195 |     class_replaceMethod(object_getClass(viewClass), Selector("new"), newBlockImp, "@@:")
      |                                                     ^ use '#selector' instead of explicitly constructing a 'Selector'
  196 |   }
  197 |
  198 |   // swiftlint:disable unavailable_function


⚠️  (node_modules/expo-modules-core/ios/Core/Events/LegacyEventEmitterCompat.swift:27:66)

  25 |       for holder in moduleHoldersWithEvent {
  26 |         if let jsObject = holder.javaScriptObject {
> 27 |           JSIUtils.emitEvent(name, to: jsObject, withArguments: [body], in: runtime)
     |                                                                  ^ coercion of implicitly unwrappable value of type 'Any?' to 'Any' does not unwrap optional
  28 |         }
  29 |       }
  30 |     }


⚠️  (node_modules/expo-modules-core/ios/DevTools/ModuleDefinitionEncoder.swift:133:14)

  131 |       try container.encodeNil(forKey: .value)
  132 |       try container.encode("null", forKey: .type)
> 133 |     case let value as Dictionary<String, Any>:
      |              ^ immutable value 'value' was never used; consider replacing with '_' or removing it
  134 |       try container.encodeNil(forKey: .value)
  135 |       try container.encode("object", forKey: .type)
  136 |     case let value as Array<Any>:


⚠️  (node_modules/expo-modules-core/ios/DevTools/ModuleDefinitionEncoder.swift:136:14)

  134 |       try container.encodeNil(forKey: .value)
  135 |       try container.encode("object", forKey: .type)
> 136 |     case let value as Array<Any>:
      |              ^ immutable value 'value' was never used; consider replacing with '_' or removing it
  137 |       try container.encodeNil(forKey: .value)
  138 |       try container.encode("array", forKey: .type)
  139 |     default:


⚠️  (node_modules/expo-modules-core/ios/Legacy/NativeModulesProxy/NativeModulesProxyModule.swift:9:5)

   7 |     Name(Self.moduleName)
   8 |
>  9 |     Constants { () -> [String: Any?] in
     |     ^ 'Constants' is deprecated: Use `Constant` or `Property` instead
  10 |       guard let config = self.appContext?.legacyModulesProxy?.nativeModulesConfig else {
  11 |         // TODO: Throw, but what?
  12 |         return [:]


⚠️  (node_modules/expo-modules-core/ios/Core/Logging/PersistentFileLog.swift:121:9)

  119 |       if let fileHandle = FileHandle(forWritingAtPath: filePath) {
  120 |         fileHandle.seekToEndOfFile()
> 121 |         try fileHandle.write(data)
      |         ^ no calls to throwing functions occur within 'try' expression
  122 |         fileHandle.closeFile()
  123 |       }
  124 |     }


⚠️  (node_modules/expo-modules-core/ios/Core/Views/ViewModuleWrapper.swift:93:15)

  91 |   @objc
  92 |   public func viewName() -> String {
> 93 |     guard let moduleHolder, let viewDefinition else {
     |               ^ immutable value 'moduleHolder' was never used; consider replacing with '_' or removing it
  94 |       fatalError("Failed to create ModuleHolder or a viewDefinition")
  95 |     }
  96 |     return self.isDefaultModuleView ? DEFAULT_MODULE_VIEW : viewDefinition.name

› Compiling formcam Pods/ReactAppDependencyProvider » ReactAppDependencyProvider-dummy.m
› Compiling react-native-vector-icons Pods/RNVectorIcons » RNVectorIconsManager.mm
› Compiling react-native-screens Pods/RNScreens » UIWindow+RNScreens.mm
› Compiling react-native-screens Pods/RNScreens » UIViewController+RNScreens.mm
› Compiling react-native-screens Pods/RNScreens » UIView+RNSUtility.mm
› Compiling react-native-screens Pods/RNScreens » UINavigationBar+RNSUtility.mm
› Compiling react-native-screens Pods/RNScreens » RNScreensTurboModule.cpp
› Compiling react-native-screens Pods/RNScreens » RNSUIBarButtonItem.mm
› Compiling react-native-screens Pods/RNScreens » RNSSearchBar.mm
› Compiling react-native-screens Pods/RNScreens » RNSScreenWindowTraits.mm

⚠️  (node_modules/react-native-screens/ios/RNSScreenWindowTraits.mm:158:77)

  156 |         // `attemptRotationToDeviceOrientation` is deprecated for modern OS versions
  157 |         // so we need to use `setNeedsUpdateOfSupportedInterfaceOrientations`
> 158 |         UIViewController *topController = [UIApplication sharedApplication].keyWindow.rootViewController;
      |                                                                             ^ 'keyWindow' is deprecated: first deprecated in iOS 13.0 - Should not be used for applications that support multiple scenes as it returns a key window across all connected scenes [-Wdeprecated-declarations]
  159 |         while (topController.presentedViewController) {
  160 |           topController = topController.presentedViewController;
  161 |         }

› Compiling react-native-screens Pods/RNScreens » RNSScreenViewEvent.mm
› Compiling react-native-screens Pods/RNScreens » RNSScreenState.cpp
› Compiling react-native-screens Pods/RNScreens » RNSScreenStackHeaderSubviewState.cpp
› Compiling react-native-screens Pods/RNScreens » RNSScreenStackHeaderSubviewShadowNode.cpp
› Compiling react-native-screens Pods/RNScreens » RNSScreenStackHeaderSubview.mm
› Compiling react-native-screens Pods/RNScreens » RNSScreenStackHeaderConfigState.cpp
› Compiling react-native-screens Pods/RNScreens » RNSScreenStackHeaderConfigShadowNode.cpp
› Compiling react-native-screens Pods/RNScreens » RNSScreenStackHeaderConfig.mm

⚠️  (ios/Pods/Headers/Public/React-Fabric/react/renderer/mounting/ShadowViewMutation.h:47:7)

  45 |   /**
  46 |    * Creates and returns an `Insert` mutation.
> 47 |    * @deprecated Pass parentTag instead of parentShadowView.
     |       ^ declaration is marked with '@deprecated' command but does not have a deprecation attribute [-Wdocumentation-deprecated-sync]
  48 |    */
  49 |   static ShadowViewMutation InsertMutation(
  50 |       const ShadowView& parentShadowView,


⚠️  (ios/Pods/Headers/Public/React-Fabric/react/renderer/mounting/ShadowViewMutation.h:64:7)

  62 |   /**
  63 |    * Creates and returns a `Remove` mutation.
> 64 |    * @deprecated Pass parentTag instead of parentShadowView.
     |       ^ declaration is marked with '@deprecated' command but does not have a deprecation attribute [-Wdocumentation-deprecated-sync]
  65 |    */
  66 |   static ShadowViewMutation RemoveMutation(
  67 |       const ShadowView& parentShadowView,


⚠️  (ios/Pods/Headers/Public/React-Fabric/react/renderer/mounting/ShadowViewMutation.h:83:7)

  81 |   /**
  82 |    * Creates and returns an `Update` mutation.
> 83 |    * @deprecated Pass parentTag instead of parentShadowView.
     |       ^ declaration is marked with '@deprecated' command but does not have a deprecation attribute [-Wdocumentation-deprecated-sync]
  84 |    */
  85 |   static ShadowViewMutation UpdateMutation(
  86 |       ShadowView oldChildShadowView,

› Compiling react-native-screens Pods/RNScreens » RNSScreenStackAnimator.mm
› Compiling react-native-screens Pods/RNScreens » RNSScreenStack.mm

⚠️  (ios/Pods/Headers/Public/React-Fabric/react/renderer/mounting/ShadowViewMutation.h:47:7)

  45 |   /**
  46 |    * Creates and returns an `Insert` mutation.
> 47 |    * @deprecated Pass parentTag instead of parentShadowView.
     |       ^ declaration is marked with '@deprecated' command but does not have a deprecation attribute [-Wdocumentation-deprecated-sync]
  48 |    */
  49 |   static ShadowViewMutation InsertMutation(
  50 |       const ShadowView& parentShadowView,


⚠️  (ios/Pods/Headers/Public/React-Fabric/react/renderer/mounting/ShadowViewMutation.h:64:7)

  62 |   /**
  63 |    * Creates and returns a `Remove` mutation.
> 64 |    * @deprecated Pass parentTag instead of parentShadowView.
     |       ^ declaration is marked with '@deprecated' command but does not have a deprecation attribute [-Wdocumentation-deprecated-sync]
  65 |    */
  66 |   static ShadowViewMutation RemoveMutation(
  67 |       const ShadowView& parentShadowView,


⚠️  (ios/Pods/Headers/Public/React-Fabric/react/renderer/mounting/ShadowViewMutation.h:83:7)

  81 |   /**
  82 |    * Creates and returns an `Update` mutation.
> 83 |    * @deprecated Pass parentTag instead of parentShadowView.
     |       ^ declaration is marked with '@deprecated' command but does not have a deprecation attribute [-Wdocumentation-deprecated-sync]
  84 |    */
  85 |   static ShadowViewMutation UpdateMutation(
  86 |       ShadowView oldChildShadowView,

› Compiling react-native-screens Pods/RNScreens » RNSScreenShadowNode.cpp
› Compiling react-native-screens Pods/RNScreens » RNSScreenRemovalListener.cpp

⚠️  (ios/Pods/Headers/Public/React-Fabric/react/renderer/mounting/ShadowViewMutation.h:47:7)

  45 |   /**
  46 |    * Creates and returns an `Insert` mutation.
> 47 |    * @deprecated Pass parentTag instead of parentShadowView.
     |       ^ declaration is marked with '@deprecated' command but does not have a deprecation attribute [-Wdocumentation-deprecated-sync]
  48 |    */
  49 |   static ShadowViewMutation InsertMutation(
  50 |       const ShadowView& parentShadowView,


⚠️  (ios/Pods/Headers/Public/React-Fabric/react/renderer/mounting/ShadowViewMutation.h:64:7)

  62 |   /**
  63 |    * Creates and returns a `Remove` mutation.
> 64 |    * @deprecated Pass parentTag instead of parentShadowView.
     |       ^ declaration is marked with '@deprecated' command but does not have a deprecation attribute [-Wdocumentation-deprecated-sync]
  65 |    */
  66 |   static ShadowViewMutation RemoveMutation(
  67 |       const ShadowView& parentShadowView,


⚠️  (ios/Pods/Headers/Public/React-Fabric/react/renderer/mounting/ShadowViewMutation.h:83:7)

  81 |   /**
  82 |    * Creates and returns an `Update` mutation.
> 83 |    * @deprecated Pass parentTag instead of parentShadowView.
     |       ^ declaration is marked with '@deprecated' command but does not have a deprecation attribute [-Wdocumentation-deprecated-sync]
  84 |    */
  85 |   static ShadowViewMutation UpdateMutation(
  86 |       ShadowView oldChildShadowView,

› Compiling react-native-screens Pods/RNScreens » RNSScreenNavigationContainer.mm
› Compiling react-native-screens Pods/RNScreens » RNSScreenFooter.mm
› Compiling react-native-screens Pods/RNScreens » RNSScreenContentWrapper.mm

⚠️  (ios/Pods/Headers/Public/React-Fabric/react/renderer/mounting/ShadowViewMutation.h:47:7)

  45 |   /**
  46 |    * Creates and returns an `Insert` mutation.
> 47 |    * @deprecated Pass parentTag instead of parentShadowView.
     |       ^ declaration is marked with '@deprecated' command but does not have a deprecation attribute [-Wdocumentation-deprecated-sync]
  48 |    */
  49 |   static ShadowViewMutation InsertMutation(
  50 |       const ShadowView& parentShadowView,


⚠️  (ios/Pods/Headers/Public/React-Fabric/react/renderer/mounting/ShadowViewMutation.h:64:7)

  62 |   /**
  63 |    * Creates and returns a `Remove` mutation.
> 64 |    * @deprecated Pass parentTag instead of parentShadowView.
     |       ^ declaration is marked with '@deprecated' command but does not have a deprecation attribute [-Wdocumentation-deprecated-sync]
  65 |    */
  66 |   static ShadowViewMutation RemoveMutation(
  67 |       const ShadowView& parentShadowView,


⚠️  (ios/Pods/Headers/Public/React-Fabric/react/renderer/mounting/ShadowViewMutation.h:83:7)

  81 |   /**
  82 |    * Creates and returns an `Update` mutation.
> 83 |    * @deprecated Pass parentTag instead of parentShadowView.
     |       ^ declaration is marked with '@deprecated' command but does not have a deprecation attribute [-Wdocumentation-deprecated-sync]
  84 |    */
  85 |   static ShadowViewMutation UpdateMutation(
  86 |       ShadowView oldChildShadowView,

› Compiling react-native-screens Pods/RNScreens » RNSScreenContainer.mm
› Compiling react-native-screens Pods/RNScreens » RNSScreen.mm

⚠️  (ios/Pods/Headers/Public/React-Fabric/react/renderer/mounting/ShadowViewMutation.h:47:7)

  45 |   /**
  46 |    * Creates and returns an `Insert` mutation.
> 47 |    * @deprecated Pass parentTag instead of parentShadowView.
     |       ^ declaration is marked with '@deprecated' command but does not have a deprecation attribute [-Wdocumentation-deprecated-sync]
  48 |    */
  49 |   static ShadowViewMutation InsertMutation(
  50 |       const ShadowView& parentShadowView,


⚠️  (ios/Pods/Headers/Public/React-Fabric/react/renderer/mounting/ShadowViewMutation.h:64:7)

  62 |   /**
  63 |    * Creates and returns a `Remove` mutation.
> 64 |    * @deprecated Pass parentTag instead of parentShadowView.
     |       ^ declaration is marked with '@deprecated' command but does not have a deprecation attribute [-Wdocumentation-deprecated-sync]
  65 |    */
  66 |   static ShadowViewMutation RemoveMutation(
  67 |       const ShadowView& parentShadowView,


⚠️  (ios/Pods/Headers/Public/React-Fabric/react/renderer/mounting/ShadowViewMutation.h:83:7)

  81 |   /**
  82 |    * Creates and returns an `Update` mutation.
> 83 |    * @deprecated Pass parentTag instead of parentShadowView.
     |       ^ declaration is marked with '@deprecated' command but does not have a deprecation attribute [-Wdocumentation-deprecated-sync]
  84 |    */
  85 |   static ShadowViewMutation UpdateMutation(
  86 |       ShadowView oldChildShadowView,


⚠️  (node_modules/react-native-screens/ios/RNSScreen.mm:1577:69)

  1575 | {
  1576 | #if !TARGET_OS_TV && !TARGET_OS_VISION
> 1577 |   CGSize fallbackStatusBarSize = [[UIApplication sharedApplication] statusBarFrame].size;
       |                                                                     ^ 'statusBarFrame' is deprecated: first deprecated in iOS 13.0 - Use the statusBarManager property of the window scene instead. [-Wdeprecated-declarations]
  1578 |
  1579 |   CGSize primaryStatusBarSize = self.view.window.windowScene.statusBarManager.statusBarFrame.size;
  1580 |   if (primaryStatusBarSize.height == 0 || primaryStatusBarSize.width == 0) {

› Compiling react-native-screens Pods/RNScreens » RNSPercentDrivenInteractiveTransition.mm
› Compiling react-native-screens Pods/RNScreens » RNSModule.mm
› Compiling react-native-screens Pods/RNScreens » RNSModalScreenShadowNode.cpp
› Compiling react-native-screens Pods/RNScreens » RNSModalScreen.mm
› Compiling react-native-screens Pods/RNScreens » RNSHeaderHeightChangeEvent.mm
› Compiling react-native-screens Pods/RNScreens » RNSFullWindowOverlayShadowNode.cpp
› Compiling react-native-screens Pods/RNScreens » RNSFullWindowOverlay.mm
› Compiling react-native-screens Pods/RNScreens » RNSConvert.mm
› Compiling react-native-screens Pods/RNScreens » RCTTouchHandler+RNSUtility.mm
› Compiling react-native-screens Pods/RNScreens » RCTSurfaceTouchHandler+RNSUtility.mm
› Compiling react-native-screens Pods/RNScreens » RCTImageComponentView+RNSScreenStackHeaderConfig.mm
› Compiling react-native-reanimated Pods/RNReanimated » WorkletsModuleProxySpec.cpp
› Compiling react-native-reanimated Pods/RNReanimated » WorkletsModuleProxy.cpp
› Compiling react-native-reanimated Pods/RNReanimated » WorkletsModule.mm
› Compiling react-native-reanimated Pods/RNReanimated » WorkletsMessageThread.mm
› Compiling react-native-reanimated Pods/RNReanimated » WorkletRuntimeRegistry.cpp
› Compiling react-native-reanimated Pods/RNReanimated » WorkletRuntimeDecorator.cpp
› Compiling react-native-reanimated Pods/RNReanimated » WorkletRuntime.cpp
› Compiling react-native-reanimated Pods/RNReanimated » WorkletEventHandler.cpp
› Compiling react-native-reanimated Pods/RNReanimated » UIScheduler.cpp
› Compiling react-native-reanimated Pods/RNReanimated » UIRuntimeDecorator.cpp
› Compiling react-native-reanimated Pods/RNReanimated » Shareables.cpp
› Compiling react-native-reanimated Pods/RNReanimated » ShadowTreeCloner.cpp
› Compiling react-native-reanimated Pods/RNReanimated » ReanimatedVersion.cpp
› Compiling react-native-reanimated Pods/RNReanimated » ReanimatedRuntime.cpp
› Compiling react-native-reanimated Pods/RNReanimated » ReanimatedMountHook.cpp
› Compiling react-native-reanimated Pods/RNReanimated » ReanimatedModuleProxySpec.cpp
› Compiling react-native-reanimated Pods/RNReanimated » ReanimatedModuleProxy.cpp
› Compiling react-native-reanimated Pods/RNReanimated » ReanimatedJSIUtils.cpp
› Compiling react-native-reanimated Pods/RNReanimated » ReanimatedHermesRuntime.cpp
› Compiling react-native-reanimated Pods/RNReanimated » ReanimatedCommitHook.cpp
› Compiling react-native-reanimated Pods/RNReanimated » RNRuntimeWorkletDecorator.cpp
› Compiling react-native-reanimated Pods/RNReanimated » RNRuntimeDecorator.cpp
› Compiling react-native-reanimated Pods/RNReanimated » REASwizzledUIManager.mm

⚠️  (ios/Pods/Headers/Private/RNReanimated/reanimated/apple/REANodesManager.h:12:55)

  10 | @class REAModule;
  11 |
> 12 | typedef void (^REAOnAnimationCallback)(READisplayLink *displayLink);
     |                                                       ^ pointer is missing a nullability type specifier [-Wnullability-completeness]
  13 | typedef void (^REANativeAnimationOp)(RCTUIManager *uiManager);
  14 | typedef void (^REAEventHandler)(id<RCTEvent> event);
  15 | typedef void (^CADisplayLinkOperation)(READisplayLink *displayLink);


⚠️  (ios/Pods/Headers/Private/RNReanimated/reanimated/apple/REANodesManager.h:31:51)

  29 |
  30 | #ifdef RCT_NEW_ARCH_ENABLED
> 31 | - (nonnull instancetype)initWithModule:(REAModule *)reanimatedModule
     |                                                   ^ pointer is missing a nullability type specifier [-Wnullability-completeness]
  32 |                                 bridge:(RCTBridge *)bridge
  33 |                       surfacePresenter:(id<RCTSurfacePresenterStub>)surfacePresenter;
  34 | #else


⚠️  (ios/Pods/Headers/Private/RNReanimated/reanimated/apple/REANodesManager.h:32:51)

  30 | #ifdef RCT_NEW_ARCH_ENABLED
  31 | - (nonnull instancetype)initWithModule:(REAModule *)reanimatedModule
> 32 |                                 bridge:(RCTBridge *)bridge
     |                                                   ^ pointer is missing a nullability type specifier [-Wnullability-completeness]
  33 |                       surfacePresenter:(id<RCTSurfacePresenterStub>)surfacePresenter;
  34 | #else
  35 | - (instancetype)initWithModule:(REAModule *)reanimatedModule uiManager:(RCTUIManager *)uiManager;


⚠️  (ios/Pods/Headers/Private/RNReanimated/reanimated/apple/REANodesManager.h:33:41)

  31 | - (nonnull instancetype)initWithModule:(REAModule *)reanimatedModule
  32 |                                 bridge:(RCTBridge *)bridge
> 33 |                       surfacePresenter:(id<RCTSurfacePresenterStub>)surfacePresenter;
     |                                         ^ pointer is missing a nullability type specifier [-Wnullability-completeness]
  34 | #else
  35 | - (instancetype)initWithModule:(REAModule *)reanimatedModule uiManager:(RCTUIManager *)uiManager;
  36 | #endif // RCT_NEW_ARCH_ENABLED


⚠️  (ios/Pods/Headers/Private/RNReanimated/reanimated/apple/REANodesManager.h:40:26)

  38 | - (void)operationsBatchDidComplete;
  39 |
> 40 | - (void)postOnAnimation:(REAOnAnimationCallback)clb;
     |                          ^ block pointer is missing a nullability type specifier [-Wnullability-completeness]
  41 | - (void)registerEventHandler:(REAEventHandler)eventHandler;
  42 | - (void)dispatchEvent:(id<RCTEvent>)event;
  43 |


⚠️  (ios/Pods/Headers/Private/RNReanimated/reanimated/apple/REANodesManager.h:41:31)

  39 |
  40 | - (void)postOnAnimation:(REAOnAnimationCallback)clb;
> 41 | - (void)registerEventHandler:(REAEventHandler)eventHandler;
     |                               ^ block pointer is missing a nullability type specifier [-Wnullability-completeness]
  42 | - (void)dispatchEvent:(id<RCTEvent>)event;
  43 |
  44 | #ifdef RCT_NEW_ARCH_ENABLED


⚠️  (ios/Pods/Headers/Private/RNReanimated/reanimated/apple/REANodesManager.h:42:24)

  40 | - (void)postOnAnimation:(REAOnAnimationCallback)clb;
  41 | - (void)registerEventHandler:(REAEventHandler)eventHandler;
> 42 | - (void)dispatchEvent:(id<RCTEvent>)event;
     |                        ^ pointer is missing a nullability type specifier [-Wnullability-completeness]
  43 |
  44 | #ifdef RCT_NEW_ARCH_ENABLED
  45 | - (void)registerPerformOperations:(REAPerformOperations)performOperations;


⚠️  (ios/Pods/Headers/Private/RNReanimated/reanimated/apple/REANodesManager.h:45:36)

  43 |
  44 | #ifdef RCT_NEW_ARCH_ENABLED
> 45 | - (void)registerPerformOperations:(REAPerformOperations)performOperations;
     |                                    ^ block pointer is missing a nullability type specifier [-Wnullability-completeness]
  46 | #else
  47 | - (void)configureUiProps:(nonnull NSSet<NSString *> *)uiPropsSet
  48 |           andNativeProps:(nonnull NSSet<NSString *> *)nativePropsSet;


⚠️  (node_modules/react-native-reanimated/apple/reanimated/apple/LayoutReanimation/REASwizzledUIManager.mm:19:17)

  17 | @end
  18 |
> 19 | @implementation RCTUIManager (Reanimated)
     |                 ^ method definition for '_childrenToRemoveFromContainer:atIndices:' not found [-Wincomplete-implementation]
  20 | @dynamic animationsManager;
  21 | - (void)setAnimationsManager:(REAAnimationsManager *)animationsManager
  22 | {


⚠️  (node_modules/react-native-reanimated/apple/reanimated/apple/LayoutReanimation/REASwizzledUIManager.mm:48:44)

  46 |       return hasPendingBlocks || isFlushingBlocks > 0;
  47 |     });
> 48 |     class_addMethod([RCTUIManager class], @selector(isExecutingUpdatesBatch), isExecutingUpdatesBatchImpl, "");
     |                                            ^ undeclared selector 'isExecutingUpdatesBatch' [-Wundeclared-selector]
  49 |   }
  50 |   return self;
  51 | }


⚠️  (node_modules/react-native-reanimated/apple/reanimated/apple/LayoutReanimation/REASwizzledUIManager.mm:57:30)

  55 |   static dispatch_once_t onceToken;
  56 |   dispatch_once(&onceToken, ^{
> 57 |     [REAUtils swizzleMethod:@selector(uiBlockWithLayoutUpdateForRootView:)
     |                              ^ undeclared selector 'uiBlockWithLayoutUpdateForRootView:' [-Wundeclared-selector]
  58 |                    forClass:[RCTUIManager class]
  59 |                        with:@selector(reanimated_uiBlockWithLayoutUpdateForRootView:)
  60 |                   fromClass:[self class]];


⚠️  (node_modules/react-native-reanimated/apple/reanimated/apple/LayoutReanimation/REASwizzledUIManager.mm:61:35)

  59 |                        with:@selector(reanimated_uiBlockWithLayoutUpdateForRootView:)
  60 |                   fromClass:[self class]];
> 61 |     SEL manageChildrenOriginal = @selector
     |                                   ^ undeclared selector '_manageChildren:moveFromIndices:moveToIndices:addChildReactTags:addAtIndices:removeAtIndices:registry:' [-Wundeclared-selector]
  62 |         (_manageChildren:moveFromIndices:moveToIndices:addChildReactTags:addAtIndices:removeAtIndices:registry:);
  63 |     SEL manageChildrenReanimated =
  64 |         @selector(reanimated_manageChildren:


⚠️  (node_modules/react-native-reanimated/apple/reanimated/apple/LayoutReanimation/REASwizzledUIManager.mm:78:30)

  76 |                        with:@selector(reanimated_prependUIBlock:)
  77 |                   fromClass:[self class]];
> 78 |     [REAUtils swizzleMethod:@selector(flushUIBlocksWithCompletion:)
     |                              ^ undeclared selector 'flushUIBlocksWithCompletion:' [-Wundeclared-selector]
  79 |                    forClass:[RCTUIManager class]
  80 |                        with:@selector(reanimated_flushUIBlocksWithCompletion:)
  81 |                   fromClass:[self class]];

› Compiling react-native-reanimated Pods/RNReanimated » REASlowAnimations.mm
› Compiling react-native-reanimated Pods/RNReanimated » REANodesManager.mm

⚠️  (ios/Pods/Headers/Private/RNReanimated/reanimated/apple/REANodesManager.h:12:55)

  10 | @class REAModule;
  11 |
> 12 | typedef void (^REAOnAnimationCallback)(READisplayLink *displayLink);
     |                                                       ^ pointer is missing a nullability type specifier [-Wnullability-completeness]
  13 | typedef void (^REANativeAnimationOp)(RCTUIManager *uiManager);
  14 | typedef void (^REAEventHandler)(id<RCTEvent> event);
  15 | typedef void (^CADisplayLinkOperation)(READisplayLink *displayLink);


⚠️  (ios/Pods/Headers/Private/RNReanimated/reanimated/apple/REANodesManager.h:31:51)

  29 |
  30 | #ifdef RCT_NEW_ARCH_ENABLED
> 31 | - (nonnull instancetype)initWithModule:(REAModule *)reanimatedModule
     |                                                   ^ pointer is missing a nullability type specifier [-Wnullability-completeness]
  32 |                                 bridge:(RCTBridge *)bridge
  33 |                       surfacePresenter:(id<RCTSurfacePresenterStub>)surfacePresenter;
  34 | #else


⚠️  (ios/Pods/Headers/Private/RNReanimated/reanimated/apple/REANodesManager.h:32:51)

  30 | #ifdef RCT_NEW_ARCH_ENABLED
  31 | - (nonnull instancetype)initWithModule:(REAModule *)reanimatedModule
> 32 |                                 bridge:(RCTBridge *)bridge
     |                                                   ^ pointer is missing a nullability type specifier [-Wnullability-completeness]
  33 |                       surfacePresenter:(id<RCTSurfacePresenterStub>)surfacePresenter;
  34 | #else
  35 | - (instancetype)initWithModule:(REAModule *)reanimatedModule uiManager:(RCTUIManager *)uiManager;


⚠️  (ios/Pods/Headers/Private/RNReanimated/reanimated/apple/REANodesManager.h:33:41)

  31 | - (nonnull instancetype)initWithModule:(REAModule *)reanimatedModule
  32 |                                 bridge:(RCTBridge *)bridge
> 33 |                       surfacePresenter:(id<RCTSurfacePresenterStub>)surfacePresenter;
     |                                         ^ pointer is missing a nullability type specifier [-Wnullability-completeness]
  34 | #else
  35 | - (instancetype)initWithModule:(REAModule *)reanimatedModule uiManager:(RCTUIManager *)uiManager;
  36 | #endif // RCT_NEW_ARCH_ENABLED


⚠️  (ios/Pods/Headers/Private/RNReanimated/reanimated/apple/REANodesManager.h:40:26)

  38 | - (void)operationsBatchDidComplete;
  39 |
> 40 | - (void)postOnAnimation:(REAOnAnimationCallback)clb;
     |                          ^ block pointer is missing a nullability type specifier [-Wnullability-completeness]
  41 | - (void)registerEventHandler:(REAEventHandler)eventHandler;
  42 | - (void)dispatchEvent:(id<RCTEvent>)event;
  43 |


⚠️  (ios/Pods/Headers/Private/RNReanimated/reanimated/apple/REANodesManager.h:41:31)

  39 |
  40 | - (void)postOnAnimation:(REAOnAnimationCallback)clb;
> 41 | - (void)registerEventHandler:(REAEventHandler)eventHandler;
     |                               ^ block pointer is missing a nullability type specifier [-Wnullability-completeness]
  42 | - (void)dispatchEvent:(id<RCTEvent>)event;
  43 |
  44 | #ifdef RCT_NEW_ARCH_ENABLED


⚠️  (ios/Pods/Headers/Private/RNReanimated/reanimated/apple/REANodesManager.h:42:24)

  40 | - (void)postOnAnimation:(REAOnAnimationCallback)clb;
  41 | - (void)registerEventHandler:(REAEventHandler)eventHandler;
> 42 | - (void)dispatchEvent:(id<RCTEvent>)event;
     |                        ^ pointer is missing a nullability type specifier [-Wnullability-completeness]
  43 |
  44 | #ifdef RCT_NEW_ARCH_ENABLED
  45 | - (void)registerPerformOperations:(REAPerformOperations)performOperations;


⚠️  (ios/Pods/Headers/Private/RNReanimated/reanimated/apple/REANodesManager.h:45:36)

  43 |
  44 | #ifdef RCT_NEW_ARCH_ENABLED
> 45 | - (void)registerPerformOperations:(REAPerformOperations)performOperations;
     |                                    ^ block pointer is missing a nullability type specifier [-Wnullability-completeness]
  46 | #else
  47 | - (void)configureUiProps:(nonnull NSSet<NSString *> *)uiPropsSet
  48 |           andNativeProps:(nonnull NSSet<NSString *> *)nativePropsSet;

› Compiling react-native-reanimated Pods/RNReanimated » REAModule.mm

⚠️  (ios/Pods/Headers/Private/RNReanimated/reanimated/apple/REANodesManager.h:12:55)

  10 | @class REAModule;
  11 |
> 12 | typedef void (^REAOnAnimationCallback)(READisplayLink *displayLink);
     |                                                       ^ pointer is missing a nullability type specifier [-Wnullability-completeness]
  13 | typedef void (^REANativeAnimationOp)(RCTUIManager *uiManager);
  14 | typedef void (^REAEventHandler)(id<RCTEvent> event);
  15 | typedef void (^CADisplayLinkOperation)(READisplayLink *displayLink);


⚠️  (ios/Pods/Headers/Private/RNReanimated/reanimated/apple/REANodesManager.h:31:51)

  29 |
  30 | #ifdef RCT_NEW_ARCH_ENABLED
> 31 | - (nonnull instancetype)initWithModule:(REAModule *)reanimatedModule
     |                                                   ^ pointer is missing a nullability type specifier [-Wnullability-completeness]
  32 |                                 bridge:(RCTBridge *)bridge
  33 |                       surfacePresenter:(id<RCTSurfacePresenterStub>)surfacePresenter;
  34 | #else


⚠️  (ios/Pods/Headers/Private/RNReanimated/reanimated/apple/REANodesManager.h:32:51)

  30 | #ifdef RCT_NEW_ARCH_ENABLED
  31 | - (nonnull instancetype)initWithModule:(REAModule *)reanimatedModule
> 32 |                                 bridge:(RCTBridge *)bridge
     |                                                   ^ pointer is missing a nullability type specifier [-Wnullability-completeness]
  33 |                       surfacePresenter:(id<RCTSurfacePresenterStub>)surfacePresenter;
  34 | #else
  35 | - (instancetype)initWithModule:(REAModule *)reanimatedModule uiManager:(RCTUIManager *)uiManager;


⚠️  (ios/Pods/Headers/Private/RNReanimated/reanimated/apple/REANodesManager.h:33:41)

  31 | - (nonnull instancetype)initWithModule:(REAModule *)reanimatedModule
  32 |                                 bridge:(RCTBridge *)bridge
> 33 |                       surfacePresenter:(id<RCTSurfacePresenterStub>)surfacePresenter;
     |                                         ^ pointer is missing a nullability type specifier [-Wnullability-completeness]
  34 | #else
  35 | - (instancetype)initWithModule:(REAModule *)reanimatedModule uiManager:(RCTUIManager *)uiManager;
  36 | #endif // RCT_NEW_ARCH_ENABLED


⚠️  (ios/Pods/Headers/Private/RNReanimated/reanimated/apple/REANodesManager.h:40:26)

  38 | - (void)operationsBatchDidComplete;
  39 |
> 40 | - (void)postOnAnimation:(REAOnAnimationCallback)clb;
     |                          ^ block pointer is missing a nullability type specifier [-Wnullability-completeness]
  41 | - (void)registerEventHandler:(REAEventHandler)eventHandler;
  42 | - (void)dispatchEvent:(id<RCTEvent>)event;
  43 |


⚠️  (ios/Pods/Headers/Private/RNReanimated/reanimated/apple/REANodesManager.h:41:31)

  39 |
  40 | - (void)postOnAnimation:(REAOnAnimationCallback)clb;
> 41 | - (void)registerEventHandler:(REAEventHandler)eventHandler;
     |                               ^ block pointer is missing a nullability type specifier [-Wnullability-completeness]
  42 | - (void)dispatchEvent:(id<RCTEvent>)event;
  43 |
  44 | #ifdef RCT_NEW_ARCH_ENABLED


⚠️  (ios/Pods/Headers/Private/RNReanimated/reanimated/apple/REANodesManager.h:42:24)

  40 | - (void)postOnAnimation:(REAOnAnimationCallback)clb;
  41 | - (void)registerEventHandler:(REAEventHandler)eventHandler;
> 42 | - (void)dispatchEvent:(id<RCTEvent>)event;
     |                        ^ pointer is missing a nullability type specifier [-Wnullability-completeness]
  43 |
  44 | #ifdef RCT_NEW_ARCH_ENABLED
  45 | - (void)registerPerformOperations:(REAPerformOperations)performOperations;


⚠️  (ios/Pods/Headers/Private/RNReanimated/reanimated/apple/REANodesManager.h:45:36)

  43 |
  44 | #ifdef RCT_NEW_ARCH_ENABLED
> 45 | - (void)registerPerformOperations:(REAPerformOperations)performOperations;
     |                                    ^ block pointer is missing a nullability type specifier [-Wnullability-completeness]
  46 | #else
  47 | - (void)configureUiProps:(nonnull NSSet<NSString *> *)uiPropsSet
  48 |           andNativeProps:(nonnull NSSet<NSString *> *)nativePropsSet;

› Compiling react-native-reanimated Pods/RNReanimated » REAKeyboardEventObserver.mm

⚠️  (node_modules/react-native-reanimated/apple/reanimated/apple/keyboardObserver/REAKeyboardEventObserver.mm:415:68)

  413 |     return _keyboardView;
  414 |   }
> 415 |   NSArray<UIWindow *> *windows = [UIApplication sharedApplication].windows;
      |                                                                    ^ 'windows' is deprecated: first deprecated in iOS 15.0 - Use UIWindowScene.windows on a relevant window scene instead [-Wdeprecated-declarations]
  416 |   auto window = [self findClass:@"UITextEffectsWindow" inViewsList:windows];
  417 |   auto keyboardContainer = [self findClass:@"UIInputSetContainerView" inViewsList:window.subviews];
  418 |   _keyboardView = [self findClass:@"UIInputSetHostView" inViewsList:keyboardContainer.subviews];

› Compiling react-native-reanimated Pods/RNReanimated » PropsRegistry.cpp
› Compiling react-native-reanimated Pods/RNReanimated » PlatformLogger.mm
› Compiling react-native-reanimated Pods/RNReanimated » PlatformDepMethodsHolderImpl.mm

⚠️  (ios/Pods/Headers/Private/RNReanimated/reanimated/apple/REANodesManager.h:12:55)

  10 | @class REAModule;
  11 |
> 12 | typedef void (^REAOnAnimationCallback)(READisplayLink *displayLink);
     |                                                       ^ pointer is missing a nullability type specifier [-Wnullability-completeness]
  13 | typedef void (^REANativeAnimationOp)(RCTUIManager *uiManager);
  14 | typedef void (^REAEventHandler)(id<RCTEvent> event);
  15 | typedef void (^CADisplayLinkOperation)(READisplayLink *displayLink);


⚠️  (ios/Pods/Headers/Private/RNReanimated/reanimated/apple/REANodesManager.h:31:51)

  29 |
  30 | #ifdef RCT_NEW_ARCH_ENABLED
> 31 | - (nonnull instancetype)initWithModule:(REAModule *)reanimatedModule
     |                                                   ^ pointer is missing a nullability type specifier [-Wnullability-completeness]
  32 |                                 bridge:(RCTBridge *)bridge
  33 |                       surfacePresenter:(id<RCTSurfacePresenterStub>)surfacePresenter;
  34 | #else


⚠️  (ios/Pods/Headers/Private/RNReanimated/reanimated/apple/REANodesManager.h:32:51)

  30 | #ifdef RCT_NEW_ARCH_ENABLED
  31 | - (nonnull instancetype)initWithModule:(REAModule *)reanimatedModule
> 32 |                                 bridge:(RCTBridge *)bridge
     |                                                   ^ pointer is missing a nullability type specifier [-Wnullability-completeness]
  33 |                       surfacePresenter:(id<RCTSurfacePresenterStub>)surfacePresenter;
  34 | #else
  35 | - (instancetype)initWithModule:(REAModule *)reanimatedModule uiManager:(RCTUIManager *)uiManager;


⚠️  (ios/Pods/Headers/Private/RNReanimated/reanimated/apple/REANodesManager.h:33:41)

  31 | - (nonnull instancetype)initWithModule:(REAModule *)reanimatedModule
  32 |                                 bridge:(RCTBridge *)bridge
> 33 |                       surfacePresenter:(id<RCTSurfacePresenterStub>)surfacePresenter;
     |                                         ^ pointer is missing a nullability type specifier [-Wnullability-completeness]
  34 | #else
  35 | - (instancetype)initWithModule:(REAModule *)reanimatedModule uiManager:(RCTUIManager *)uiManager;
  36 | #endif // RCT_NEW_ARCH_ENABLED


⚠️  (ios/Pods/Headers/Private/RNReanimated/reanimated/apple/REANodesManager.h:40:26)

  38 | - (void)operationsBatchDidComplete;
  39 |
> 40 | - (void)postOnAnimation:(REAOnAnimationCallback)clb;
     |                          ^ block pointer is missing a nullability type specifier [-Wnullability-completeness]
  41 | - (void)registerEventHandler:(REAEventHandler)eventHandler;
  42 | - (void)dispatchEvent:(id<RCTEvent>)event;
  43 |


⚠️  (ios/Pods/Headers/Private/RNReanimated/reanimated/apple/REANodesManager.h:41:31)

  39 |
  40 | - (void)postOnAnimation:(REAOnAnimationCallback)clb;
> 41 | - (void)registerEventHandler:(REAEventHandler)eventHandler;
     |                               ^ block pointer is missing a nullability type specifier [-Wnullability-completeness]
  42 | - (void)dispatchEvent:(id<RCTEvent>)event;
  43 |
  44 | #ifdef RCT_NEW_ARCH_ENABLED


⚠️  (ios/Pods/Headers/Private/RNReanimated/reanimated/apple/REANodesManager.h:42:24)

  40 | - (void)postOnAnimation:(REAOnAnimationCallback)clb;
  41 | - (void)registerEventHandler:(REAEventHandler)eventHandler;
> 42 | - (void)dispatchEvent:(id<RCTEvent>)event;
     |                        ^ pointer is missing a nullability type specifier [-Wnullability-completeness]
  43 |
  44 | #ifdef RCT_NEW_ARCH_ENABLED
  45 | - (void)registerPerformOperations:(REAPerformOperations)performOperations;


⚠️  (ios/Pods/Headers/Private/RNReanimated/reanimated/apple/REANodesManager.h:45:36)

  43 |
  44 | #ifdef RCT_NEW_ARCH_ENABLED
> 45 | - (void)registerPerformOperations:(REAPerformOperations)performOperations;
     |                                    ^ block pointer is missing a nullability type specifier [-Wnullability-completeness]
  46 | #else
  47 | - (void)configureUiProps:(nonnull NSSet<NSString *> *)uiPropsSet
  48 |           andNativeProps:(nonnull NSSet<NSString *> *)nativePropsSet;


⚠️  (node_modules/react-native-reanimated/apple/reanimated/apple/native/PlatformDepMethodsHolderImpl.mm:48:15)

  46 | using namespace react;
  47 |
> 48 | static NSSet *convertProps(jsi::Runtime &rt, const jsi::Value &props)
     |               ^ unused function 'convertProps' [-Wunused-function]
  49 | {
  50 |   NSMutableSet *propsSet = [[NSMutableSet alloc] init];
  51 |   jsi::Array propsNames = props.asObject(rt).asArray(rt);

› Compiling react-native-reanimated Pods/RNReanimated » NativeProxy.mm

⚠️  (ios/Pods/Headers/Private/RNReanimated/reanimated/apple/REANodesManager.h:12:55)

  10 | @class REAModule;
  11 |
> 12 | typedef void (^REAOnAnimationCallback)(READisplayLink *displayLink);
     |                                                       ^ pointer is missing a nullability type specifier [-Wnullability-completeness]
  13 | typedef void (^REANativeAnimationOp)(RCTUIManager *uiManager);
  14 | typedef void (^REAEventHandler)(id<RCTEvent> event);
  15 | typedef void (^CADisplayLinkOperation)(READisplayLink *displayLink);


⚠️  (ios/Pods/Headers/Private/RNReanimated/reanimated/apple/REANodesManager.h:31:51)

  29 |
  30 | #ifdef RCT_NEW_ARCH_ENABLED
> 31 | - (nonnull instancetype)initWithModule:(REAModule *)reanimatedModule
     |                                                   ^ pointer is missing a nullability type specifier [-Wnullability-completeness]
  32 |                                 bridge:(RCTBridge *)bridge
  33 |                       surfacePresenter:(id<RCTSurfacePresenterStub>)surfacePresenter;
  34 | #else


⚠️  (ios/Pods/Headers/Private/RNReanimated/reanimated/apple/REANodesManager.h:32:51)

  30 | #ifdef RCT_NEW_ARCH_ENABLED
  31 | - (nonnull instancetype)initWithModule:(REAModule *)reanimatedModule
> 32 |                                 bridge:(RCTBridge *)bridge
     |                                                   ^ pointer is missing a nullability type specifier [-Wnullability-completeness]
  33 |                       surfacePresenter:(id<RCTSurfacePresenterStub>)surfacePresenter;
  34 | #else
  35 | - (instancetype)initWithModule:(REAModule *)reanimatedModule uiManager:(RCTUIManager *)uiManager;


⚠️  (ios/Pods/Headers/Private/RNReanimated/reanimated/apple/REANodesManager.h:33:41)

  31 | - (nonnull instancetype)initWithModule:(REAModule *)reanimatedModule
  32 |                                 bridge:(RCTBridge *)bridge
> 33 |                       surfacePresenter:(id<RCTSurfacePresenterStub>)surfacePresenter;
     |                                         ^ pointer is missing a nullability type specifier [-Wnullability-completeness]
  34 | #else
  35 | - (instancetype)initWithModule:(REAModule *)reanimatedModule uiManager:(RCTUIManager *)uiManager;
  36 | #endif // RCT_NEW_ARCH_ENABLED


⚠️  (ios/Pods/Headers/Private/RNReanimated/reanimated/apple/REANodesManager.h:40:26)

  38 | - (void)operationsBatchDidComplete;
  39 |
> 40 | - (void)postOnAnimation:(REAOnAnimationCallback)clb;
     |                          ^ block pointer is missing a nullability type specifier [-Wnullability-completeness]
  41 | - (void)registerEventHandler:(REAEventHandler)eventHandler;
  42 | - (void)dispatchEvent:(id<RCTEvent>)event;
  43 |


⚠️  (ios/Pods/Headers/Private/RNReanimated/reanimated/apple/REANodesManager.h:41:31)

  39 |
  40 | - (void)postOnAnimation:(REAOnAnimationCallback)clb;
> 41 | - (void)registerEventHandler:(REAEventHandler)eventHandler;
     |                               ^ block pointer is missing a nullability type specifier [-Wnullability-completeness]
  42 | - (void)dispatchEvent:(id<RCTEvent>)event;
  43 |
  44 | #ifdef RCT_NEW_ARCH_ENABLED


⚠️  (ios/Pods/Headers/Private/RNReanimated/reanimated/apple/REANodesManager.h:42:24)

  40 | - (void)postOnAnimation:(REAOnAnimationCallback)clb;
  41 | - (void)registerEventHandler:(REAEventHandler)eventHandler;
> 42 | - (void)dispatchEvent:(id<RCTEvent>)event;
     |                        ^ pointer is missing a nullability type specifier [-Wnullability-completeness]
  43 |
  44 | #ifdef RCT_NEW_ARCH_ENABLED
  45 | - (void)registerPerformOperations:(REAPerformOperations)performOperations;


⚠️  (ios/Pods/Headers/Private/RNReanimated/reanimated/apple/REANodesManager.h:45:36)

  43 |
  44 | #ifdef RCT_NEW_ARCH_ENABLED
> 45 | - (void)registerPerformOperations:(REAPerformOperations)performOperations;
     |                                    ^ block pointer is missing a nullability type specifier [-Wnullability-completeness]
  46 | #else
  47 | - (void)configureUiProps:(nonnull NSSet<NSString *> *)uiPropsSet
  48 |           andNativeProps:(nonnull NSSet<NSString *> *)nativePropsSet;

› Compiling react-native-reanimated Pods/RNReanimated » NativeMethods.mm
› Compiling react-native-reanimated Pods/RNReanimated » LayoutAnimationsUtils.cpp
› Compiling react-native-reanimated Pods/RNReanimated » LayoutAnimationsProxy.cpp
› Compiling react-native-reanimated Pods/RNReanimated » LayoutAnimationsManager.cpp
› Compiling react-native-reanimated Pods/RNReanimated » JSScheduler.cpp
› Compiling react-native-reanimated Pods/RNReanimated » JSLogger.cpp
› Compiling react-native-reanimated Pods/RNReanimated » JSISerializer.cpp
› Compiling react-native-reanimated Pods/RNReanimated » IOSUIScheduler.mm
› Compiling react-native-reanimated Pods/RNReanimated » FeaturesConfig.cpp
› Compiling react-native-reanimated Pods/RNReanimated » EventHandlerRegistry.cpp
› Compiling react-native-reanimated Pods/RNReanimated » AsyncQueue.cpp
› Compiling react-native-reanimated Pods/RNReanimated » AnimatedSensorModule.cpp
› Compiling react-native-gesture-handler Pods/RNGestureHandler » RNNativeViewHandler.mm
