[2026-02-17 06:51:35] 🚀 Iniciando script – 2026-02-17_06-51-35
[2026-02-17 06:51:35] ✅ Node v24.12.0 OK
[2026-02-17 06:51:36] ✅ Yarn 1.22.22 OK
[2026-02-17 06:51:36] ✅ Expo (SDK) local (54.0.23)
[2026-02-17 06:51:36] ✅ Xcode 26.2 OK
[2026-02-17 06:51:36] ✅ CocoaPods 1.16.2 OK
[2026-02-17 06:51:36] ✅ watchman 2026.01.12.00 encontrado
[2026-02-17 06:51:36] ✅ libimobiledevice (idevice_id) disponível
[2026-02-17 06:51:36] 📦 Instalando dependências com Yarn (frozen‑lockfile)…
yarn install v1.22.22
[1/4] Resolving packages...
(node:31367) [DEP0169] DeprecationWarning: `url.parse()` behavior is not standardized and prone to errors that have security implications. Use the WHATWG URL API instead. CVEs are not issued for `url.parse()` vulnerabilities.
(Use `node --trace-deprecation ...` to show where the warning was created)
success Already up-to-date.
Done in 0.14s.
[2026-02-17 06:51:36] 🧹 Limpando artefatos de build anteriores…
[2026-02-17 06:51:36]    • ios/build removida
[2026-02-17 06:51:37]    • .expo removida
[2026-02-17 06:51:37]    • DerivedData (/Users/clisamax/Library/Developer/Xcode/DerivedData/FormCam-bghffiesmchebqfenymgyejtnsai
/Users/clisamax/Library/Developer/Xcode/DerivedData/FormCam-dafqrjcqenjoxbfbwuupgqbhuhip) removida
[2026-02-17 06:51:37] ⚠️  Porta 8081 já está em uso (PID 30032) – desligando.
[2026-02-17 06:51:37] ✅  Porta 8081 liberada.
[2026-02-17 06:51:37] 🧹 Resetando o cache do Metro…
[2026-02-17 06:51:37]    • Criando RAM‑disk de 2g (primeira tentativa)…
[2026-02-17 06:51:37]    • -size não suportado – usando fallback baseado em setores
[2026-02-17 06:51:37]    • RAM‑disk criado via setores (/dev/disk55         	                               	)
[2026-02-17 06:51:37]    • Formatando como APFS (nome: metro-ram)…
[2026-02-17 06:51:39] ✅  RAM‑disk criado e montado em /Volumes/metro-ram
[2026-02-17 06:51:39]    • METRO_CACHE_DIR = /Volumes/metro-ram/metro-cache
[2026-02-17 06:51:39]    • Iniciando Metro em background (gera grafo)…
[2026-02-17 06:51:39] ⏳ Metro ainda indexando (0s, PID=31494) – cache   0B
2026-02-17T09:51:39.327Z expo:telemetry Switching strategy from detached to instant
2026-02-17T09:51:39.357Z expo:telemetry Recording 1 event(s)
2026-02-17T09:51:39.362Z expo:env Loaded environment variables from: /Users/clisamax/Documents/GITHUB/FormCam/.env
2026-02-17T09:51:39.362Z expo:env /Users/clisamax/Documents/GITHUB/FormCam/.env.development does not exist, skipping this env file
2026-02-17T09:51:39.362Z expo:env /Users/clisamax/Documents/GITHUB/FormCam/.env.local does not exist, skipping this env file
2026-02-17T09:51:39.362Z expo:env /Users/clisamax/Documents/GITHUB/FormCam/.env.development.local does not exist, skipping this env file
env: load .env
env: export EXPO_PUBLIC_API_URL EXPO_PUBLIC_IMMICH_URL EXPO_PUBLIC_IMMICH_API_KEY
2026-02-17T09:51:39.430Z expo:utils:scheme ios application Info.plist path: FormCam/Info.plist
2026-02-17T09:51:39.435Z expo:utils:scheme ios application schemes: [ 'formcam', 'com.clisamax.FormCam', 'exp+formcam' ]
2026-02-17T09:51:39.447Z expo:utils:scheme expected error collecting android application schemes for the main activity: TypeError: Cannot read properties of null (reading 'manifest')
    at isManifest (/Users/clisamax/Documents/GITHUB/FormCam/node_modules/@expo/config-plugins/build/android/Manifest.js:73:16)
    at Object.readAndroidManifestAsync (/Users/clisamax/Documents/GITHUB/FormCam/node_modules/@expo/config-plugins/build/android/Manifest.js:66:8)
    at async getSchemesForAndroidAsync (/Users/clisamax/Documents/GITHUB/FormCam/node_modules/@expo/cli/build/src/utils/scheme.js:155:26)
    at async Promise.all (index 1)
    at async getOptionalDevClientSchemeAsync (/Users/clisamax/Documents/GITHUB/FormCam/node_modules/@expo/cli/build/src/utils/scheme.js:182:28)
    at async resolveSchemeAsync (/Users/clisamax/Documents/GITHUB/FormCam/node_modules/@expo/cli/build/src/start/resolveOptions.js:99:32)
    at async resolveOptionsAsync (/Users/clisamax/Documents/GITHUB/FormCam/node_modules/@expo/cli/build/src/start/resolveOptions.js:70:20)
    at async expoStart (/Users/clisamax/Documents/GITHUB/FormCam/node_modules/@expo/cli/build/src/start/index.js:140:21)
Starting project at /Users/clisamax/Documents/GITHUB/FormCam
2026-02-17T09:51:39.503Z expo:utils:fileNotifier Observing /Users/clisamax/Documents/GITHUB/FormCam/babel.config.js
2026-02-17T09:51:39.576Z expo:start:server:devServer Stopping dev server (bundler: metro)
2026-02-17T09:51:39.576Z expo:start:server:devServer Stopped dev server (bundler: metro)
Using src/app as the root directory for Expo Router.
2026-02-17T09:51:39.812Z expo:metro:config react-native-reanimated package.json: /Users/clisamax/Documents/GITHUB/FormCam/node_modules/react-native-reanimated/package.json
2026-02-17T09:51:39.815Z expo:metro:config react-native-reanimated package.json: /Users/clisamax/Documents/GITHUB/FormCam/node_modules/react-native-reanimated/package.json

Expo Metro config:
- Version: 54.0.14
- Extensions: ts, tsx, mjs, js, jsx, json, cjs, scss, sass, css
- React Native: /Users/clisamax/Documents/GITHUB/FormCam/node_modules/react-native
- Watch Folders: 
- Node Module Paths: 
- Sass: null
- Reanimated: 3.17.5
- Worklets: null
- Babel Runtime: null


Expo Metro config:
- Version: 54.0.14
- Extensions: ts, tsx, mjs, js, jsx, json, cjs, scss, sass, css
- React Native: /Users/clisamax/Documents/GITHUB/FormCam/node_modules/react-native
- Watch Folders: 
- Node Module Paths: 
- Sass: null
- Reanimated: 3.17.5
- Worklets: null
- Babel Runtime: null

2026-02-17T09:51:39.915Z expo:metro:withMetroResolvers Appending 8 custom resolvers to Metro config. (has custom resolver: false)
2026-02-17T09:51:39.940Z expo:start:server:urlCreator URL: http://127.0.0.1:8081
Metro is running in CI mode, reloads are disabled. Remove CI=true to enable watch mode.
Starting Metro Bundler
warning: Bundler cache is empty, rebuilding (this may take a minute)
2026-02-17T09:51:40.073Z expo:start:server:middleware:serveStatic Serving static files from: /Users/clisamax/Documents/GITHUB/FormCam/public
2026-02-17T09:51:40.181Z expo:start:server:urlCreator URL: http://192.168.0.6:8081
2026-02-17T09:51:40.181Z expo:start:server:urlCreator Dev client URL: exp+formcam://expo-development-client/?url=http%3A%2F%2F192.168.0.6%3A8081 -- manifestUrl: http://192.168.0.6:8081 -- {}
2026-02-17T09:51:40.182Z expo:start:server:developmentSession This project will not be suggested in Expo Go or Dev Clients because Expo CLI is running in CI.
2026-02-17T09:51:40.183Z expo:utils:fileNotifier Observing /Users/clisamax/Documents/GITHUB/FormCam/metro.config.js
2026-02-17T09:51:40.183Z expo:start:server:metro:waitForTypescript Watching file changes: [
  '/Users/clisamax/Documents/GITHUB/FormCam/.env.development.local',
  '/Users/clisamax/Documents/GITHUB/FormCam/.env.local',
  '/Users/clisamax/Documents/GITHUB/FormCam/.env.development',
  '/Users/clisamax/Documents/GITHUB/FormCam/.env'
]
2026-02-17T09:51:40.183Z expo:doctor:typescriptSupport Ensuring TypeScript support is setup
2026-02-17T09:51:40.184Z expo:doctor:apple:simulatorApp Simulator app id: com.apple.iphonesimulator
2026-02-17T09:51:40.197Z expo:doctor:dependencies:getMissingPackages Required package "typescript" found (no version constraint specified).
2026-02-17T09:51:40.197Z expo:doctor:dependencies:getMissingPackages Required package "@types/react" found (no version constraint specified).
2026-02-17T09:51:40.199Z expo:typed-routes Ensuring typed routes side-effects are setup (experiments.typedRoutes: true, typesDirectory: /Users/clisamax/Documents/GITHUB/FormCam/.expo/types)
Waiting on http://localhost:8081
Logs for your project will appear below.
2026-02-17T09:51:40.204Z expo:start:server:metro:metroWatchTypeScriptFiles Waiting for TypeScript files to be added to the project...
[2026-02-17 06:51:49] ✅ Metro sinalizou prontidão (READY)!
[2026-02-17 06:51:49] ✅ Cache reconstruído/aquecido com sucesso (tempo: 10s).
[2026-02-17 06:51:49]    • RAM‑disk desmontado (sudo)
[2026-02-17 06:51:49] 🔧 Atualizando Pods…
Using Expo modules
[Expo] Enabling modular headers for pod ExpoModulesCore
[Expo] Enabling modular headers for pod React-RCTAppDelegate
[Expo] Enabling modular headers for pod React-RCTFabric
[Expo] Enabling modular headers for pod ReactAppDependencyProvider
[Expo] Enabling modular headers for pod React-Core
[Expo] Enabling modular headers for pod RCT-Folly
[Expo] Enabling modular headers for pod glog
[Expo] Enabling modular headers for pod ReactCodegen
[Expo] Enabling modular headers for pod RCTRequired
[Expo] Enabling modular headers for pod RCTTypeSafety
[Expo] Enabling modular headers for pod ReactCommon
[Expo] Enabling modular headers for pod React-NativeModulesApple
[Expo] Enabling modular headers for pod Yoga
[Expo] Enabling modular headers for pod React-Fabric
[Expo] Enabling modular headers for pod React-graphics
[Expo] Enabling modular headers for pod React-utils
[Expo] Enabling modular headers for pod React-featureflags
[Expo] Enabling modular headers for pod React-debug
[Expo] Enabling modular headers for pod React-ImageManager
[Expo] Enabling modular headers for pod React-rendererdebug
[Expo] Enabling modular headers for pod DoubleConversion
[Expo] Enabling modular headers for pod React-jsi
[Expo] Enabling modular headers for pod React-renderercss
[Expo] Enabling modular headers for pod hermes-engine
[Expo] Enabling modular headers for pod React-hermes
[Expo] Enabling modular headers for pod ZXingObjC
[Expo] Enabling modular headers for pod expo-dev-menu-interface
[Expo] Enabling modular headers for pod EXManifests
[Expo] Enabling modular headers for pod EXUpdatesInterface
[Expo] Enabling modular headers for pod expo-dev-menu
[Expo] Enabling modular headers for pod React-jsinspector
[Expo] Enabling modular headers for pod expo-dev-launcher
[Expo] Enabling modular headers for pod EXImageLoader
[Expo] Enabling modular headers for pod SDWebImageWebPCoder
[Expo] Enabling modular headers for pod EXStructuredHeaders
[Expo] Enabling modular headers for pod EASClient
[Expo] Enabling modular headers for pod ReachabilitySwift
Found 9 modules for target `FormCam`
link_native_modules! {:ios_packages=>[{:configurations=>[], :name=>"@react-native-async-storage/async-storage", :root=>"/Users/clisamax/Documents/GITHUB/FormCam/node_modules/@react-native-async-storage/async-storage", :path=>"../node_modules/@react-native-async-storage/async-storage", :podspec_path=>"/Users/clisamax/Documents/GITHUB/FormCam/node_modules/@react-native-async-storage/async-storage/RNCAsyncStorage.podspec", :script_phases=>[]}, {:configurations=>[], :name=>"@react-native-community/datetimepicker", :root=>"/Users/clisamax/Documents/GITHUB/FormCam/node_modules/@react-native-community/datetimepicker", :path=>"../node_modules/@react-native-community/datetimepicker", :podspec_path=>"/Users/clisamax/Documents/GITHUB/FormCam/node_modules/@react-native-community/datetimepicker/RNDateTimePicker.podspec", :script_phases=>[]}, {:configurations=>[], :name=>"@react-native-community/netinfo", :root=>"/Users/clisamax/Documents/GITHUB/FormCam/node_modules/@react-native-community/netinfo", :path=>"../node_modules/@react-native-community/netinfo", :podspec_path=>"/Users/clisamax/Documents/GITHUB/FormCam/node_modules/@react-native-community/netinfo/react-native-netinfo.podspec", :script_phases=>[]}, {:configurations=>[], :name=>"expo", :root=>"/Users/clisamax/Documents/GITHUB/FormCam/node_modules/expo", :path=>"../node_modules/expo", :podspec_path=>"/Users/clisamax/Documents/GITHUB/FormCam/node_modules/expo/Expo.podspec", :script_phases=>[]}, {:configurations=>[], :name=>"react-native-gesture-handler", :root=>"/Users/clisamax/Documents/GITHUB/FormCam/node_modules/react-native-gesture-handler", :path=>"../node_modules/react-native-gesture-handler", :podspec_path=>"/Users/clisamax/Documents/GITHUB/FormCam/node_modules/react-native-gesture-handler/RNGestureHandler.podspec", :script_phases=>[]}, {:configurations=>[], :name=>"react-native-reanimated", :root=>"/Users/clisamax/Documents/GITHUB/FormCam/node_modules/react-native-reanimated", :path=>"../node_modules/react-native-reanimated", :podspec_path=>"/Users/clisamax/Documents/GITHUB/FormCam/node_modules/react-native-reanimated/RNReanimated.podspec", :script_phases=>[]}, {:configurations=>[], :name=>"react-native-safe-area-context", :root=>"/Users/clisamax/Documents/GITHUB/FormCam/node_modules/react-native-safe-area-context", :path=>"../node_modules/react-native-safe-area-context", :podspec_path=>"/Users/clisamax/Documents/GITHUB/FormCam/node_modules/react-native-safe-area-context/react-native-safe-area-context.podspec", :script_phases=>[]}, {:configurations=>[], :name=>"react-native-screens", :root=>"/Users/clisamax/Documents/GITHUB/FormCam/node_modules/react-native-screens", :path=>"../node_modules/react-native-screens", :podspec_path=>"/Users/clisamax/Documents/GITHUB/FormCam/node_modules/react-native-screens/RNScreens.podspec", :script_phases=>[]}, {:configurations=>[], :name=>"react-native-vector-icons", :root=>"/Users/clisamax/Documents/GITHUB/FormCam/node_modules/react-native-vector-icons", :path=>"../node_modules/react-native-vector-icons", :podspec_path=>"/Users/clisamax/Documents/GITHUB/FormCam/node_modules/react-native-vector-icons/RNVectorIcons.podspec", :script_phases=>[]}], :ios_project_root_path=>"/Users/clisamax/Documents/GITHUB/FormCam/ios", :react_native_path=>"../node_modules/react-native"}
Auto-linking React Native modules for target `FormCam`: RNCAsyncStorage, RNDateTimePicker, RNGestureHandler, RNReanimated, RNScreens, RNVectorIcons, react-native-netinfo, and react-native-safe-area-context
Framework build type is static library
Configuring the target with the New Architecture
[36m[1m[Codegen][0m Analyzing /Users/clisamax/Documents/GITHUB/FormCam/package.json[0m
[36m[1m[Codegen][0m [33mSearching for codegen-enabled libraries in the app.[0m
[36m[1m[Codegen][0m [33mThe "codegenConfig" field is not defined in package.json. Assuming there is nothing to generate at the app level.[0m
[36m[1m[Codegen][0m [33mSearching for codegen-enabled libraries in the project dependencies.[0m
[36m[1m[Codegen][0m Found @react-native-async-storage/async-storage[0m
[36m[1m[Codegen][0m Found @react-native-community/datetimepicker[0m
[36m[1m[Codegen][0m Found expo-media-library[0m
[36m[1m[Codegen][0m Found react-native[0m
[36m[1m[Codegen][0m Found react-native-gesture-handler[0m
[36m[1m[Codegen][0m Found react-native-reanimated[0m
[36m[1m[Codegen][0m Found react-native-safe-area-context[0m
[36m[1m[Codegen][0m Found react-native-screens[0m
[36m[1m[Codegen][0m Found react-native-vector-icons[0m
[36m[1m[Codegen][0m [33mSearching for codegen-enabled libraries in react-native.config.js[0m
[36m[1m[Codegen][0m Processing rnasyncstorage[0m
[36m[1m[Codegen][0m [33mSearching for podspec in the project dependencies.[0m
[36m[1m[Codegen][0m Supported Apple platforms: ios, macos, tvos, visionos for rnasyncstorage[0m
[36m[1m[Codegen][0m Processing RNDateTimePickerCGen[0m
[36m[1m[Codegen][0m [33mSearching for podspec in the project dependencies.[0m
[36m[1m[Codegen][0m Supported Apple platforms: ios, visionos for RNDateTimePickerCGen[0m
[36m[1m[Codegen][0m Processing expo-media-library[0m
[36m[1m[Codegen][0m [33mSearching for podspec in the project dependencies.[0m
[36m[1m[Codegen][0m Processing FBReactNativeSpec[0m
[36m[1m[Codegen][0m [33mSearching for podspec in the project dependencies.[0m
[36m[1m[Codegen][0m Processing rncore[0m
[36m[1m[Codegen][0m [33mSearching for podspec in the project dependencies.[0m
[36m[1m[Codegen][0m Processing rngesturehandler_codegen[0m
[36m[1m[Codegen][0m [33mSearching for podspec in the project dependencies.[0m
[36m[1m[Codegen][0m Supported Apple platforms: ios, macos, tvos, visionos for rngesturehandler_codegen[0m
[36m[1m[Codegen][0m Processing rnreanimated[0m
[36m[1m[Codegen][0m [33mSearching for podspec in the project dependencies.[0m
[36m[1m[Codegen][0m Supported Apple platforms: ios, macos, tvos, visionos for rnreanimated[0m
[36m[1m[Codegen][0m Processing safeareacontext[0m
[36m[1m[Codegen][0m [33mSearching for podspec in the project dependencies.[0m
[36m[1m[Codegen][0m Supported Apple platforms: ios, macos, tvos, visionos for safeareacontext[0m
[36m[1m[Codegen][0m Processing rnscreens[0m
[36m[1m[Codegen][0m [33mSearching for podspec in the project dependencies.[0m
[36m[1m[Codegen][0m Supported Apple platforms: ios, tvos, visionos for rnscreens[0m
[36m[1m[Codegen][0m Processing RNVectorIconsSpec[0m
[36m[1m[Codegen][0m [33mSearching for podspec in the project dependencies.[0m
[36m[1m[Codegen][0m Supported Apple platforms: ios, tvos, visionos for RNVectorIconsSpec[0m
[36m[1m[Codegen][0m Generating Native Code for rnasyncstorage - ios[0m
[36m[1m[Codegen][0m Generated artifacts: /Users/clisamax/Documents/GITHUB/FormCam/ios/build/generated/ios[0m
[36m[1m[Codegen][0m Generating Native Code for RNDateTimePickerCGen - ios[0m
[36m[1m[Codegen][0m Generated artifacts: /Users/clisamax/Documents/GITHUB/FormCam/ios/build/generated/ios[0m
[36m[1m[Codegen][0m Generating Native Code for expo-media-library - ios[0m
[36m[1m[Codegen][0m Generated artifacts: /Users/clisamax/Documents/GITHUB/FormCam/ios/build/generated/ios[0m
[36m[1m[Codegen][0m [33m[Codegen - FBReactNativeSpec] Skipping iOS code generation for FBReactNativeSpec as it has been generated already.[0m
[36m[1m[Codegen][0m [33m[Codegen - rncore] Skipping iOS code generation for rncore as it has been generated already.[0m
[36m[1m[Codegen][0m Generating Native Code for rngesturehandler_codegen - ios[0m
[36m[1m[Codegen][0m Generated artifacts: /Users/clisamax/Documents/GITHUB/FormCam/ios/build/generated/ios[0m
[36m[1m[Codegen][0m Generating Native Code for rnreanimated - ios[0m
[36m[1m[Codegen][0m Generated artifacts: /Users/clisamax/Documents/GITHUB/FormCam/ios/build/generated/ios[0m
[36m[1m[Codegen][0m Generating Native Code for safeareacontext - ios[0m
[36m[1m[Codegen][0m Generated artifacts: /Users/clisamax/Documents/GITHUB/FormCam/ios/build/generated/ios[0m
[36m[1m[Codegen][0m Generating Native Code for rnscreens - ios[0m
[36m[1m[Codegen][0m Generated artifacts: /Users/clisamax/Documents/GITHUB/FormCam/ios/build/generated/ios[0m
[36m[1m[Codegen][0m Generating Native Code for RNVectorIconsSpec - ios[0m
[36m[1m[Codegen][0m Generated artifacts: /Users/clisamax/Documents/GITHUB/FormCam/ios/build/generated/ios[0m
[36m[1m[Codegen][0m Generating RCTThirdPartyComponentsProvider.h[0m
[36m[1m[Codegen][0m Generated artifact: /Users/clisamax/Documents/GITHUB/FormCam/ios/build/generated/ios/RCTThirdPartyComponentsProvider.h[0m
[36m[1m[Codegen][0m Generating RCTThirdPartyComponentsProvider.mm[0m
[36m[1m[Codegen][0m Crawling @react-native-community/datetimepicker library for components[0m
[36m[1m[Codegen][0m Match found RNDateTimePicker -> RNDateTimePickerComponentView[0m
[36m[1m[Codegen][0m [33m[DEPRECATED] @react-native-community/datetimepicker should add the 'ios.componentProvider' property in their codegenConfig[0m
[36m[1m[Codegen][0m Generated artifact: /Users/clisamax/Documents/GITHUB/FormCam/ios/build/generated/ios/RCTThirdPartyComponentsProvider.mm[0m
[36m[1m[Codegen][0m Generating RCTModulesProvider.h[0m
[36m[1m[Codegen][0m Generated artifact: /Users/clisamax/Documents/GITHUB/FormCam/ios/build/generated/ios/RCTModuleProviders.h[0m
[36m[1m[Codegen][0m Generating RCTModuleProviders.mm[0m
[36m[1m[Codegen][0m Generated artifact: /Users/clisamax/Documents/GITHUB/FormCam/ios/build/generated/ios/RCTModuleProviders.mm[0m
[36m[1m[Codegen][0m Generating RCTAppDependencyProvider[0m
[36m[1m[Codegen][0m Generated artifact: /Users/clisamax/Documents/GITHUB/FormCam/ios/build/generated/ios/RCTAppDependencyProvider.h[0m
[36m[1m[Codegen][0m Generated artifact: /Users/clisamax/Documents/GITHUB/FormCam/ios/build/generated/ios/RCTAppDependencyProvider.mm[0m
[36m[1m[Codegen][0m Generated podspec: /Users/clisamax/Documents/GITHUB/FormCam/ios/build/generated/ios/ReactAppDependencyProvider.podspec[0m
[36m[1m[Codegen][0m Generated podspec: /Users/clisamax/Documents/GITHUB/FormCam/ios/build/generated/ios/ReactCodegen.podspec[0m
[36m[1m[Codegen][0m [33mDone.[0m
No modules to process in combine-js-to-schema-cli. If this is unexpected, please check if you set up your NativeComponent correctly. See combine-js-to-schema.js for how codegen finds modules.
Updating local specs repositories
Analyzing dependencies
Downloading dependencies
Generating Pods project
Setting USE_HERMES build settings
Setting REACT_NATIVE_PATH build settings
Setting SWIFT_ACTIVE_COMPILATION_CONDITIONS build settings
[Ccache]: Removing Ccache from CC, LD, CXX & LDPLUSPLUS build settings
[SPM] Cleaning old SPM dependencies from Pods project
[SPM] Adding SPM dependencies to Pods project
[Privacy Manifest Aggregation] Appending aggregated reasons to existing PrivacyInfo.xcprivacy file.
[Privacy Manifest Aggregation] Reading .xcprivacy files to aggregate all used Required Reason APIs.
Setting CLANG_CXX_LANGUAGE_STANDARD to c++20 on /Users/clisamax/Documents/GITHUB/FormCam/ios/FormCam.xcodeproj

==================== DEPRECATION NOTICE =====================
Calling `pod install` directly is deprecated in React Native
because we are moving away from Cocoapods toward alternative
solutions to build the project.
* If you are using Expo, please run:
`npx expo run:ios`
* If you are using the Community CLI, please run:
`yarn ios`
=============================================================

Pod install took 11 [s] to run
Integrating client project
Pod installation complete! There are 106 dependencies from the Podfile and 110 total pods installed.
[Expo] Adding '[Expo Autolinking] Run Codegen with autolinking' build phase to ReactCodegen

[!] Can't merge pod_target_xcconfig for pod targets: ["expo-dev-menu", "Main", "ReactNativeCompatibles", "SafeAreaView", "Vendored"]. Singular build setting DEFINES_MODULE has different values.

[!] Can't merge pod_target_xcconfig for pod targets: ["expo-dev-menu", "Main", "ReactNativeCompatibles", "SafeAreaView", "Vendored"]. Singular build setting DEFINES_MODULE has different values.
[2026-02-17 06:52:01] ✅ Pods instalados
[2026-02-17 06:52:01] ✅ Dispositivo pré‑definido: 00008120-000A7C400A05A01E
[2026-02-17 06:52:01] ✅ Dispositivo selecionado: 00008120-000A7C400A05A01E
[2026-02-17 06:52:01] 🛠️ Iniciando build iOS com Expo…
[2026-02-17 06:52:03] 🔗 Tentando parear o dispositivo via idevicepair...
[2026-02-17 06:52:03] 🔄 Reiniciando daemon usbmuxd (sudo killall -9)…
[2026-02-17 06:52:08] ⏳ Aguardando o Xcode reconhecer o UDID… (5s)
[2026-02-17 06:52:14] ⏳ Aguardando o Xcode reconhecer o UDID… (10s)
[2026-02-17 06:52:21] ✅ UDID 00008120-000A7C400A05A01E agora visível para o Xcode (após 10s).
[2026-02-17 06:52:21]    • Executando: /Users/clisamax/Documents/GITHUB/FormCam/node_modules/.bin/expo
run:ios
--device
00008120-000A7C400A05A01E
--non-interactive
  --non-interactive is not supported, use $CI=1 instead
2026-02-17T09:52:21.157Z expo:telemetry Switching strategy from detached to instant
2026-02-17T09:52:21.186Z expo:telemetry Recording 1 event(s)
2026-02-17T09:52:21.317Z expo:env Loaded environment variables from: /Users/clisamax/Documents/GITHUB/FormCam/.env
2026-02-17T09:52:21.317Z expo:env /Users/clisamax/Documents/GITHUB/FormCam/.env.development does not exist, skipping this env file
2026-02-17T09:52:21.317Z expo:env /Users/clisamax/Documents/GITHUB/FormCam/.env.local does not exist, skipping this env file
2026-02-17T09:52:21.317Z expo:env /Users/clisamax/Documents/GITHUB/FormCam/.env.development.local does not exist, skipping this env file
env: load .env
env: export EXPO_PUBLIC_API_URL EXPO_PUBLIC_IMMICH_URL EXPO_PUBLIC_IMMICH_API_KEY
- Installing CocoaPods...
> pod install
- Installing CocoaPods...
Using Expo modules
[34m[Expo] [0mEnabling modular headers for pod [32mExpoModulesCore[0m
[34m[Expo] [0mEnabling modular headers for pod [32mReact-RCTAppDelegate[0m
[34m[Expo] [0mEnabling modular headers for pod [32mReact-RCTFabric[0m
[34m[Expo] [0mEnabling modular headers for pod [32mReactAppDependencyProvider[0m
[34m[Expo] [0mEnabling modular headers for pod [32mReact-Core[0m
[34m[Expo] [0mEnabling modular headers for pod [32mRCT-Folly[0m
[34m[Expo] [0mEnabling modular headers for pod [32mglog[0m
[34m[Expo] [0mEnabling modular headers for pod [32mReactCodegen[0m
[34m[Expo] [0mEnabling modular headers for pod [32mRCTRequired[0m
[34m[Expo] [0mEnabling modular headers for pod [32mRCTTypeSafety[0m
[34m[Expo] [0mEnabling modular headers for pod [32mReactCommon[0m
[34m[Expo] [0mEnabling modular headers for pod [32mReact-NativeModulesApple[0m
[34m[Expo] [0mEnabling modular headers for pod [32mYoga[0m
[34m[Expo] [0mEnabling modular headers for pod [32mReact-Fabric[0m
[34m[Expo] [0mEnabling modular headers for pod [32mReact-graphics[0m
[34m[Expo] [0mEnabling modular headers for pod [32mReact-utils[0m
[34m[Expo] [0mEnabling modular headers for pod [32mReact-featureflags[0m
[34m[Expo] [0mEnabling modular headers for pod [32mReact-debug[0m
[34m[Expo] [0mEnabling modular headers for pod [32mReact-ImageManager[0m
[34m[Expo] [0mEnabling modular headers for pod [32mReact-rendererdebug[0m
[34m[Expo] [0mEnabling modular headers for pod [32mDoubleConversion[0m
[34m[Expo] [0mEnabling modular headers for pod [32mReact-jsi[0m
[34m[Expo] [0mEnabling modular headers for pod [32mReact-renderercss[0m
[34m[Expo] [0mEnabling modular headers for pod [32mhermes-engine[0m
[34m[Expo] [0mEnabling modular headers for pod [32mReact-hermes[0m
[34m[Expo] [0mEnabling modular headers for pod [32mZXingObjC[0m
[34m[Expo] [0mEnabling modular headers for pod [32mexpo-dev-menu-interface[0m
[34m[Expo] [0mEnabling modular headers for pod [32mEXManifests[0m
[34m[Expo] [0mEnabling modular headers for pod [32mEXUpdatesInterface[0m
[34m[Expo] [0mEnabling modular headers for pod [32mexpo-dev-menu[0m
[34m[Expo] [0mEnabling modular headers for pod [32mReact-jsinspector[0m
[34m[Expo] [0mEnabling modular headers for pod [32mexpo-dev-launcher[0m
[34m[Expo] [0mEnabling modular headers for pod [32mEXImageLoader[0m
[34m[Expo] [0mEnabling modular headers for pod [32mSDWebImageWebPCoder[0m
[34m[Expo] [0mEnabling modular headers for pod [32mEXStructuredHeaders[0m
[34m[Expo] [0mEnabling modular headers for pod [32mEASClient[0m
[34m[Expo] [0mEnabling modular headers for pod [32mReachabilitySwift[0m
Found 9 modules for target `FormCam`
link_native_modules! {:ios_packages=>[{:configurations=>[], :name=>"@react-native-async-storage/async-storage", :root=>"/Users/clisamax/Documents/GITHUB/FormCam/node_modules/@react-native-async-storage/async-storage", :path=>"../node_modules/@react-native-async-storage/async-storage", :podspec_path=>"/Users/clisamax/Documents/GITHUB/FormCam/node_modules/@react-native-async-storage/async-storage/RNCAsyncStorage.podspec", :script_phases=>[]}, {:configurations=>[], :name=>"@react-native-community/datetimepicker", :root=>"/Users/clisamax/Documents/GITHUB/FormCam/node_modules/@react-native-community/datetimepicker", :path=>"../node_modules/@react-native-community/datetimepicker", :podspec_path=>"/Users/clisamax/Documents/GITHUB/FormCam/node_modules/@react-native-community/datetimepicker/RNDateTimePicker.podspec", :script_phases=>[]}, {:configurations=>[], :name=>"@react-native-community/netinfo", :root=>"/Users/clisamax/Documents/GITHUB/FormCam/node_modules/@react-native-community/netinfo", :path=>"../node_modules/@react-native-community/netinfo", :podspec_path=>"/Users/clisamax/Documents/GITHUB/FormCam/node_modules/@react-native-community/netinfo/react-native-netinfo.podspec", :script_phases=>[]}, {:configurations=>[], :name=>"expo", :root=>"/Users/clisamax/Documents/GITHUB/FormCam/node_modules/expo", :path=>"../node_modules/expo", :podspec_path=>"/Users/clisamax/Documents/GITHUB/FormCam/node_modules/expo/Expo.podspec", :script_phases=>[]}, {:configurations=>[], :name=>"react-native-gesture-handler", :root=>"/Users/clisamax/Documents/GITHUB/FormCam/node_modules/react-native-gesture-handler", :path=>"../node_modules/react-native-gesture-handler", :podspec_path=>"/Users/clisamax/Documents/GITHUB/FormCam/node_modules/react-native-gesture-handler/RNGestureHandler.podspec", :script_phases=>[]}, {:configurations=>[], :name=>"react-native-reanimated", :root=>"/Users/clisamax/Documents/GITHUB/FormCam/node_modules/react-native-reanimated", :path=>"../node_modules/react-native-reanimated", :podspec_path=>"/Users/clisamax/Documents/GITHUB/FormCam/node_modules/react-native-reanimated/RNReanimated.podspec", :script_phases=>[]}, {:configurations=>[], :name=>"react-native-safe-area-context", :root=>"/Users/clisamax/Documents/GITHUB/FormCam/node_modules/react-native-safe-area-context", :path=>"../node_modules/react-native-safe-area-context", :podspec_path=>"/Users/clisamax/Documents/GITHUB/FormCam/node_modules/react-native-safe-area-context/react-native-safe-area-context.podspec", :script_phases=>[]}, {:configurations=>[], :name=>"react-native-screens", :root=>"/Users/clisamax/Documents/GITHUB/FormCam/node_modules/react-native-screens", :path=>"../node_modules/react-native-screens", :podspec_path=>"/Users/clisamax/Documents/GITHUB/FormCam/node_modules/react-native-screens/RNScreens.podspec", :script_phases=>[]}, {:configurations=>[], :name=>"react-native-vector-icons", :root=>"/Users/clisamax/Documents/GITHUB/FormCam/node_modules/react-native-vector-icons", :path=>"../node_modules/react-native-vector-icons", :podspec_path=>"/Users/clisamax/Documents/GITHUB/FormCam/node_modules/react-native-vector-icons/RNVectorIcons.podspec", :script_phases=>[]}], :ios_project_root_path=>"/Users/clisamax/Documents/GITHUB/FormCam/ios", :react_native_path=>"../node_modules/react-native"}
Auto-linking React Native modules for target `FormCam`: RNCAsyncStorage, RNDateTimePicker, RNGestureHandler, RNReanimated, RNScreens, RNVectorIcons, react-native-netinfo, and react-native-safe-area-context
Framework build type is static library
Configuring the target with the New Architecture
[36m[1m[Codegen][0m Analyzing /Users/clisamax/Documents/GITHUB/FormCam/package.json[0m
[36m[1m[Codegen][0m [33mSearching for codegen-enabled libraries in the app.[0m
[36m[1m[Codegen][0m [33mThe "codegenConfig" field is not defined in package.json. Assuming there is nothing to generate at the app level.[0m
[36m[1m[Codegen][0m [33mSearching for codegen-enabled libraries in the project dependencies.[0m
[36m[1m[Codegen][0m Found @react-native-async-storage/async-storage[0m
[36m[1m[Codegen][0m Found @react-native-community/datetimepicker[0m
[36m[1m[Codegen][0m Found expo-media-library[0m
[36m[1m[Codegen][0m Found react-native[0m
[36m[1m[Codegen][0m Found react-native-gesture-handler[0m
[36m[1m[Codegen][0m Found react-native-reanimated[0m
[36m[1m[Codegen][0m Found react-native-safe-area-context[0m
[36m[1m[Codegen][0m Found react-native-screens[0m
[36m[1m[Codegen][0m Found react-native-vector-icons[0m
[36m[1m[Codegen][0m [33mSearching for codegen-enabled libraries in react-native.config.js[0m
[36m[1m[Codegen][0m Processing rnasyncstorage[0m
[36m[1m[Codegen][0m [33mSearching for podspec in the project dependencies.[0m
[36m[1m[Codegen][0m Supported Apple platforms: ios, macos, tvos, visionos for rnasyncstorage[0m
[36m[1m[Codegen][0m Processing RNDateTimePickerCGen[0m
[36m[1m[Codegen][0m [33mSearching for podspec in the project dependencies.[0m
[36m[1m[Codegen][0m Supported Apple platforms: ios, visionos for RNDateTimePickerCGen[0m
[36m[1m[Codegen][0m Processing expo-media-library[0m
[36m[1m[Codegen][0m [33mSearching for podspec in the project dependencies.[0m
[36m[1m[Codegen][0m Processing FBReactNativeSpec[0m
[36m[1m[Codegen][0m [33mSearching for podspec in the project dependencies.[0m
[36m[1m[Codegen][0m Processing rncore[0m
[36m[1m[Codegen][0m [33mSearching for podspec in the project dependencies.[0m
[36m[1m[Codegen][0m Processing rngesturehandler_codegen[0m
[36m[1m[Codegen][0m [33mSearching for podspec in the project dependencies.[0m
[36m[1m[Codegen][0m Supported Apple platforms: ios, macos, tvos, visionos for rngesturehandler_codegen[0m
[36m[1m[Codegen][0m Processing rnreanimated[0m
[36m[1m[Codegen][0m [33mSearching for podspec in the project dependencies.[0m
[36m[1m[Codegen][0m Supported Apple platforms: ios, macos, tvos, visionos for rnreanimated[0m
[36m[1m[Codegen][0m Processing safeareacontext[0m
[36m[1m[Codegen][0m [33mSearching for podspec in the project dependencies.[0m
[36m[1m[Codegen][0m Supported Apple platforms: ios, macos, tvos, visionos for safeareacontext[0m
[36m[1m[Codegen][0m Processing rnscreens[0m
[36m[1m[Codegen][0m [33mSearching for podspec in the project dependencies.[0m
[36m[1m[Codegen][0m Supported Apple platforms: ios, tvos, visionos for rnscreens[0m
[36m[1m[Codegen][0m Processing RNVectorIconsSpec[0m
[36m[1m[Codegen][0m [33mSearching for podspec in the project dependencies.[0m
[36m[1m[Codegen][0m Supported Apple platforms: ios, tvos, visionos for RNVectorIconsSpec[0m
[36m[1m[Codegen][0m Generating Native Code for rnasyncstorage - ios[0m
[36m[1m[Codegen][0m Generated artifacts: /Users/clisamax/Documents/GITHUB/FormCam/ios/build/generated/ios[0m
[36m[1m[Codegen][0m Generating Native Code for RNDateTimePickerCGen - ios[0m
[36m[1m[Codegen][0m Generated artifacts: /Users/clisamax/Documents/GITHUB/FormCam/ios/build/generated/ios[0m
[36m[1m[Codegen][0m Generating Native Code for expo-media-library - ios[0m
[36m[1m[Codegen][0m Generated artifacts: /Users/clisamax/Documents/GITHUB/FormCam/ios/build/generated/ios[0m
[36m[1m[Codegen][0m [33m[Codegen - FBReactNativeSpec] Skipping iOS code generation for FBReactNativeSpec as it has been generated already.[0m
[36m[1m[Codegen][0m [33m[Codegen - rncore] Skipping iOS code generation for rncore as it has been generated already.[0m
[36m[1m[Codegen][0m Generating Native Code for rngesturehandler_codegen - ios[0m
[36m[1m[Codegen][0m Generated artifacts: /Users/clisamax/Documents/GITHUB/FormCam/ios/build/generated/ios[0m
[36m[1m[Codegen][0m Generating Native Code for rnreanimated - ios[0m
[36m[1m[Codegen][0m Generated artifacts: /Users/clisamax/Documents/GITHUB/FormCam/ios/build/generated/ios[0m
[36m[1m[Codegen][0m Generating Native Code for safeareacontext - ios[0m
[36m[1m[Codegen][0m Generated artifacts: /Users/clisamax/Documents/GITHUB/FormCam/ios/build/generated/ios[0m
[36m[1m[Codegen][0m Generating Native Code for rnscreens - ios[0m
[36m[1m[Codegen][0m Generated artifacts: /Users/clisamax/Documents/GITHUB/FormCam/ios/build/generated/ios[0m
[36m[1m[Codegen][0m Generating Native Code for RNVectorIconsSpec - ios[0m
[36m[1m[Codegen][0m Generated artifacts: /Users/clisamax/Documents/GITHUB/FormCam/ios/build/generated/ios[0m
[36m[1m[Codegen][0m Generating RCTThirdPartyComponentsProvider.h[0m
[36m[1m[Codegen][0m Generated artifact: /Users/clisamax/Documents/GITHUB/FormCam/ios/build/generated/ios/RCTThirdPartyComponentsProvider.h[0m
[36m[1m[Codegen][0m Generating RCTThirdPartyComponentsProvider.mm[0m
[36m[1m[Codegen][0m Crawling @react-native-community/datetimepicker library for components[0m
[36m[1m[Codegen][0m Match found RNDateTimePicker -> RNDateTimePickerComponentView[0m
[36m[1m[Codegen][0m [33m[DEPRECATED] @react-native-community/datetimepicker should add the 'ios.componentProvider' property in their codegenConfig[0m
[36m[1m[Codegen][0m Generated artifact: /Users/clisamax/Documents/GITHUB/FormCam/ios/build/generated/ios/RCTThirdPartyComponentsProvider.mm[0m
[36m[1m[Codegen][0m Generating RCTModulesProvider.h[0m
[36m[1m[Codegen][0m Generated artifact: /Users/clisamax/Documents/GITHUB/FormCam/ios/build/generated/ios/RCTModuleProviders.h[0m
[36m[1m[Codegen][0m Generating RCTModuleProviders.mm[0m
[36m[1m[Codegen][0m Generated artifact: /Users/clisamax/Documents/GITHUB/FormCam/ios/build/generated/ios/RCTModuleProviders.mm[0m
[36m[1m[Codegen][0m Generating RCTAppDependencyProvider[0m
[36m[1m[Codegen][0m Generated artifact: /Users/clisamax/Documents/GITHUB/FormCam/ios/build/generated/ios/RCTAppDependencyProvider.h[0m
[36m[1m[Codegen][0m Generated artifact: /Users/clisamax/Documents/GITHUB/FormCam/ios/build/generated/ios/RCTAppDependencyProvider.mm[0m
[36m[1m[Codegen][0m Generated podspec: /Users/clisamax/Documents/GITHUB/FormCam/ios/build/generated/ios/ReactAppDependencyProvider.podspec[0m
[36m[1m[Codegen][0m Generated podspec: /Users/clisamax/Documents/GITHUB/FormCam/ios/build/generated/ios/ReactCodegen.podspec[0m
[36m[1m[Codegen][0m [33mDone.[0m
No modules to process in combine-js-to-schema-cli. If this is unexpected, please check if you set up your NativeComponent correctly. See combine-js-to-schema.js for how codegen finds modules.
Analyzing dependencies
Downloading dependencies
Generating Pods project
Setting USE_HERMES build settings
Setting REACT_NATIVE_PATH build settings
Setting SWIFT_ACTIVE_COMPILATION_CONDITIONS build settings
[Ccache]: Removing Ccache from CC, LD, CXX & LDPLUSPLUS build settings
[SPM] Cleaning old SPM dependencies from Pods project
[SPM] Adding SPM dependencies to Pods project
[Privacy Manifest Aggregation] Appending aggregated reasons to existing PrivacyInfo.xcprivacy file.
[Privacy Manifest Aggregation] Reading .xcprivacy files to aggregate all used Required Reason APIs.
Setting CLANG_CXX_LANGUAGE_STANDARD to c++20 on /Users/clisamax/Documents/GITHUB/FormCam/ios/FormCam.xcodeproj

[33m==================== DEPRECATION NOTICE =====================[0m
[33mCalling `pod install` directly is deprecated in React Native[0m
[33mbecause we are moving away from Cocoapods toward alternative[0m
[33msolutions to build the project.[0m
[33m* If you are using Expo, please run:[0m
[33m`npx expo run:ios`[0m
[33m* If you are using the Community CLI, please run:[0m
[33m`yarn ios`[0m
[33m=============================================================[0m

[32mPod install took 10 [s] to run[0m
Integrating client project
[32mPod installation complete! There are 106 dependencies from the Podfile and 110 total pods installed.[0m
[34m[Expo] [0mAdding '[Expo Autolinking] Run Codegen with autolinking' build phase to ReactCodegen
✔ Installed CocoaPods
2026-02-17T09:52:34.016Z expo:utils:getRunningProcess pid: 31493 for port: 8081
› Skipping dev server
Resolved port: 8081, start dev server: false
2026-02-17T09:52:34.252Z expo:doctor:apple:xcode Xcode version: 26.2.0
2026-02-17T09:52:34.367Z expo:doctor:apple:simulatorApp Simulator app id: com.apple.iphonesimulator
2026-02-17T09:52:34.544Z expo:start:platforms:ios:xcrun Running: xcrun devicectl list devices --json-output /var/folders/88/p03mzgs51pj3xpcnz_66wt_w0000gn/T/8b69bcfec869e7f4abf6ec6551f02471 --timeout 5
2026-02-17T09:52:34.548Z expo:apple-device:client:usbmuxd connectUsbmuxdSocket
2026-02-17T09:52:34.549Z expo:apple-device:client:usbmuxd getDevices
2026-02-17T09:52:34.549Z expo:apple-device:protocol:usbmux socket write: {"messageType":"ListDevices"}
2026-02-17T09:52:34.553Z expo:start:platforms:ios:xcrun Running: xcrun simctl list devices --json 
2026-02-17T09:52:34.558Z expo:apple-device:protocol:usbmux Response: {"DeviceList":[{"DeviceID":2,"MessageType":"Attached","Properties":{"ConnectionSpeed":480000000,"ConnectionType":"USB","DeviceID":2,"LocationID":18034944,"ProductID":4776,"SerialNumber":"00008120-000A7C400A05A01E","USBSerialNumber":"00008120000A7C400A05A01E"}}]}
2026-02-17T09:52:34.558Z expo:apple-device:client:usbmuxd connectUsbmuxdSocket
2026-02-17T09:52:34.558Z expo:apple-device:client:usbmuxd connect: 2 on port 62078
2026-02-17T09:52:34.558Z expo:apple-device:client:usbmuxd connect:device: {
  DeviceID: 2,
  MessageType: 'Attached',
  Properties: {
    ConnectionSpeed: 480000000,
    ConnectionType: 'USB',
    DeviceID: 2,
    LocationID: 18034944,
    ProductID: 4776,
    SerialNumber: '00008120-000A7C400A05A01E',
    USBSerialNumber: '00008120000A7C400A05A01E'
  }
}
2026-02-17T09:52:34.558Z expo:apple-device:protocol:usbmux socket write: {"messageType":"Connect","extraFields":{"DeviceID":2,"PortNumber":32498}}
2026-02-17T09:52:34.560Z expo:apple-device:protocol:usbmux Response: {"MessageType":"Result","Number":0}
2026-02-17T09:52:34.560Z expo:apple-device:client:usbmuxd connect:device:response: { MessageType: 'Result', Number: 0 }
2026-02-17T09:52:34.560Z expo:apple-device:client:lockdownd getAllValues
2026-02-17T09:52:34.560Z expo:apple-device:protocol:lockdown socket write: {"Request":"GetValue"}
2026-02-17T09:52:34.584Z expo:apple-device:protocol:lockdown Response: {"Request":"GetValue","Value":{"BasebandCertId":3452763205,"BasebandKeyHashInformation":{"AKeyStatus":2,"SKeyHash":{"type":"Buffer","data":[0,0,0,0,0,0,0,0,0,0,0,0,0,0,0,0,0,0,0,0,0,0,0,0,0,0,0,0,0,0,0,0]},"SKeyStatus":0},"BasebandSerialNumber":{"type":"Buffer","data":[143,94,102,97]},"BasebandVersion":"3.40.01","BoardId":8,"BuildVersion":"23D127","CPUArchitecture":"arm64e","ChipID":33056,"DeviceClass":"iPhone","DeviceColor":"1","DeviceName":"Clisamax","DieID":2951364254998558,"HardwareModel":"D37AP","HasSiDP":true,"HumanReadableProductVersionString":"26.3","PartitionType":"GUID_partition_scheme","ProductName":"iPhone OS","ProductType":"iPhone15,4","ProductVersion":"26.3","ProductionSOC":true,"ProtocolVersion":"2","SupportedDeviceFamilies":[1],"TelephonyCapability":true,"UniqueChipID":2951364254998558,"UniqueDeviceID":"00008120-000A7C400A05A01E","WiFiAddress":"64:0c:91:9b:23:5f"}}
2026-02-17T09:52:34.687Z expo:devicectl Name       Hostname                    Identifier                             State       Model                 
--------   -------------------------   ------------------------------------   ---------   ----------------------
Clisamax   Clisamax.coredevice.local   11E4F2EA-B358-5F8A-9E46-02B8272FF5F8   connected   iPhone 15 (iPhone15,4)

Unexpected devicectl JSON version output from devicectl. Connecting to physical Apple devices may not work as expected.
2026-02-17T09:52:34.808Z expo:start:platforms:ios:xcrun Running: xcrun simctl list devices --json 
2026-02-17T09:52:35.016Z expo:start:platforms:ios:getBestSimulator No booted simulator matching requirements (osType: iOS).
2026-02-17T09:52:35.031Z expo:start:platforms:ios:getBestSimulator Default simulator ID: D5DF3EE8-26EA-4003-ABA8-38929DE02097
2026-02-17T09:52:35.031Z expo:start:platforms:ios:xcrun Running: xcrun simctl list devices --json 
› Using --device 00008120-000A7C400A05A01E
› Auto signing app using team(s): VW658NV936
  xcodebuild -workspace /Users/clisamax/Documents/GITHUB/FormCam/ios/FormCam.xcworkspace -configuration Debug -scheme FormCam -destination id=00008120-000A7C400A05A01E
› Planning build
› Preparing expo-updates Pods/ReachabilitySwift-ReachabilitySwift » ResourceBundle-ReachabilitySwift-ReachabilitySwift-Info.plist
› Preparing Pods/SDWebImage-SDWebImage » ResourceBundle-SDWebImage-SDWebImage-Info.plist
› Preparing Pods/ExpoMediaLibrary-ExpoMediaLibrary_privacy » ResourceBundle-ExpoMediaLibrary_privacy-ExpoMediaLibrary-Info.plist
› Preparing Pods/ExpoFileSystem-ExpoFileSystem_privacy » ResourceBundle-ExpoFileSystem_privacy-ExpoFileSystem-Info.plist
    Run script build phase '[CP-User] [Hermes] Replace Hermes for the right configuration, if needed' will be run during every build because it does not specify any outputs. To address this issue, either add output dependencies to the script phase, or configure it to run in every build by unchecking "Based on dependency analysis" in the script phase. (in target 'hermes-engine' from project 'Pods')
› Executing react-native Pods/hermes-engine » [CP-User] [Hermes] Replace Hermes for the right configuration, if needed
› Preparing Pods/glog-glog_privacy » ResourceBundle-glog_privacy-glog-Info.plist
› Preparing Pods/boost-boost_privacy » ResourceBundle-boost_privacy-boost-Info.plist
› Preparing expo-constants Pods/EXConstants-EXConstants » ResourceBundle-EXConstants-EXConstants-Info.plist
› Preparing Pods/expo-dev-menu-EXDevMenu » ResourceBundle-EXDevMenu-expo-dev-menu-Info.plist
› Preparing Pods/expo-dev-launcher-EXDevLauncher » ResourceBundle-EXDevLauncher-expo-dev-launcher-Info.plist
› Preparing Pods/React-cxxreact-React-cxxreact_privacy » ResourceBundle-React-cxxreact_privacy-React-cxxreact-Info.plist
› Preparing Pods/React-Core-React-Core_privacy » ResourceBundle-React-Core_privacy-React-Core-Info.plist
› Preparing Pods/RNCAsyncStorage-RNCAsyncStorage_resources » ResourceBundle-RNCAsyncStorage_resources-RNCAsyncStorage-Info.plist
› Preparing Pods/RCT-Folly-RCT-Folly_privacy » ResourceBundle-RCT-Folly_privacy-RCT-Folly-Info.plist
› Preparing expo-updates Pods/EXUpdates-EXUpdates » ResourceBundle-EXUpdates-EXUpdates-Info.plist
› Preparing Pods/EXConstants-ExpoConstants_privacy » ResourceBundle-ExpoConstants_privacy-EXConstants-Info.plist
› Preparing Pods/ExpoSystemUI-ExpoSystemUI_privacy » ResourceBundle-ExpoSystemUI_privacy-ExpoSystemUI-Info.plist
› Executing react-native Pods/React-RCTFBReactNativeSpec » [CP-User] [RN]Check FBReactNativeSpec
› Executing react-native Pods/React-Fabric » [CP-User] [RN]Check rncore
› Executing react-native Pods/React-FabricComponents » [CP-User] [RN]Check rncore
› Compiling formcam Pods/ReactAppDependencyProvider » RCTAppDependencyProvider.mm
› Compiling formcam Pods/ReactCodegen » rnasyncstorageJSI-generated.cpp
› Compiling formcam Pods/ReactCodegen » rnasyncstorage-generated.mm
› Compiling formcam Pods/ReactCodegen » expo-media-library-generated.mm

⚠️  (ios/build/generated/ios/expo-media-library/expo-media-library.h:19:13)

  17 |
  18 | // Avoid multiple includes of expo-media-library symbols
> 19 | #ifndef expo-media-library_H
     |             ^ extra tokens at end of #ifndef directive [-Wextra-tokens]
  20 | #define expo-media-library_H
  21 |
  22 | #import <Foundation/Foundation.h>


⚠️  (ios/build/generated/ios/expo-media-library/expo-media-library.h:20:13)

  18 | // Avoid multiple includes of expo-media-library symbols
  19 | #ifndef expo-media-library_H
> 20 | #define expo-media-library_H
     |             ^ ISO C99 requires whitespace after the macro name [-Wc99-extensions]
  21 |
  22 | #import <Foundation/Foundation.h>
  23 | #import <RCTRequired/RCTRequired.h>

› Compiling formcam Pods/ReactCodegen » expo-media-libraryJSI-generated.cpp
› Compiling formcam Pods/ReactCodegen » RNDateTimePickerCGenJSI-generated.cpp
› Compiling react-native-safe-area-context Pods/react-native-safe-area-context » RNCSafeAreaViewState.cpp
› Compiling react-native-safe-area-context Pods/react-native-safe-area-context » RNCSafeAreaViewShadowNode.cpp

⚠️  (ios/Pods/Headers/Public/React-renderercss/react/renderer/css/CSSSyntaxParser.h:150:13)

  148 |    * https://www.w3.org/TR/css-syntax-3/#consume-component-value
  149 |    *
> 150 |    * @param <ReturnT> caller-specified return type of visitors. This type will
      |             ^ parameter '<ReturnT>' not found in the function declaration [-Wdocumentation]
  151 |    * be set to its default constructed state if consuming a component value with
  152 |    * no matching visitors, or syntax error
  153 |    * @param visitors A unique list of CSSComponentValueVisitor to be called on a

› Compiling react-native-safe-area-context Pods/react-native-safe-area-context » RNCSafeAreaViewComponentView.mm
› Compiling react-native-safe-area-context Pods/react-native-safe-area-context » RNCSafeAreaProviderComponentView.mm
› Compiling react-native-safe-area-context Pods/react-native-safe-area-context » RNCSafeAreaContext.mm
› Compiling formcam Pods/ReactCodegen » safeareacontextJSI-generated.cpp
› Compiling formcam Pods/ReactCodegen » safeareacontext-generated.mm
› Compiling formcam Pods/ReactCodegen » rnscreensJSI-generated.cpp
› Compiling formcam Pods/ReactCodegen » rnscreens-generated.mm
› Compiling formcam Pods/ReactCodegen » rnreanimatedJSI-generated.cpp
› Compiling formcam Pods/ReactCodegen » rnreanimated-generated.mm
› Compiling formcam Pods/ReactCodegen » rngesturehandler_codegenJSI-generated.cpp
› Compiling formcam Pods/ReactCodegen » rngesturehandler_codegen-generated.mm
› Compiling formcam Pods/ReactCodegen » States.cpp
› Compiling formcam Pods/ReactCodegen » States.cpp
› Compiling formcam Pods/ReactCodegen » States.cpp
› Compiling formcam Pods/ReactCodegen » States.cpp
› Compiling formcam Pods/ReactCodegen » ShadowNodes.cpp
› Compiling formcam Pods/ReactCodegen » ShadowNodes.cpp
› Compiling formcam Pods/ReactCodegen » ShadowNodes.cpp
› Compiling formcam Pods/ReactCodegen » ShadowNodes.cpp
› Compiling formcam Pods/ReactCodegen » RNVectorIconsSpecJSI-generated.cpp
› Compiling formcam Pods/ReactCodegen » RNVectorIconsSpec-generated.mm
› Compiling formcam Pods/ReactCodegen » RNDateTimePickerCGen-generated.mm
› Compiling formcam Pods/ReactCodegen » RCTThirdPartyComponentsProvider.mm
› Compiling formcam Pods/ReactCodegen » RCTModulesConformingToProtocolsProvider.mm
› Compiling formcam Pods/ReactCodegen » RCTModuleProviders.mm
› Compiling formcam Pods/ReactCodegen » Props.cpp
› Compiling formcam Pods/ReactCodegen » Props.cpp
› Compiling formcam Pods/ReactCodegen » Props.cpp
› Compiling formcam Pods/ReactCodegen » Props.cpp
› Compiling formcam Pods/ReactCodegen » EventEmitters.cpp
› Compiling formcam Pods/ReactCodegen » EventEmitters.cpp
› Compiling formcam Pods/ReactCodegen » EventEmitters.cpp
› Compiling formcam Pods/ReactCodegen » EventEmitters.cpp
› Compiling formcam Pods/ReactCodegen » ComponentDescriptors.cpp
› Compiling formcam Pods/ReactCodegen » ComponentDescriptors.cpp
› Compiling formcam Pods/ReactCodegen » ComponentDescriptors.cpp
› Compiling formcam Pods/ReactCodegen » ComponentDescriptors.cpp
› Compiling react-native-vector-icons Pods/RNVectorIcons » RNVectorIconsManager.mm
› Compiling react-native-vector-icons Pods/RNVectorIcons » RNVectorIcons-dummy.m
› Compiling react-native-screens Pods/RNScreens » RNScreens-dummy.m
› Compiling react-native-screens Pods/RNScreens » RNSSearchBar.mm
› Compiling react-native-screens Pods/RNScreens » RNSScreenStackHeaderSubviewShadowNode.cpp
› Compiling react-native-screens Pods/RNScreens » RNSScreenStackHeaderSubview.mm
› Compiling react-native-screens Pods/RNScreens » RNSScreenStackHeaderConfigShadowNode.cpp
› Compiling react-native-screens Pods/RNScreens » RNSScreenStackHeaderConfig.mm

⚠️  (ios/Pods/Headers/Public/React-Fabric/react/renderer/mounting/ShadowViewMutation.h:47:7)

  45 |   /**
  46 |    * Creates and returns an `Insert` mutation.
> 47 |    * @deprecated Pass parentTag instead of parentShadowView.
     |       ^ declaration is marked with '@deprecated' command but does not have a deprecation attribute [-Wdocumentation-deprecated-sync]
  48 |    */
  49 |   static ShadowViewMutation InsertMutation(
  50 |       const ShadowView& parentShadowView,


⚠️  (ios/Pods/Headers/Public/React-Fabric/react/renderer/mounting/ShadowViewMutation.h:64:7)

  62 |   /**
  63 |    * Creates and returns a `Remove` mutation.
> 64 |    * @deprecated Pass parentTag instead of parentShadowView.
     |       ^ declaration is marked with '@deprecated' command but does not have a deprecation attribute [-Wdocumentation-deprecated-sync]
  65 |    */
  66 |   static ShadowViewMutation RemoveMutation(
  67 |       const ShadowView& parentShadowView,


⚠️  (ios/Pods/Headers/Public/React-Fabric/react/renderer/mounting/ShadowViewMutation.h:83:7)

  81 |   /**
  82 |    * Creates and returns an `Update` mutation.
> 83 |    * @deprecated Pass parentTag instead of parentShadowView.
     |       ^ declaration is marked with '@deprecated' command but does not have a deprecation attribute [-Wdocumentation-deprecated-sync]
  84 |    */
  85 |   static ShadowViewMutation UpdateMutation(
  86 |       ShadowView oldChildShadowView,

› Compiling react-native-screens Pods/RNScreens » RNSScreenStack.mm

⚠️  (ios/Pods/Headers/Public/React-Fabric/react/renderer/mounting/ShadowViewMutation.h:47:7)

  45 |   /**
  46 |    * Creates and returns an `Insert` mutation.
> 47 |    * @deprecated Pass parentTag instead of parentShadowView.
     |       ^ declaration is marked with '@deprecated' command but does not have a deprecation attribute [-Wdocumentation-deprecated-sync]
  48 |    */
  49 |   static ShadowViewMutation InsertMutation(
  50 |       const ShadowView& parentShadowView,


⚠️  (ios/Pods/Headers/Public/React-Fabric/react/renderer/mounting/ShadowViewMutation.h:64:7)

  62 |   /**
  63 |    * Creates and returns a `Remove` mutation.
> 64 |    * @deprecated Pass parentTag instead of parentShadowView.
     |       ^ declaration is marked with '@deprecated' command but does not have a deprecation attribute [-Wdocumentation-deprecated-sync]
  65 |    */
  66 |   static ShadowViewMutation RemoveMutation(
  67 |       const ShadowView& parentShadowView,


⚠️  (ios/Pods/Headers/Public/React-Fabric/react/renderer/mounting/ShadowViewMutation.h:83:7)

  81 |   /**
  82 |    * Creates and returns an `Update` mutation.
> 83 |    * @deprecated Pass parentTag instead of parentShadowView.
     |       ^ declaration is marked with '@deprecated' command but does not have a deprecation attribute [-Wdocumentation-deprecated-sync]
  84 |    */
  85 |   static ShadowViewMutation UpdateMutation(
  86 |       ShadowView oldChildShadowView,

› Compiling react-native-screens Pods/RNScreens » RNSScreenShadowNode.cpp
› Compiling react-native-screens Pods/RNScreens » RNSScreenNavigationContainer.mm
› Compiling react-native-screens Pods/RNScreens » RNSScreenFooter.mm
› Compiling react-native-screens Pods/RNScreens » RNSScreenContentWrapper.mm

⚠️  (ios/Pods/Headers/Public/React-Fabric/react/renderer/mounting/ShadowViewMutation.h:47:7)

  45 |   /**
  46 |    * Creates and returns an `Insert` mutation.
> 47 |    * @deprecated Pass parentTag instead of parentShadowView.
     |       ^ declaration is marked with '@deprecated' command but does not have a deprecation attribute [-Wdocumentation-deprecated-sync]
  48 |    */
  49 |   static ShadowViewMutation InsertMutation(
  50 |       const ShadowView& parentShadowView,


⚠️  (ios/Pods/Headers/Public/React-Fabric/react/renderer/mounting/ShadowViewMutation.h:64:7)

  62 |   /**
  63 |    * Creates and returns a `Remove` mutation.
> 64 |    * @deprecated Pass parentTag instead of parentShadowView.
     |       ^ declaration is marked with '@deprecated' command but does not have a deprecation attribute [-Wdocumentation-deprecated-sync]
  65 |    */
  66 |   static ShadowViewMutation RemoveMutation(
  67 |       const ShadowView& parentShadowView,


⚠️  (ios/Pods/Headers/Public/React-Fabric/react/renderer/mounting/ShadowViewMutation.h:83:7)

  81 |   /**
  82 |    * Creates and returns an `Update` mutation.
> 83 |    * @deprecated Pass parentTag instead of parentShadowView.
     |       ^ declaration is marked with '@deprecated' command but does not have a deprecation attribute [-Wdocumentation-deprecated-sync]
  84 |    */
  85 |   static ShadowViewMutation UpdateMutation(
  86 |       ShadowView oldChildShadowView,

› Compiling react-native-screens Pods/RNScreens » RNSScreenContainer.mm
› Compiling react-native-screens Pods/RNScreens » RNSScreen.mm

⚠️  (ios/Pods/Headers/Public/React-Fabric/react/renderer/mounting/ShadowViewMutation.h:47:7)

  45 |   /**
  46 |    * Creates and returns an `Insert` mutation.
> 47 |    * @deprecated Pass parentTag instead of parentShadowView.
     |       ^ declaration is marked with '@deprecated' command but does not have a deprecation attribute [-Wdocumentation-deprecated-sync]
  48 |    */
  49 |   static ShadowViewMutation InsertMutation(
  50 |       const ShadowView& parentShadowView,


⚠️  (ios/Pods/Headers/Public/React-Fabric/react/renderer/mounting/ShadowViewMutation.h:64:7)

  62 |   /**
  63 |    * Creates and returns a `Remove` mutation.
> 64 |    * @deprecated Pass parentTag instead of parentShadowView.
     |       ^ declaration is marked with '@deprecated' command but does not have a deprecation attribute [-Wdocumentation-deprecated-sync]
  65 |    */
  66 |   static ShadowViewMutation RemoveMutation(
  67 |       const ShadowView& parentShadowView,


⚠️  (ios/Pods/Headers/Public/React-Fabric/react/renderer/mounting/ShadowViewMutation.h:83:7)

  81 |   /**
  82 |    * Creates and returns an `Update` mutation.
> 83 |    * @deprecated Pass parentTag instead of parentShadowView.
     |       ^ declaration is marked with '@deprecated' command but does not have a deprecation attribute [-Wdocumentation-deprecated-sync]
  84 |    */
  85 |   static ShadowViewMutation UpdateMutation(
  86 |       ShadowView oldChildShadowView,


⚠️  (node_modules/react-native-screens/ios/RNSScreen.mm:1577:69)

  1575 | {
  1576 | #if !TARGET_OS_TV && !TARGET_OS_VISION
> 1577 |   CGSize fallbackStatusBarSize = [[UIApplication sharedApplication] statusBarFrame].size;
       |                                                                     ^ 'statusBarFrame' is deprecated: first deprecated in iOS 13.0 - Use the statusBarManager property of the window scene instead. [-Wdeprecated-declarations]
  1578 |
  1579 |   CGSize primaryStatusBarSize = self.view.window.windowScene.statusBarManager.statusBarFrame.size;
  1580 |   if (primaryStatusBarSize.height == 0 || primaryStatusBarSize.width == 0) {

› Compiling react-native-screens Pods/RNScreens » RNSModule.mm
› Compiling react-native-screens Pods/RNScreens » RNSModalScreenShadowNode.cpp
› Compiling react-native-screens Pods/RNScreens » RNSModalScreen.mm
› Compiling react-native-screens Pods/RNScreens » RNSFullWindowOverlayShadowNode.cpp
› Compiling react-native-screens Pods/RNScreens » RNSFullWindowOverlay.mm
› Compiling react-native-screens Pods/RNScreens » RNSConvert.mm
› Compiling react-native-reanimated Pods/RNReanimated » REANodesManager.mm

⚠️  (ios/Pods/Headers/Private/RNReanimated/reanimated/apple/REANodesManager.h:12:55)

  10 | @class REAModule;
  11 |
> 12 | typedef void (^REAOnAnimationCallback)(READisplayLink *displayLink);
     |                                                       ^ pointer is missing a nullability type specifier [-Wnullability-completeness]
  13 | typedef void (^REANativeAnimationOp)(RCTUIManager *uiManager);
  14 | typedef void (^REAEventHandler)(id<RCTEvent> event);
  15 | typedef void (^CADisplayLinkOperation)(READisplayLink *displayLink);


⚠️  (ios/Pods/Headers/Private/RNReanimated/reanimated/apple/REANodesManager.h:31:51)

  29 |
  30 | #ifdef RCT_NEW_ARCH_ENABLED
> 31 | - (nonnull instancetype)initWithModule:(REAModule *)reanimatedModule
     |                                                   ^ pointer is missing a nullability type specifier [-Wnullability-completeness]
  32 |                                 bridge:(RCTBridge *)bridge
  33 |                       surfacePresenter:(id<RCTSurfacePresenterStub>)surfacePresenter;
  34 | #else


⚠️  (ios/Pods/Headers/Private/RNReanimated/reanimated/apple/REANodesManager.h:32:51)

  30 | #ifdef RCT_NEW_ARCH_ENABLED
  31 | - (nonnull instancetype)initWithModule:(REAModule *)reanimatedModule
> 32 |                                 bridge:(RCTBridge *)bridge
     |                                                   ^ pointer is missing a nullability type specifier [-Wnullability-completeness]
  33 |                       surfacePresenter:(id<RCTSurfacePresenterStub>)surfacePresenter;
  34 | #else
  35 | - (instancetype)initWithModule:(REAModule *)reanimatedModule uiManager:(RCTUIManager *)uiManager;


⚠️  (ios/Pods/Headers/Private/RNReanimated/reanimated/apple/REANodesManager.h:33:41)

  31 | - (nonnull instancetype)initWithModule:(REAModule *)reanimatedModule
  32 |                                 bridge:(RCTBridge *)bridge
> 33 |                       surfacePresenter:(id<RCTSurfacePresenterStub>)surfacePresenter;
     |                                         ^ pointer is missing a nullability type specifier [-Wnullability-completeness]
  34 | #else
  35 | - (instancetype)initWithModule:(REAModule *)reanimatedModule uiManager:(RCTUIManager *)uiManager;
  36 | #endif // RCT_NEW_ARCH_ENABLED


⚠️  (ios/Pods/Headers/Private/RNReanimated/reanimated/apple/REANodesManager.h:40:26)

  38 | - (void)operationsBatchDidComplete;
  39 |
> 40 | - (void)postOnAnimation:(REAOnAnimationCallback)clb;
     |                          ^ block pointer is missing a nullability type specifier [-Wnullability-completeness]
  41 | - (void)registerEventHandler:(REAEventHandler)eventHandler;
  42 | - (void)dispatchEvent:(id<RCTEvent>)event;
  43 |


⚠️  (ios/Pods/Headers/Private/RNReanimated/reanimated/apple/REANodesManager.h:41:31)

  39 |
  40 | - (void)postOnAnimation:(REAOnAnimationCallback)clb;
> 41 | - (void)registerEventHandler:(REAEventHandler)eventHandler;
     |                               ^ block pointer is missing a nullability type specifier [-Wnullability-completeness]
  42 | - (void)dispatchEvent:(id<RCTEvent>)event;
  43 |
  44 | #ifdef RCT_NEW_ARCH_ENABLED


⚠️  (ios/Pods/Headers/Private/RNReanimated/reanimated/apple/REANodesManager.h:42:24)

  40 | - (void)postOnAnimation:(REAOnAnimationCallback)clb;
  41 | - (void)registerEventHandler:(REAEventHandler)eventHandler;
> 42 | - (void)dispatchEvent:(id<RCTEvent>)event;
     |                        ^ pointer is missing a nullability type specifier [-Wnullability-completeness]
  43 |
  44 | #ifdef RCT_NEW_ARCH_ENABLED
  45 | - (void)registerPerformOperations:(REAPerformOperations)performOperations;


⚠️  (ios/Pods/Headers/Private/RNReanimated/reanimated/apple/REANodesManager.h:45:36)

  43 |
  44 | #ifdef RCT_NEW_ARCH_ENABLED
> 45 | - (void)registerPerformOperations:(REAPerformOperations)performOperations;
     |                                    ^ block pointer is missing a nullability type specifier [-Wnullability-completeness]
  46 | #else
  47 | - (void)configureUiProps:(nonnull NSSet<NSString *> *)uiPropsSet
  48 |           andNativeProps:(nonnull NSSet<NSString *> *)nativePropsSet;

› Compiling react-native-reanimated Pods/RNReanimated » REAModule.mm

⚠️  (ios/Pods/Headers/Private/RNReanimated/reanimated/apple/REANodesManager.h:12:55)

  10 | @class REAModule;
  11 |
> 12 | typedef void (^REAOnAnimationCallback)(READisplayLink *displayLink);
     |                                                       ^ pointer is missing a nullability type specifier [-Wnullability-completeness]
  13 | typedef void (^REANativeAnimationOp)(RCTUIManager *uiManager);
  14 | typedef void (^REAEventHandler)(id<RCTEvent> event);
  15 | typedef void (^CADisplayLinkOperation)(READisplayLink *displayLink);


⚠️  (ios/Pods/Headers/Private/RNReanimated/reanimated/apple/REANodesManager.h:31:51)

  29 |
  30 | #ifdef RCT_NEW_ARCH_ENABLED
> 31 | - (nonnull instancetype)initWithModule:(REAModule *)reanimatedModule
     |                                                   ^ pointer is missing a nullability type specifier [-Wnullability-completeness]
  32 |                                 bridge:(RCTBridge *)bridge
  33 |                       surfacePresenter:(id<RCTSurfacePresenterStub>)surfacePresenter;
  34 | #else


⚠️  (ios/Pods/Headers/Private/RNReanimated/reanimated/apple/REANodesManager.h:32:51)

  30 | #ifdef RCT_NEW_ARCH_ENABLED
  31 | - (nonnull instancetype)initWithModule:(REAModule *)reanimatedModule
> 32 |                                 bridge:(RCTBridge *)bridge
     |                                                   ^ pointer is missing a nullability type specifier [-Wnullability-completeness]
  33 |                       surfacePresenter:(id<RCTSurfacePresenterStub>)surfacePresenter;
  34 | #else
  35 | - (instancetype)initWithModule:(REAModule *)reanimatedModule uiManager:(RCTUIManager *)uiManager;


⚠️  (ios/Pods/Headers/Private/RNReanimated/reanimated/apple/REANodesManager.h:33:41)

  31 | - (nonnull instancetype)initWithModule:(REAModule *)reanimatedModule
  32 |                                 bridge:(RCTBridge *)bridge
> 33 |                       surfacePresenter:(id<RCTSurfacePresenterStub>)surfacePresenter;
     |                                         ^ pointer is missing a nullability type specifier [-Wnullability-completeness]
  34 | #else
  35 | - (instancetype)initWithModule:(REAModule *)reanimatedModule uiManager:(RCTUIManager *)uiManager;
  36 | #endif // RCT_NEW_ARCH_ENABLED


⚠️  (ios/Pods/Headers/Private/RNReanimated/reanimated/apple/REANodesManager.h:40:26)

  38 | - (void)operationsBatchDidComplete;
  39 |
> 40 | - (void)postOnAnimation:(REAOnAnimationCallback)clb;
     |                          ^ block pointer is missing a nullability type specifier [-Wnullability-completeness]
  41 | - (void)registerEventHandler:(REAEventHandler)eventHandler;
  42 | - (void)dispatchEvent:(id<RCTEvent>)event;
  43 |


⚠️  (ios/Pods/Headers/Private/RNReanimated/reanimated/apple/REANodesManager.h:41:31)

  39 |
  40 | - (void)postOnAnimation:(REAOnAnimationCallback)clb;
> 41 | - (void)registerEventHandler:(REAEventHandler)eventHandler;
     |                               ^ block pointer is missing a nullability type specifier [-Wnullability-completeness]
  42 | - (void)dispatchEvent:(id<RCTEvent>)event;
  43 |
  44 | #ifdef RCT_NEW_ARCH_ENABLED


⚠️  (ios/Pods/Headers/Private/RNReanimated/reanimated/apple/REANodesManager.h:42:24)

  40 | - (void)postOnAnimation:(REAOnAnimationCallback)clb;
  41 | - (void)registerEventHandler:(REAEventHandler)eventHandler;
> 42 | - (void)dispatchEvent:(id<RCTEvent>)event;
     |                        ^ pointer is missing a nullability type specifier [-Wnullability-completeness]
  43 |
  44 | #ifdef RCT_NEW_ARCH_ENABLED
  45 | - (void)registerPerformOperations:(REAPerformOperations)performOperations;


⚠️  (ios/Pods/Headers/Private/RNReanimated/reanimated/apple/REANodesManager.h:45:36)

  43 |
  44 | #ifdef RCT_NEW_ARCH_ENABLED
> 45 | - (void)registerPerformOperations:(REAPerformOperations)performOperations;
     |                                    ^ block pointer is missing a nullability type specifier [-Wnullability-completeness]
  46 | #else
  47 | - (void)configureUiProps:(nonnull NSSet<NSString *> *)uiPropsSet
  48 |           andNativeProps:(nonnull NSSet<NSString *> *)nativePropsSet;

› Compiling react-native-reanimated Pods/RNReanimated » PlatformDepMethodsHolderImpl.mm

⚠️  (ios/Pods/Headers/Private/RNReanimated/reanimated/apple/REANodesManager.h:12:55)

  10 | @class REAModule;
  11 |
> 12 | typedef void (^REAOnAnimationCallback)(READisplayLink *displayLink);
     |                                                       ^ pointer is missing a nullability type specifier [-Wnullability-completeness]
  13 | typedef void (^REANativeAnimationOp)(RCTUIManager *uiManager);
  14 | typedef void (^REAEventHandler)(id<RCTEvent> event);
  15 | typedef void (^CADisplayLinkOperation)(READisplayLink *displayLink);


⚠️  (ios/Pods/Headers/Private/RNReanimated/reanimated/apple/REANodesManager.h:31:51)

  29 |
  30 | #ifdef RCT_NEW_ARCH_ENABLED
> 31 | - (nonnull instancetype)initWithModule:(REAModule *)reanimatedModule
     |                                                   ^ pointer is missing a nullability type specifier [-Wnullability-completeness]
  32 |                                 bridge:(RCTBridge *)bridge
  33 |                       surfacePresenter:(id<RCTSurfacePresenterStub>)surfacePresenter;
  34 | #else


⚠️  (ios/Pods/Headers/Private/RNReanimated/reanimated/apple/REANodesManager.h:32:51)

  30 | #ifdef RCT_NEW_ARCH_ENABLED
  31 | - (nonnull instancetype)initWithModule:(REAModule *)reanimatedModule
> 32 |                                 bridge:(RCTBridge *)bridge
     |                                                   ^ pointer is missing a nullability type specifier [-Wnullability-completeness]
  33 |                       surfacePresenter:(id<RCTSurfacePresenterStub>)surfacePresenter;
  34 | #else
  35 | - (instancetype)initWithModule:(REAModule *)reanimatedModule uiManager:(RCTUIManager *)uiManager;


⚠️  (ios/Pods/Headers/Private/RNReanimated/reanimated/apple/REANodesManager.h:33:41)

  31 | - (nonnull instancetype)initWithModule:(REAModule *)reanimatedModule
  32 |                                 bridge:(RCTBridge *)bridge
> 33 |                       surfacePresenter:(id<RCTSurfacePresenterStub>)surfacePresenter;
     |                                         ^ pointer is missing a nullability type specifier [-Wnullability-completeness]
  34 | #else
  35 | - (instancetype)initWithModule:(REAModule *)reanimatedModule uiManager:(RCTUIManager *)uiManager;
  36 | #endif // RCT_NEW_ARCH_ENABLED


⚠️  (ios/Pods/Headers/Private/RNReanimated/reanimated/apple/REANodesManager.h:40:26)

  38 | - (void)operationsBatchDidComplete;
  39 |
> 40 | - (void)postOnAnimation:(REAOnAnimationCallback)clb;
     |                          ^ block pointer is missing a nullability type specifier [-Wnullability-completeness]
  41 | - (void)registerEventHandler:(REAEventHandler)eventHandler;
  42 | - (void)dispatchEvent:(id<RCTEvent>)event;
  43 |


⚠️  (ios/Pods/Headers/Private/RNReanimated/reanimated/apple/REANodesManager.h:41:31)

  39 |
  40 | - (void)postOnAnimation:(REAOnAnimationCallback)clb;
> 41 | - (void)registerEventHandler:(REAEventHandler)eventHandler;
     |                               ^ block pointer is missing a nullability type specifier [-Wnullability-completeness]
  42 | - (void)dispatchEvent:(id<RCTEvent>)event;
  43 |
  44 | #ifdef RCT_NEW_ARCH_ENABLED


⚠️  (ios/Pods/Headers/Private/RNReanimated/reanimated/apple/REANodesManager.h:42:24)

  40 | - (void)postOnAnimation:(REAOnAnimationCallback)clb;
  41 | - (void)registerEventHandler:(REAEventHandler)eventHandler;
> 42 | - (void)dispatchEvent:(id<RCTEvent>)event;
     |                        ^ pointer is missing a nullability type specifier [-Wnullability-completeness]
  43 |
  44 | #ifdef RCT_NEW_ARCH_ENABLED
  45 | - (void)registerPerformOperations:(REAPerformOperations)performOperations;


⚠️  (ios/Pods/Headers/Private/RNReanimated/reanimated/apple/REANodesManager.h:45:36)

  43 |
  44 | #ifdef RCT_NEW_ARCH_ENABLED
> 45 | - (void)registerPerformOperations:(REAPerformOperations)performOperations;
     |                                    ^ block pointer is missing a nullability type specifier [-Wnullability-completeness]
  46 | #else
  47 | - (void)configureUiProps:(nonnull NSSet<NSString *> *)uiPropsSet
  48 |           andNativeProps:(nonnull NSSet<NSString *> *)nativePropsSet;


⚠️  (node_modules/react-native-reanimated/apple/reanimated/apple/native/PlatformDepMethodsHolderImpl.mm:48:15)

  46 | using namespace react;
  47 |
> 48 | static NSSet *convertProps(jsi::Runtime &rt, const jsi::Value &props)
     |               ^ unused function 'convertProps' [-Wunused-function]
  49 | {
  50 |   NSMutableSet *propsSet = [[NSMutableSet alloc] init];
  51 |   jsi::Array propsNames = props.asObject(rt).asArray(rt);

› Compiling react-native-reanimated Pods/RNReanimated » NativeProxy.mm

⚠️  (ios/Pods/Headers/Private/RNReanimated/reanimated/apple/REANodesManager.h:12:55)

  10 | @class REAModule;
  11 |
> 12 | typedef void (^REAOnAnimationCallback)(READisplayLink *displayLink);
     |                                                       ^ pointer is missing a nullability type specifier [-Wnullability-completeness]
  13 | typedef void (^REANativeAnimationOp)(RCTUIManager *uiManager);
  14 | typedef void (^REAEventHandler)(id<RCTEvent> event);
  15 | typedef void (^CADisplayLinkOperation)(READisplayLink *displayLink);


⚠️  (ios/Pods/Headers/Private/RNReanimated/reanimated/apple/REANodesManager.h:31:51)

  29 |
  30 | #ifdef RCT_NEW_ARCH_ENABLED
> 31 | - (nonnull instancetype)initWithModule:(REAModule *)reanimatedModule
     |                                                   ^ pointer is missing a nullability type specifier [-Wnullability-completeness]
  32 |                                 bridge:(RCTBridge *)bridge
  33 |                       surfacePresenter:(id<RCTSurfacePresenterStub>)surfacePresenter;
  34 | #else


⚠️  (ios/Pods/Headers/Private/RNReanimated/reanimated/apple/REANodesManager.h:32:51)

  30 | #ifdef RCT_NEW_ARCH_ENABLED
  31 | - (nonnull instancetype)initWithModule:(REAModule *)reanimatedModule
> 32 |                                 bridge:(RCTBridge *)bridge
     |                                                   ^ pointer is missing a nullability type specifier [-Wnullability-completeness]
  33 |                       surfacePresenter:(id<RCTSurfacePresenterStub>)surfacePresenter;
  34 | #else
  35 | - (instancetype)initWithModule:(REAModule *)reanimatedModule uiManager:(RCTUIManager *)uiManager;


⚠️  (ios/Pods/Headers/Private/RNReanimated/reanimated/apple/REANodesManager.h:33:41)

  31 | - (nonnull instancetype)initWithModule:(REAModule *)reanimatedModule
  32 |                                 bridge:(RCTBridge *)bridge
> 33 |                       surfacePresenter:(id<RCTSurfacePresenterStub>)surfacePresenter;
     |                                         ^ pointer is missing a nullability type specifier [-Wnullability-completeness]
  34 | #else
  35 | - (instancetype)initWithModule:(REAModule *)reanimatedModule uiManager:(RCTUIManager *)uiManager;
  36 | #endif // RCT_NEW_ARCH_ENABLED


⚠️  (ios/Pods/Headers/Private/RNReanimated/reanimated/apple/REANodesManager.h:40:26)

  38 | - (void)operationsBatchDidComplete;
  39 |
> 40 | - (void)postOnAnimation:(REAOnAnimationCallback)clb;
     |                          ^ block pointer is missing a nullability type specifier [-Wnullability-completeness]
  41 | - (void)registerEventHandler:(REAEventHandler)eventHandler;
  42 | - (void)dispatchEvent:(id<RCTEvent>)event;
  43 |


⚠️  (ios/Pods/Headers/Private/RNReanimated/reanimated/apple/REANodesManager.h:41:31)

  39 |
  40 | - (void)postOnAnimation:(REAOnAnimationCallback)clb;
> 41 | - (void)registerEventHandler:(REAEventHandler)eventHandler;
     |                               ^ block pointer is missing a nullability type specifier [-Wnullability-completeness]
  42 | - (void)dispatchEvent:(id<RCTEvent>)event;
  43 |
  44 | #ifdef RCT_NEW_ARCH_ENABLED


⚠️  (ios/Pods/Headers/Private/RNReanimated/reanimated/apple/REANodesManager.h:42:24)

  40 | - (void)postOnAnimation:(REAOnAnimationCallback)clb;
  41 | - (void)registerEventHandler:(REAEventHandler)eventHandler;
> 42 | - (void)dispatchEvent:(id<RCTEvent>)event;
     |                        ^ pointer is missing a nullability type specifier [-Wnullability-completeness]
  43 |
  44 | #ifdef RCT_NEW_ARCH_ENABLED
  45 | - (void)registerPerformOperations:(REAPerformOperations)performOperations;


⚠️  (ios/Pods/Headers/Private/RNReanimated/reanimated/apple/REANodesManager.h:45:36)

  43 |
  44 | #ifdef RCT_NEW_ARCH_ENABLED
> 45 | - (void)registerPerformOperations:(REAPerformOperations)performOperations;
     |                                    ^ block pointer is missing a nullability type specifier [-Wnullability-completeness]
  46 | #else
  47 | - (void)configureUiProps:(nonnull NSSet<NSString *> *)uiPropsSet
  48 |           andNativeProps:(nonnull NSSet<NSString *> *)nativePropsSet;

› Compiling react-native-gesture-handler Pods/RNGestureHandler » RNGestureHandlerModule.mm

⚠️  (node_modules/react-native-gesture-handler/apple/RNGestureHandlerModule.mm:80:1)

  78 |   [self.bridge.uiManager.observerCoordinator removeObserver:self];
  79 | #endif // RCT_NEW_ARCH_ENABLED
> 80 | }
     | ^ method possibly missing a [super invalidate] call [-Wobjc-missing-super-calls]
  81 |
  82 | - (dispatch_queue_t)methodQueue
  83 | {


⚠️  (node_modules/react-native-gesture-handler/apple/RNGHStylusData.h:23:16)

  21 | @end
  22 |
> 23 | static CGPoint ghSpherical2tilt(double altitudeAngle, double azimuthAngle)
     |                ^ unused function 'ghSpherical2tilt' [-Wunused-function]
  24 | {
  25 |   CGPoint tilts = {.x = 0.0, .y = 0.0};
  26 |

› Compiling react-native-gesture-handler Pods/RNGestureHandler » RNGestureHandlerManager.mm

⚠️  (node_modules/react-native-gesture-handler/apple/RNGestureHandlerManager.mm:173:15)

  171 |
  172 |       dispatch_after(dispatch_time(DISPATCH_TIME_NOW, 0.1 * NSEC_PER_SEC), dispatch_get_main_queue(), ^{
> 173 |         if (![_droppedHandlers containsObject:handlerTag]) {
      |               ^ block implicitly retains 'self'; explicitly mention 'self' to indicate this is intended behavior [-Wimplicit-retain-self]
  174 |           [self attachGestureHandler:handlerTag toViewWithTag:viewTag withActionType:actionType];
  175 |         }
  176 |       });


⚠️  (node_modules/react-native-gesture-handler/apple/RNGestureHandlerManager.mm:430:21)

  428 |   // Delivers the event to JS as a device event.
  429 |   NSMutableDictionary *body = [[event arguments] objectAtIndex:2];
> 430 |   [_eventDispatcher sendDeviceEventWithName:@"onGestureHandlerStateChange" body:body];
      |                     ^ 'sendDeviceEventWithName:body:' is deprecated: Subclass RCTEventEmitter instead [-Wdeprecated-declarations]
  431 | }
  432 |
  433 | @end


⚠️  (node_modules/react-native-gesture-handler/apple/RNGHStylusData.h:23:16)

  21 | @end
  22 |
> 23 | static CGPoint ghSpherical2tilt(double altitudeAngle, double azimuthAngle)
     |                ^ unused function 'ghSpherical2tilt' [-Wunused-function]
  24 | {
  25 |   CGPoint tilts = {.x = 0.0, .y = 0.0};
  26 |

› Compiling react-native-gesture-handler Pods/RNGestureHandler » RNGestureHandlerButtonComponentView.mm

⚠️  (node_modules/react-native-gesture-handler/apple/RNGHStylusData.h:23:16)

  21 | @end
  22 |
> 23 | static CGPoint ghSpherical2tilt(double altitudeAngle, double azimuthAngle)
     |                ^ unused function 'ghSpherical2tilt' [-Wunused-function]
  24 | {
  25 |   CGPoint tilts = {.x = 0.0, .y = 0.0};
  26 |

› Compiling react-native-gesture-handler Pods/RNGestureHandler » RNGestureHandlerButton.mm

⚠️  (node_modules/react-native-gesture-handler/apple/RNGHStylusData.h:23:16)

  21 | @end
  22 |
> 23 | static CGPoint ghSpherical2tilt(double altitudeAngle, double azimuthAngle)
     |                ^ unused function 'ghSpherical2tilt' [-Wunused-function]
  24 | {
  25 |   CGPoint tilts = {.x = 0.0, .y = 0.0};
  26 |

› Compiling react-native-gesture-handler Pods/RNGestureHandler » RNGestureHandler.mm

⚠️  (ios/Pods/Headers/Public/React-Fabric/react/renderer/mounting/ShadowViewMutation.h:47:7)

  45 |   /**
  46 |    * Creates and returns an `Insert` mutation.
> 47 |    * @deprecated Pass parentTag instead of parentShadowView.
     |       ^ declaration is marked with '@deprecated' command but does not have a deprecation attribute [-Wdocumentation-deprecated-sync]
  48 |    */
  49 |   static ShadowViewMutation InsertMutation(
  50 |       const ShadowView& parentShadowView,


⚠️  (ios/Pods/Headers/Public/React-Fabric/react/renderer/mounting/ShadowViewMutation.h:64:7)

  62 |   /**
  63 |    * Creates and returns a `Remove` mutation.
> 64 |    * @deprecated Pass parentTag instead of parentShadowView.
     |       ^ declaration is marked with '@deprecated' command but does not have a deprecation attribute [-Wdocumentation-deprecated-sync]
  65 |    */
  66 |   static ShadowViewMutation RemoveMutation(
  67 |       const ShadowView& parentShadowView,


⚠️  (ios/Pods/Headers/Public/React-Fabric/react/renderer/mounting/ShadowViewMutation.h:83:7)

  81 |   /**
  82 |    * Creates and returns an `Update` mutation.
> 83 |    * @deprecated Pass parentTag instead of parentShadowView.
     |       ^ declaration is marked with '@deprecated' command but does not have a deprecation attribute [-Wdocumentation-deprecated-sync]
  84 |    */
  85 |   static ShadowViewMutation UpdateMutation(
  86 |       ShadowView oldChildShadowView,


⚠️  (node_modules/react-native-gesture-handler/apple/RNGHStylusData.h:23:16)

  21 | @end
  22 |
> 23 | static CGPoint ghSpherical2tilt(double altitudeAngle, double azimuthAngle)
     |                ^ unused function 'ghSpherical2tilt' [-Wunused-function]
  24 | {
  25 |   CGPoint tilts = {.x = 0.0, .y = 0.0};
  26 |

› Compiling @react-native-community/datetimepicker Pods/RNDateTimePicker » ShadowNodes.cpp

⚠️  (ios/Pods/Headers/Public/React-graphics/react/renderer/graphics/Geometry.h:18:2)

  16 | #include <react/renderer/graphics/Vector.h>
  17 |
> 18 | #warning \
     |  ^ "The Geometry.h file is deprecated and will be removed in the next version of React Native. Please update your #include and #import statements to use the specific files. For example, if you imported Geometry.h to use Float.h, replase the #include <react/renderer/graphics/Geometry.h> with #include <react/renderer/graphics/Float.h>" [-W#warnings]
  19 |     "The Geometry.h file is deprecated and will be removed in the next version of React Native. Please update your #include and #import statements to use the specific files. For example, if you imported Geometry.h to use Float.h, replase the #include <react/renderer/graphics/Geometry.h> with #include <react/renderer/graphics/Float.h>"
  20 |

› Compiling @react-native-community/datetimepicker Pods/RNDateTimePicker » RNDateTimePickerComponentView.mm

⚠️  (ios/Pods/Headers/Public/React-graphics/react/renderer/graphics/Geometry.h:18:2)

  16 | #include <react/renderer/graphics/Vector.h>
  17 |
> 18 | #warning \
     |  ^ "The Geometry.h file is deprecated and will be removed in the next version of React Native. Please update your #include and #import statements to use the specific files. For example, if you imported Geometry.h to use Float.h, replase the #include <react/renderer/graphics/Geometry.h> with #include <react/renderer/graphics/Float.h>" [-W#warnings]
  19 |     "The Geometry.h file is deprecated and will be removed in the next version of React Native. Please update your #include and #import statements to use the specific files. For example, if you imported Geometry.h to use Float.h, replase the #include <react/renderer/graphics/Geometry.h> with #include <react/renderer/graphics/Float.h>"
  20 |

› Compiling @react-native-async-storage/async-storage Pods/RNCAsyncStorage » RNCAsyncStorage.mm
› Compiling formcam Pods/ReactCodegen » ReactCodegen-dummy.m
› Packaging formcam Pods/ReactCodegen » libReactCodegen.a
› Compiling react-native-gesture-handler Pods/RNGestureHandler » RNTapHandler.m

⚠️  (node_modules/react-native-gesture-handler/apple/RNGHStylusData.h:23:16)

  21 | @end
  22 |
> 23 | static CGPoint ghSpherical2tilt(double altitudeAngle, double azimuthAngle)
     |                ^ unused function 'ghSpherical2tilt' [-Wunused-function]
  24 | {
  25 |   CGPoint tilts = {.x = 0.0, .y = 0.0};
  26 |

› Compiling react-native-gesture-handler Pods/RNGestureHandler » RNRotationHandler.m

⚠️  (node_modules/react-native-gesture-handler/apple/RNGHStylusData.h:23:16)

  21 | @end
  22 |
> 23 | static CGPoint ghSpherical2tilt(double altitudeAngle, double azimuthAngle)
     |                ^ unused function 'ghSpherical2tilt' [-Wunused-function]
  24 | {
  25 |   CGPoint tilts = {.x = 0.0, .y = 0.0};
  26 |

› Compiling react-native-gesture-handler Pods/RNGestureHandler » RNRootViewGestureRecognizer.m

⚠️  (node_modules/react-native-gesture-handler/apple/RNGHStylusData.h:23:16)

  21 | @end
  22 |
> 23 | static CGPoint ghSpherical2tilt(double altitudeAngle, double azimuthAngle)
     |                ^ unused function 'ghSpherical2tilt' [-Wunused-function]
  24 | {
  25 |   CGPoint tilts = {.x = 0.0, .y = 0.0};
  26 |

› Compiling react-native-gesture-handler Pods/RNGestureHandler » RNPinchHandler.m

⚠️  (node_modules/react-native-gesture-handler/apple/RNGHStylusData.h:23:16)

  21 | @end
  22 |
> 23 | static CGPoint ghSpherical2tilt(double altitudeAngle, double azimuthAngle)
     |                ^ unused function 'ghSpherical2tilt' [-Wunused-function]
  24 | {
  25 |   CGPoint tilts = {.x = 0.0, .y = 0.0};
  26 |

› Compiling react-native-gesture-handler Pods/RNGestureHandler » RNPanHandler.m

⚠️  (node_modules/react-native-gesture-handler/apple/Handlers/RNPanHandler.m:110:1)

  108 | #endif
  109 |
> 110 | - (void)activateAfterLongPress
      | ^ conflicting return type in implementation of 'activateAfterLongPress': 'CGFloat' vs 'void' [-Wmismatched-return-types]
  111 | {
  112 |   self.state = UIGestureRecognizerStateBegan;
  113 |   // Send event in ACTIVE state because UIGestureRecognizerStateBegan is mapped to RNGestureHandlerStateBegan

› Compiling react-native-gesture-handler Pods/RNGestureHandler » RNManualHandler.m

⚠️  (node_modules/react-native-gesture-handler/apple/RNGHStylusData.h:23:16)

  21 | @end
  22 |
> 23 | static CGPoint ghSpherical2tilt(double altitudeAngle, double azimuthAngle)
     |                ^ unused function 'ghSpherical2tilt' [-Wunused-function]
  24 | {
  25 |   CGPoint tilts = {.x = 0.0, .y = 0.0};
  26 |

› Compiling react-native-gesture-handler Pods/RNGestureHandler » RNManualActivationRecognizer.m

⚠️  (node_modules/react-native-gesture-handler/apple/RNGHStylusData.h:23:16)

  21 | @end
  22 |
> 23 | static CGPoint ghSpherical2tilt(double altitudeAngle, double azimuthAngle)
     |                ^ unused function 'ghSpherical2tilt' [-Wunused-function]
  24 | {
  25 |   CGPoint tilts = {.x = 0.0, .y = 0.0};
  26 |

› Compiling react-native-gesture-handler Pods/RNGestureHandler » RNLongPressHandler.m

⚠️  (node_modules/react-native-gesture-handler/apple/RNGHStylusData.h:23:16)

  21 | @end
  22 |
> 23 | static CGPoint ghSpherical2tilt(double altitudeAngle, double azimuthAngle)
     |                ^ unused function 'ghSpherical2tilt' [-Wunused-function]
  24 | {
  25 |   CGPoint tilts = {.x = 0.0, .y = 0.0};
  26 |

› Compiling react-native-gesture-handler Pods/RNGestureHandler » RNHoverHandler.m

⚠️  (node_modules/react-native-gesture-handler/apple/RNGHStylusData.h:23:16)

  21 | @end
  22 |
> 23 | static CGPoint ghSpherical2tilt(double altitudeAngle, double azimuthAngle)
     |                ^ unused function 'ghSpherical2tilt' [-Wunused-function]
  24 | {
  25 |   CGPoint tilts = {.x = 0.0, .y = 0.0};
  26 |

› Compiling react-native-gesture-handler Pods/RNGestureHandler » RNGestureHandlerRegistry.m

⚠️  (node_modules/react-native-gesture-handler/apple/RNGHStylusData.h:23:16)

  21 | @end
  22 |
> 23 | static CGPoint ghSpherical2tilt(double altitudeAngle, double azimuthAngle)
     |                ^ unused function 'ghSpherical2tilt' [-Wunused-function]
  24 | {
  25 |   CGPoint tilts = {.x = 0.0, .y = 0.0};
  26 |

› Compiling react-native-gesture-handler Pods/RNGestureHandler » RNGestureHandlerPointerTracker.m

⚠️  (node_modules/react-native-gesture-handler/apple/RNGHStylusData.h:23:16)

  21 | @end
  22 |
> 23 | static CGPoint ghSpherical2tilt(double altitudeAngle, double azimuthAngle)
     |                ^ unused function 'ghSpherical2tilt' [-Wunused-function]
  24 | {
  25 |   CGPoint tilts = {.x = 0.0, .y = 0.0};
  26 |

› Compiling react-native-gesture-handler Pods/RNGestureHandler » RNGestureHandlerEvents.m

⚠️  (node_modules/react-native-gesture-handler/apple/RNGHStylusData.h:23:16)

  21 | @end
  22 |
> 23 | static CGPoint ghSpherical2tilt(double altitudeAngle, double azimuthAngle)
     |                ^ unused function 'ghSpherical2tilt' [-Wunused-function]
  24 | {
  25 |   CGPoint tilts = {.x = 0.0, .y = 0.0};
  26 |

› Compiling react-native-gesture-handler Pods/RNGestureHandler » RNGHVector.m
› Compiling react-native-gesture-handler Pods/RNGestureHandler » RNGHStylusData.m

⚠️  (node_modules/react-native-gesture-handler/apple/RNGHStylusData.h:23:16)

  21 | @end
  22 |
> 23 | static CGPoint ghSpherical2tilt(double altitudeAngle, double azimuthAngle)
     |                ^ unused function 'ghSpherical2tilt' [-Wunused-function]
  24 | {
  25 |   CGPoint tilts = {.x = 0.0, .y = 0.0};
  26 |

› Compiling react-native-gesture-handler Pods/RNGestureHandler » RNForceTouchHandler.m

⚠️  (node_modules/react-native-gesture-handler/apple/RNGHStylusData.h:23:16)

  21 | @end
  22 |
> 23 | static CGPoint ghSpherical2tilt(double altitudeAngle, double azimuthAngle)
     |                ^ unused function 'ghSpherical2tilt' [-Wunused-function]
  24 | {
  25 |   CGPoint tilts = {.x = 0.0, .y = 0.0};
  26 |

› Compiling react-native-gesture-handler Pods/RNGestureHandler » RNFlingHandler.m

⚠️  (node_modules/react-native-gesture-handler/apple/Handlers/RNFlingHandler.m:251:26)

  249 |   [super resetConfig];
  250 |   RNBetterSwipeGestureRecognizer *recognizer = (RNBetterSwipeGestureRecognizer *)_recognizer;
> 251 |   recognizer.direction = RNGestureHandlerDirectionRight;
      |                          ^ implicit conversion from enumeration type 'enum RNGestureHandlerDirection' to different enumeration type 'UISwipeGestureRecognizerDirection' [-Wenum-conversion]
  252 | #if !TARGET_OS_TV
  253 |   recognizer.numberOfTouchesRequired = 1;
  254 | #endif


⚠️  (node_modules/react-native-gesture-handler/apple/RNGHStylusData.h:23:16)

  21 | @end
  22 |
> 23 | static CGPoint ghSpherical2tilt(double altitudeAngle, double azimuthAngle)
     |                ^ unused function 'ghSpherical2tilt' [-Wunused-function]
  24 | {
  25 |   CGPoint tilts = {.x = 0.0, .y = 0.0};
  26 |

› Compiling expo-modules-core Pods/ExpoModulesCore » TypedArray.cpp
› Compiling expo-modules-core Pods/ExpoModulesCore » SwiftUIVirtualViewObjC.mm
› Compiling expo-modules-core Pods/ExpoModulesCore » SharedRef.cpp
› Compiling expo-modules-core Pods/ExpoModulesCore » SharedObject.cpp
› Compiling react-native-gesture-handler Pods/RNGestureHandler » RNGestureHandler-dummy.m
› Compiling expo-modules-core Pods/ExpoModulesCore » ObjectDeallocator.cpp
› Compiling @react-native-community/datetimepicker Pods/RNDateTimePicker » RNDateTimePickerShadowView.m
› Compiling @react-native-community/datetimepicker Pods/RNDateTimePicker » RNDateTimePickerManager.m

⚠️  (node_modules/@react-native-community/datetimepicker/ios/RNDateTimePickerManager.m:47:1)

  45 |
  46 |
> 47 | RCT_ENUM_CONVERTER(UIUserInterfaceStyle, (@{
     | ^ category is implementing a method which will also be implemented by its primary class [-Wobjc-protocol-method-implementation]
  48 |     @"dark": @(UIUserInterfaceStyleDark),
  49 |     @"light": @(UIUserInterfaceStyleLight),
  50 | }), UIUserInterfaceStyleUnspecified, integerValue)

› Compiling @react-native-community/datetimepicker Pods/RNDateTimePicker » RNDateTimePicker.m
› Compiling @react-native-community/datetimepicker Pods/RNDateTimePicker » RNDateTimePicker-dummy.m
› Compiling expo-modules-core Pods/ExpoModulesCore » NativeModule.cpp
› Compiling expo-modules-core Pods/ExpoModulesCore » MainThreadInvoker.mm
› Compiling expo-modules-core Pods/ExpoModulesCore » LazyObject.cpp
› Compiling expo-modules-core Pods/ExpoModulesCore » JSIUtils.cpp
› Compiling @react-native-async-storage/async-storage Pods/RNCAsyncStorage » RNCAsyncStorage-dummy.m
› Compiling expo-modules-core Pods/ExpoModulesCore » ExpoViewShadowNode.cpp
› Compiling expo-modules-core Pods/ExpoModulesCore » ExpoViewProps.cpp
› Compiling expo-modules-core Pods/ExpoModulesCore » ExpoViewEventEmitter.cpp
› Compiling expo-modules-core Pods/ExpoModulesCore » ExpoViewComponentDescriptor.cpp
› Compiling expo-modules-core Pods/ExpoModulesCore » ExpoModulesHostObject.mm

⚠️  (node_modules/expo-modules-core/ios/Legacy/NativeModulesProxy/EXNativeModulesProxy.h:13:4)

  11 | @interface EXModulesProxyConfig : NSObject
  12 |
> 13 | - (instancetype)initWithConstants:(nonnull NSDictionary *)constants
     |    ^ pointer is missing a nullability type specifier [-Wnullability-completeness]
  14 |                       methodNames:(nonnull NSDictionary *)methodNames
  15 |                      viewManagers:(nonnull NSDictionary *)viewManagerMetadata;
  16 |


⚠️  (node_modules/expo-modules-core/ios/Legacy/NativeModulesProxy/EXNativeModulesProxy.h:29:61)

  27 | @interface EXNativeModulesProxy : NSObject <RCTBridgeModule>
  28 |
> 29 | @property(nonatomic, strong, readonly) EXModulesProxyConfig *nativeModulesConfig;
     |                                                             ^ pointer is missing a nullability type specifier [-Wnullability-completeness]
  30 |
  31 | - (nonnull instancetype)init;
  32 | - (nonnull instancetype)initWithModuleRegistry:(nullable EXModuleRegistry *)moduleRegistry;


⚠️  (node_modules/expo-modules-core/ios/Legacy/NativeModulesProxy/EXNativeModulesProxy.h:35:30)

  33 | - (nonnull instancetype)initWithCustomModuleRegistry:(nonnull EXModuleRegistry *)moduleRegistry;
  34 |
> 35 | - (void)callMethod:(NSString *)moduleName methodNameOrKey:(id)methodNameOrKey arguments:(NSArray *)arguments resolver:(RCTPromiseResolveBlock)resolve rejecter:(RCTPromiseRejectBlock)reject;
     |                              ^ pointer is missing a nullability type specifier [-Wnullability-completeness]
  36 |
  37 | @end
  38 |


⚠️  (node_modules/expo-modules-core/ios/Legacy/NativeModulesProxy/EXNativeModulesProxy.h:35:60)

  33 | - (nonnull instancetype)initWithCustomModuleRegistry:(nonnull EXModuleRegistry *)moduleRegistry;
  34 |
> 35 | - (void)callMethod:(NSString *)moduleName methodNameOrKey:(id)methodNameOrKey arguments:(NSArray *)arguments resolver:(RCTPromiseResolveBlock)resolve rejecter:(RCTPromiseRejectBlock)reject;
     |                                                            ^ pointer is missing a nullability type specifier [-Wnullability-completeness]
  36 |
  37 | @end
  38 |


⚠️  (node_modules/expo-modules-core/ios/Legacy/NativeModulesProxy/EXNativeModulesProxy.h:35:98)

  33 | - (nonnull instancetype)initWithCustomModuleRegistry:(nonnull EXModuleRegistry *)moduleRegistry;
  34 |
> 35 | - (void)callMethod:(NSString *)moduleName methodNameOrKey:(id)methodNameOrKey arguments:(NSArray *)arguments resolver:(RCTPromiseResolveBlock)resolve rejecter:(RCTPromiseRejectBlock)reject;
     |                                                                                                  ^ pointer is missing a nullability type specifier [-Wnullability-completeness]
  36 |
  37 | @end
  38 |


⚠️  (node_modules/expo-modules-core/ios/Legacy/NativeModulesProxy/EXNativeModulesProxy.h:35:120)

  33 | - (nonnull instancetype)initWithCustomModuleRegistry:(nonnull EXModuleRegistry *)moduleRegistry;
  34 |
> 35 | - (void)callMethod:(NSString *)moduleName methodNameOrKey:(id)methodNameOrKey arguments:(NSArray *)arguments resolver:(RCTPromiseResolveBlock)resolve rejecter:(RCTPromiseRejectBlock)reject;
     |                                                                                                                        ^ block pointer is missing a nullability type specifier [-Wnullability-completeness]
  36 |
  37 | @end
  38 |


⚠️  (node_modules/expo-modules-core/ios/Legacy/NativeModulesProxy/EXNativeModulesProxy.h:35:161)

  33 | - (nonnull instancetype)initWithCustomModuleRegistry:(nonnull EXModuleRegistry *)moduleRegistry;
  34 |
> 35 | - (void)callMethod:(NSString *)moduleName methodNameOrKey:(id)methodNameOrKey arguments:(NSArray *)arguments resolver:(RCTPromiseResolveBlock)resolve rejecter:(RCTPromiseRejectBlock)reject;
     |                                                                                                                                                                 ^ block pointer is missing a nullability type specifier [-Wnullability-completeness]
  36 |
  37 | @end
  38 |


⚠️  (node_modules/expo-modules-core/ios/EXLegacyExpoViewProtocol.h:11:4)

   9 | @protocol EXLegacyExpoViewProtocol
  10 |
> 11 | - (instancetype)initWithModuleRegistry:(nullable EXModuleRegistry *)moduleRegistry;
     |    ^ pointer is missing a nullability type specifier [-Wnullability-completeness]
  12 |
  13 | @end
  14 |


⚠️  (node_modules/expo-modules-core/ios/Interfaces/FileSystem/EXFileSystemInterface.h:14:42)

  12 | @protocol EXFileSystemInterface
  13 |
> 14 | @property (nonatomic, readonly) NSString *documentDirectory;
     |                                          ^ pointer is missing a nullability type specifier [-Wnullability-completeness]
  15 | @property (nonatomic, readonly) NSString *cachesDirectory;
  16 | @property (nonatomic, readonly) NSString *applicationSupportDirectory;
  17 |


⚠️  (node_modules/expo-modules-core/ios/Interfaces/FileSystem/EXFileSystemInterface.h:20:57)

  18 | // TODO: Move permissionsForURI to EXFileSystemManagerInterface
  19 | - (EXFileSystemPermissionFlags)permissionsForURI:(NSURL *)uri;
> 20 | - (nonnull NSString *)generatePathInDirectory:(NSString *)directory withExtension:(NSString *)extension;
     |                                                         ^ pointer is missing a nullability type specifier [-Wnullability-completeness]
  21 | - (BOOL)ensureDirExistsWithPath:(NSString *)path;
  22 |
  23 | @end


⚠️  (node_modules/expo-modules-core/ios/Interfaces/FileSystem/EXFileSystemInterface.h:20:93)

  18 | // TODO: Move permissionsForURI to EXFileSystemManagerInterface
  19 | - (EXFileSystemPermissionFlags)permissionsForURI:(NSURL *)uri;
> 20 | - (nonnull NSString *)generatePathInDirectory:(NSString *)directory withExtension:(NSString *)extension;
     |                                                                                             ^ pointer is missing a nullability type specifier [-Wnullability-completeness]
  21 | - (BOOL)ensureDirExistsWithPath:(NSString *)path;
  22 |
  23 | @end


⚠️  (node_modules/expo-modules-core/ios/Interfaces/FileSystem/EXFileSystemInterface.h:21:43)

  19 | - (EXFileSystemPermissionFlags)permissionsForURI:(NSURL *)uri;
  20 | - (nonnull NSString *)generatePathInDirectory:(NSString *)directory withExtension:(NSString *)extension;
> 21 | - (BOOL)ensureDirExistsWithPath:(NSString *)path;
     |                                           ^ pointer is missing a nullability type specifier [-Wnullability-completeness]
  22 |
  23 | @end
  24 |


⚠️  (node_modules/expo-modules-core/ios/JSI/EXJSIInstaller.h:39:79)

  37 |  Installs the base class for shared objects, i.e. `global.expo.SharedObject`.
  38 |  */
> 39 | + (void)installSharedObjectClass:(nonnull EXRuntime *)runtime releaser:(void (^)(long))releaser;
     |                                                                               ^ block pointer is missing a nullability type specifier [-Wnullability-completeness]
  40 |
  41 | /**
  42 |  Installs the base class for shared refs, i.e. `global.expo.SharedRef`.


⚠️  (node_modules/expo-modules-core/ios/JSI/EXJSIUtils.h:20:45)

  18 | #pragma mark - Promises
  19 |
> 20 |     using PromiseInvocationBlock = void (^)(RCTPromiseResolveBlock resolveWrapper, RCTPromiseRejectBlock rejectWrapper);
     |                                             ^ block pointer is missing a nullability type specifier [-Wnullability-completeness]
  21 |
  22 |     void callPromiseSetupWithBlock(jsi::Runtime &runtime, std::shared_ptr<react::CallInvoker> jsInvoker, std::shared_ptr<react::Promise> promise, PromiseInvocationBlock setupBlock);
  23 |

› Compiling expo-modules-core Pods/ExpoModulesCore » ExpoFabricViewObjC.mm

⚠️  (node_modules/expo-modules-core/ios/Legacy/NativeModulesProxy/EXNativeModulesProxy.h:13:4)

  11 | @interface EXModulesProxyConfig : NSObject
  12 |
> 13 | - (instancetype)initWithConstants:(nonnull NSDictionary *)constants
     |    ^ pointer is missing a nullability type specifier [-Wnullability-completeness]
  14 |                       methodNames:(nonnull NSDictionary *)methodNames
  15 |                      viewManagers:(nonnull NSDictionary *)viewManagerMetadata;
  16 |


⚠️  (node_modules/expo-modules-core/ios/Legacy/NativeModulesProxy/EXNativeModulesProxy.h:29:61)

  27 | @interface EXNativeModulesProxy : NSObject <RCTBridgeModule>
  28 |
> 29 | @property(nonatomic, strong, readonly) EXModulesProxyConfig *nativeModulesConfig;
     |                                                             ^ pointer is missing a nullability type specifier [-Wnullability-completeness]
  30 |
  31 | - (nonnull instancetype)init;
  32 | - (nonnull instancetype)initWithModuleRegistry:(nullable EXModuleRegistry *)moduleRegistry;


⚠️  (node_modules/expo-modules-core/ios/Legacy/NativeModulesProxy/EXNativeModulesProxy.h:35:30)

  33 | - (nonnull instancetype)initWithCustomModuleRegistry:(nonnull EXModuleRegistry *)moduleRegistry;
  34 |
> 35 | - (void)callMethod:(NSString *)moduleName methodNameOrKey:(id)methodNameOrKey arguments:(NSArray *)arguments resolver:(RCTPromiseResolveBlock)resolve rejecter:(RCTPromiseRejectBlock)reject;
     |                              ^ pointer is missing a nullability type specifier [-Wnullability-completeness]
  36 |
  37 | @end
  38 |


⚠️  (node_modules/expo-modules-core/ios/Legacy/NativeModulesProxy/EXNativeModulesProxy.h:35:60)

  33 | - (nonnull instancetype)initWithCustomModuleRegistry:(nonnull EXModuleRegistry *)moduleRegistry;
  34 |
> 35 | - (void)callMethod:(NSString *)moduleName methodNameOrKey:(id)methodNameOrKey arguments:(NSArray *)arguments resolver:(RCTPromiseResolveBlock)resolve rejecter:(RCTPromiseRejectBlock)reject;
     |                                                            ^ pointer is missing a nullability type specifier [-Wnullability-completeness]
  36 |
  37 | @end
  38 |


⚠️  (node_modules/expo-modules-core/ios/Legacy/NativeModulesProxy/EXNativeModulesProxy.h:35:98)

  33 | - (nonnull instancetype)initWithCustomModuleRegistry:(nonnull EXModuleRegistry *)moduleRegistry;
  34 |
> 35 | - (void)callMethod:(NSString *)moduleName methodNameOrKey:(id)methodNameOrKey arguments:(NSArray *)arguments resolver:(RCTPromiseResolveBlock)resolve rejecter:(RCTPromiseRejectBlock)reject;
     |                                                                                                  ^ pointer is missing a nullability type specifier [-Wnullability-completeness]
  36 |
  37 | @end
  38 |


⚠️  (node_modules/expo-modules-core/ios/Legacy/NativeModulesProxy/EXNativeModulesProxy.h:35:120)

  33 | - (nonnull instancetype)initWithCustomModuleRegistry:(nonnull EXModuleRegistry *)moduleRegistry;
  34 |
> 35 | - (void)callMethod:(NSString *)moduleName methodNameOrKey:(id)methodNameOrKey arguments:(NSArray *)arguments resolver:(RCTPromiseResolveBlock)resolve rejecter:(RCTPromiseRejectBlock)reject;
     |                                                                                                                        ^ block pointer is missing a nullability type specifier [-Wnullability-completeness]
  36 |
  37 | @end
  38 |


⚠️  (node_modules/expo-modules-core/ios/Legacy/NativeModulesProxy/EXNativeModulesProxy.h:35:161)

  33 | - (nonnull instancetype)initWithCustomModuleRegistry:(nonnull EXModuleRegistry *)moduleRegistry;
  34 |
> 35 | - (void)callMethod:(NSString *)moduleName methodNameOrKey:(id)methodNameOrKey arguments:(NSArray *)arguments resolver:(RCTPromiseResolveBlock)resolve rejecter:(RCTPromiseRejectBlock)reject;
     |                                                                                                                                                                 ^ block pointer is missing a nullability type specifier [-Wnullability-completeness]
  36 |
  37 | @end
  38 |


⚠️  (node_modules/expo-modules-core/ios/EXLegacyExpoViewProtocol.h:11:4)

   9 | @protocol EXLegacyExpoViewProtocol
  10 |
> 11 | - (instancetype)initWithModuleRegistry:(nullable EXModuleRegistry *)moduleRegistry;
     |    ^ pointer is missing a nullability type specifier [-Wnullability-completeness]
  12 |
  13 | @end
  14 |


⚠️  (node_modules/expo-modules-core/ios/Interfaces/FileSystem/EXFileSystemInterface.h:14:42)

  12 | @protocol EXFileSystemInterface
  13 |
> 14 | @property (nonatomic, readonly) NSString *documentDirectory;
     |                                          ^ pointer is missing a nullability type specifier [-Wnullability-completeness]
  15 | @property (nonatomic, readonly) NSString *cachesDirectory;
  16 | @property (nonatomic, readonly) NSString *applicationSupportDirectory;
  17 |


⚠️  (node_modules/expo-modules-core/ios/Interfaces/FileSystem/EXFileSystemInterface.h:20:57)

  18 | // TODO: Move permissionsForURI to EXFileSystemManagerInterface
  19 | - (EXFileSystemPermissionFlags)permissionsForURI:(NSURL *)uri;
> 20 | - (nonnull NSString *)generatePathInDirectory:(NSString *)directory withExtension:(NSString *)extension;
     |                                                         ^ pointer is missing a nullability type specifier [-Wnullability-completeness]
  21 | - (BOOL)ensureDirExistsWithPath:(NSString *)path;
  22 |
  23 | @end


⚠️  (node_modules/expo-modules-core/ios/Interfaces/FileSystem/EXFileSystemInterface.h:20:93)

  18 | // TODO: Move permissionsForURI to EXFileSystemManagerInterface
  19 | - (EXFileSystemPermissionFlags)permissionsForURI:(NSURL *)uri;
> 20 | - (nonnull NSString *)generatePathInDirectory:(NSString *)directory withExtension:(NSString *)extension;
     |                                                                                             ^ pointer is missing a nullability type specifier [-Wnullability-completeness]
  21 | - (BOOL)ensureDirExistsWithPath:(NSString *)path;
  22 |
  23 | @end


⚠️  (node_modules/expo-modules-core/ios/Interfaces/FileSystem/EXFileSystemInterface.h:21:43)

  19 | - (EXFileSystemPermissionFlags)permissionsForURI:(NSURL *)uri;
  20 | - (nonnull NSString *)generatePathInDirectory:(NSString *)directory withExtension:(NSString *)extension;
> 21 | - (BOOL)ensureDirExistsWithPath:(NSString *)path;
     |                                           ^ pointer is missing a nullability type specifier [-Wnullability-completeness]
  22 |
  23 | @end
  24 |


⚠️  (node_modules/expo-modules-core/ios/JSI/EXJSIInstaller.h:39:79)

  37 |  Installs the base class for shared objects, i.e. `global.expo.SharedObject`.
  38 |  */
> 39 | + (void)installSharedObjectClass:(nonnull EXRuntime *)runtime releaser:(void (^)(long))releaser;
     |                                                                               ^ block pointer is missing a nullability type specifier [-Wnullability-completeness]
  40 |
  41 | /**
  42 |  Installs the base class for shared refs, i.e. `global.expo.SharedRef`.


⚠️  (node_modules/expo-modules-core/ios/JSI/EXJSIUtils.h:20:45)

  18 | #pragma mark - Promises
  19 |
> 20 |     using PromiseInvocationBlock = void (^)(RCTPromiseResolveBlock resolveWrapper, RCTPromiseRejectBlock rejectWrapper);
     |                                             ^ block pointer is missing a nullability type specifier [-Wnullability-completeness]
  21 |
  22 |     void callPromiseSetupWithBlock(jsi::Runtime &runtime, std::shared_ptr<react::CallInvoker> jsInvoker, std::shared_ptr<react::Promise> promise, PromiseInvocationBlock setupBlock);
  23 |

› Compiling expo-modules-core Pods/ExpoModulesCore » ExpoBridgeModule.mm

⚠️  (node_modules/expo-modules-core/ios/Legacy/NativeModulesProxy/EXNativeModulesProxy.h:13:4)

  11 | @interface EXModulesProxyConfig : NSObject
  12 |
> 13 | - (instancetype)initWithConstants:(nonnull NSDictionary *)constants
     |    ^ pointer is missing a nullability type specifier [-Wnullability-completeness]
  14 |                       methodNames:(nonnull NSDictionary *)methodNames
  15 |                      viewManagers:(nonnull NSDictionary *)viewManagerMetadata;
  16 |


⚠️  (node_modules/expo-modules-core/ios/Legacy/NativeModulesProxy/EXNativeModulesProxy.h:29:61)

  27 | @interface EXNativeModulesProxy : NSObject <RCTBridgeModule>
  28 |
> 29 | @property(nonatomic, strong, readonly) EXModulesProxyConfig *nativeModulesConfig;
     |                                                             ^ pointer is missing a nullability type specifier [-Wnullability-completeness]
  30 |
  31 | - (nonnull instancetype)init;
  32 | - (nonnull instancetype)initWithModuleRegistry:(nullable EXModuleRegistry *)moduleRegistry;


⚠️  (node_modules/expo-modules-core/ios/Legacy/NativeModulesProxy/EXNativeModulesProxy.h:35:30)

  33 | - (nonnull instancetype)initWithCustomModuleRegistry:(nonnull EXModuleRegistry *)moduleRegistry;
  34 |
> 35 | - (void)callMethod:(NSString *)moduleName methodNameOrKey:(id)methodNameOrKey arguments:(NSArray *)arguments resolver:(RCTPromiseResolveBlock)resolve rejecter:(RCTPromiseRejectBlock)reject;
     |                              ^ pointer is missing a nullability type specifier [-Wnullability-completeness]
  36 |
  37 | @end
  38 |


⚠️  (node_modules/expo-modules-core/ios/Legacy/NativeModulesProxy/EXNativeModulesProxy.h:35:60)

  33 | - (nonnull instancetype)initWithCustomModuleRegistry:(nonnull EXModuleRegistry *)moduleRegistry;
  34 |
> 35 | - (void)callMethod:(NSString *)moduleName methodNameOrKey:(id)methodNameOrKey arguments:(NSArray *)arguments resolver:(RCTPromiseResolveBlock)resolve rejecter:(RCTPromiseRejectBlock)reject;
     |                                                            ^ pointer is missing a nullability type specifier [-Wnullability-completeness]
  36 |
  37 | @end
  38 |


⚠️  (node_modules/expo-modules-core/ios/Legacy/NativeModulesProxy/EXNativeModulesProxy.h:35:98)

  33 | - (nonnull instancetype)initWithCustomModuleRegistry:(nonnull EXModuleRegistry *)moduleRegistry;
  34 |
> 35 | - (void)callMethod:(NSString *)moduleName methodNameOrKey:(id)methodNameOrKey arguments:(NSArray *)arguments resolver:(RCTPromiseResolveBlock)resolve rejecter:(RCTPromiseRejectBlock)reject;
     |                                                                                                  ^ pointer is missing a nullability type specifier [-Wnullability-completeness]
  36 |
  37 | @end
  38 |


⚠️  (node_modules/expo-modules-core/ios/Legacy/NativeModulesProxy/EXNativeModulesProxy.h:35:120)

  33 | - (nonnull instancetype)initWithCustomModuleRegistry:(nonnull EXModuleRegistry *)moduleRegistry;
  34 |
> 35 | - (void)callMethod:(NSString *)moduleName methodNameOrKey:(id)methodNameOrKey arguments:(NSArray *)arguments resolver:(RCTPromiseResolveBlock)resolve rejecter:(RCTPromiseRejectBlock)reject;
     |                                                                                                                        ^ block pointer is missing a nullability type specifier [-Wnullability-completeness]
  36 |
  37 | @end
  38 |


⚠️  (node_modules/expo-modules-core/ios/Legacy/NativeModulesProxy/EXNativeModulesProxy.h:35:161)

  33 | - (nonnull instancetype)initWithCustomModuleRegistry:(nonnull EXModuleRegistry *)moduleRegistry;
  34 |
> 35 | - (void)callMethod:(NSString *)moduleName methodNameOrKey:(id)methodNameOrKey arguments:(NSArray *)arguments resolver:(RCTPromiseResolveBlock)resolve rejecter:(RCTPromiseRejectBlock)reject;
     |                                                                                                                                                                 ^ block pointer is missing a nullability type specifier [-Wnullability-completeness]
  36 |
  37 | @end
  38 |


⚠️  (node_modules/expo-modules-core/ios/EXLegacyExpoViewProtocol.h:11:4)

   9 | @protocol EXLegacyExpoViewProtocol
  10 |
> 11 | - (instancetype)initWithModuleRegistry:(nullable EXModuleRegistry *)moduleRegistry;
     |    ^ pointer is missing a nullability type specifier [-Wnullability-completeness]
  12 |
  13 | @end
  14 |


⚠️  (node_modules/expo-modules-core/ios/Interfaces/FileSystem/EXFileSystemInterface.h:14:42)

  12 | @protocol EXFileSystemInterface
  13 |
> 14 | @property (nonatomic, readonly) NSString *documentDirectory;
     |                                          ^ pointer is missing a nullability type specifier [-Wnullability-completeness]
  15 | @property (nonatomic, readonly) NSString *cachesDirectory;
  16 | @property (nonatomic, readonly) NSString *applicationSupportDirectory;
  17 |


⚠️  (node_modules/expo-modules-core/ios/Interfaces/FileSystem/EXFileSystemInterface.h:20:57)

  18 | // TODO: Move permissionsForURI to EXFileSystemManagerInterface
  19 | - (EXFileSystemPermissionFlags)permissionsForURI:(NSURL *)uri;
> 20 | - (nonnull NSString *)generatePathInDirectory:(NSString *)directory withExtension:(NSString *)extension;
     |                                                         ^ pointer is missing a nullability type specifier [-Wnullability-completeness]
  21 | - (BOOL)ensureDirExistsWithPath:(NSString *)path;
  22 |
  23 | @end


⚠️  (node_modules/expo-modules-core/ios/Interfaces/FileSystem/EXFileSystemInterface.h:20:93)

  18 | // TODO: Move permissionsForURI to EXFileSystemManagerInterface
  19 | - (EXFileSystemPermissionFlags)permissionsForURI:(NSURL *)uri;
> 20 | - (nonnull NSString *)generatePathInDirectory:(NSString *)directory withExtension:(NSString *)extension;
     |                                                                                             ^ pointer is missing a nullability type specifier [-Wnullability-completeness]
  21 | - (BOOL)ensureDirExistsWithPath:(NSString *)path;
  22 |
  23 | @end


⚠️  (node_modules/expo-modules-core/ios/Interfaces/FileSystem/EXFileSystemInterface.h:21:43)

  19 | - (EXFileSystemPermissionFlags)permissionsForURI:(NSURL *)uri;
  20 | - (nonnull NSString *)generatePathInDirectory:(NSString *)directory withExtension:(NSString *)extension;
> 21 | - (BOOL)ensureDirExistsWithPath:(NSString *)path;
     |                                           ^ pointer is missing a nullability type specifier [-Wnullability-completeness]
  22 |
  23 | @end
  24 |


⚠️  (node_modules/expo-modules-core/ios/JSI/EXJSIInstaller.h:39:79)

  37 |  Installs the base class for shared objects, i.e. `global.expo.SharedObject`.
  38 |  */
> 39 | + (void)installSharedObjectClass:(nonnull EXRuntime *)runtime releaser:(void (^)(long))releaser;
     |                                                                               ^ block pointer is missing a nullability type specifier [-Wnullability-completeness]
  40 |
  41 | /**
  42 |  Installs the base class for shared refs, i.e. `global.expo.SharedRef`.


⚠️  (node_modules/expo-modules-core/ios/JSI/EXJSIUtils.h:20:45)

  18 | #pragma mark - Promises
  19 |
> 20 |     using PromiseInvocationBlock = void (^)(RCTPromiseResolveBlock resolveWrapper, RCTPromiseRejectBlock rejectWrapper);
     |                                             ^ block pointer is missing a nullability type specifier [-Wnullability-completeness]
  21 |
  22 |     void callPromiseSetupWithBlock(jsi::Runtime &runtime, std::shared_ptr<react::CallInvoker> jsInvoker, std::shared_ptr<react::Promise> promise, PromiseInvocationBlock setupBlock);
  23 |

› Compiling expo-modules-core Pods/ExpoModulesCore » EventEmitter.cpp
› Compiling expo-modules-core Pods/ExpoModulesCore » EXStringUtils.cpp
› Compiling expo-modules-core Pods/ExpoModulesCore » EXSharedObjectUtils.mm
› Compiling expo-modules-core Pods/ExpoModulesCore » EXReactNativeAdapter.mm
› Compiling expo-modules-core Pods/ExpoModulesCore » EXReactDelegateWrapper.mm

⚠️  (node_modules/expo-modules-core/ios/Legacy/NativeModulesProxy/EXNativeModulesProxy.h:13:4)

  11 | @interface EXModulesProxyConfig : NSObject
  12 |
> 13 | - (instancetype)initWithConstants:(nonnull NSDictionary *)constants
     |    ^ pointer is missing a nullability type specifier [-Wnullability-completeness]
  14 |                       methodNames:(nonnull NSDictionary *)methodNames
  15 |                      viewManagers:(nonnull NSDictionary *)viewManagerMetadata;
  16 |


⚠️  (node_modules/expo-modules-core/ios/Legacy/NativeModulesProxy/EXNativeModulesProxy.h:29:61)

  27 | @interface EXNativeModulesProxy : NSObject <RCTBridgeModule>
  28 |
> 29 | @property(nonatomic, strong, readonly) EXModulesProxyConfig *nativeModulesConfig;
     |                                                             ^ pointer is missing a nullability type specifier [-Wnullability-completeness]
  30 |
  31 | - (nonnull instancetype)init;
  32 | - (nonnull instancetype)initWithModuleRegistry:(nullable EXModuleRegistry *)moduleRegistry;


⚠️  (node_modules/expo-modules-core/ios/Legacy/NativeModulesProxy/EXNativeModulesProxy.h:35:30)

  33 | - (nonnull instancetype)initWithCustomModuleRegistry:(nonnull EXModuleRegistry *)moduleRegistry;
  34 |
> 35 | - (void)callMethod:(NSString *)moduleName methodNameOrKey:(id)methodNameOrKey arguments:(NSArray *)arguments resolver:(RCTPromiseResolveBlock)resolve rejecter:(RCTPromiseRejectBlock)reject;
     |                              ^ pointer is missing a nullability type specifier [-Wnullability-completeness]
  36 |
  37 | @end
  38 |


⚠️  (node_modules/expo-modules-core/ios/Legacy/NativeModulesProxy/EXNativeModulesProxy.h:35:60)

  33 | - (nonnull instancetype)initWithCustomModuleRegistry:(nonnull EXModuleRegistry *)moduleRegistry;
  34 |
> 35 | - (void)callMethod:(NSString *)moduleName methodNameOrKey:(id)methodNameOrKey arguments:(NSArray *)arguments resolver:(RCTPromiseResolveBlock)resolve rejecter:(RCTPromiseRejectBlock)reject;
     |                                                            ^ pointer is missing a nullability type specifier [-Wnullability-completeness]
  36 |
  37 | @end
  38 |


⚠️  (node_modules/expo-modules-core/ios/Legacy/NativeModulesProxy/EXNativeModulesProxy.h:35:98)

  33 | - (nonnull instancetype)initWithCustomModuleRegistry:(nonnull EXModuleRegistry *)moduleRegistry;
  34 |
> 35 | - (void)callMethod:(NSString *)moduleName methodNameOrKey:(id)methodNameOrKey arguments:(NSArray *)arguments resolver:(RCTPromiseResolveBlock)resolve rejecter:(RCTPromiseRejectBlock)reject;
     |                                                                                                  ^ pointer is missing a nullability type specifier [-Wnullability-completeness]
  36 |
  37 | @end
  38 |


⚠️  (node_modules/expo-modules-core/ios/Legacy/NativeModulesProxy/EXNativeModulesProxy.h:35:120)

  33 | - (nonnull instancetype)initWithCustomModuleRegistry:(nonnull EXModuleRegistry *)moduleRegistry;
  34 |
> 35 | - (void)callMethod:(NSString *)moduleName methodNameOrKey:(id)methodNameOrKey arguments:(NSArray *)arguments resolver:(RCTPromiseResolveBlock)resolve rejecter:(RCTPromiseRejectBlock)reject;
     |                                                                                                                        ^ block pointer is missing a nullability type specifier [-Wnullability-completeness]
  36 |
  37 | @end
  38 |


⚠️  (node_modules/expo-modules-core/ios/Legacy/NativeModulesProxy/EXNativeModulesProxy.h:35:161)

  33 | - (nonnull instancetype)initWithCustomModuleRegistry:(nonnull EXModuleRegistry *)moduleRegistry;
  34 |
> 35 | - (void)callMethod:(NSString *)moduleName methodNameOrKey:(id)methodNameOrKey arguments:(NSArray *)arguments resolver:(RCTPromiseResolveBlock)resolve rejecter:(RCTPromiseRejectBlock)reject;
     |                                                                                                                                                                 ^ block pointer is missing a nullability type specifier [-Wnullability-completeness]
  36 |
  37 | @end
  38 |


⚠️  (node_modules/expo-modules-core/ios/EXLegacyExpoViewProtocol.h:11:4)

   9 | @protocol EXLegacyExpoViewProtocol
  10 |
> 11 | - (instancetype)initWithModuleRegistry:(nullable EXModuleRegistry *)moduleRegistry;
     |    ^ pointer is missing a nullability type specifier [-Wnullability-completeness]
  12 |
  13 | @end
  14 |


⚠️  (node_modules/expo-modules-core/ios/Interfaces/FileSystem/EXFileSystemInterface.h:14:42)

  12 | @protocol EXFileSystemInterface
  13 |
> 14 | @property (nonatomic, readonly) NSString *documentDirectory;
     |                                          ^ pointer is missing a nullability type specifier [-Wnullability-completeness]
  15 | @property (nonatomic, readonly) NSString *cachesDirectory;
  16 | @property (nonatomic, readonly) NSString *applicationSupportDirectory;
  17 |


⚠️  (node_modules/expo-modules-core/ios/Interfaces/FileSystem/EXFileSystemInterface.h:20:57)

  18 | // TODO: Move permissionsForURI to EXFileSystemManagerInterface
  19 | - (EXFileSystemPermissionFlags)permissionsForURI:(NSURL *)uri;
> 20 | - (nonnull NSString *)generatePathInDirectory:(NSString *)directory withExtension:(NSString *)extension;
     |                                                         ^ pointer is missing a nullability type specifier [-Wnullability-completeness]
  21 | - (BOOL)ensureDirExistsWithPath:(NSString *)path;
  22 |
  23 | @end


⚠️  (node_modules/expo-modules-core/ios/Interfaces/FileSystem/EXFileSystemInterface.h:20:93)

  18 | // TODO: Move permissionsForURI to EXFileSystemManagerInterface
  19 | - (EXFileSystemPermissionFlags)permissionsForURI:(NSURL *)uri;
> 20 | - (nonnull NSString *)generatePathInDirectory:(NSString *)directory withExtension:(NSString *)extension;
     |                                                                                             ^ pointer is missing a nullability type specifier [-Wnullability-completeness]
  21 | - (BOOL)ensureDirExistsWithPath:(NSString *)path;
  22 |
  23 | @end


⚠️  (node_modules/expo-modules-core/ios/Interfaces/FileSystem/EXFileSystemInterface.h:21:43)

  19 | - (EXFileSystemPermissionFlags)permissionsForURI:(NSURL *)uri;
  20 | - (nonnull NSString *)generatePathInDirectory:(NSString *)directory withExtension:(NSString *)extension;
> 21 | - (BOOL)ensureDirExistsWithPath:(NSString *)path;
     |                                           ^ pointer is missing a nullability type specifier [-Wnullability-completeness]
  22 |
  23 | @end
  24 |


⚠️  (node_modules/expo-modules-core/ios/JSI/EXJSIInstaller.h:39:79)

  37 |  Installs the base class for shared objects, i.e. `global.expo.SharedObject`.
  38 |  */
> 39 | + (void)installSharedObjectClass:(nonnull EXRuntime *)runtime releaser:(void (^)(long))releaser;
     |                                                                               ^ block pointer is missing a nullability type specifier [-Wnullability-completeness]
  40 |
  41 | /**
  42 |  Installs the base class for shared refs, i.e. `global.expo.SharedRef`.


⚠️  (node_modules/expo-modules-core/ios/JSI/EXJSIUtils.h:20:45)

  18 | #pragma mark - Promises
  19 |
> 20 |     using PromiseInvocationBlock = void (^)(RCTPromiseResolveBlock resolveWrapper, RCTPromiseRejectBlock rejectWrapper);
     |                                             ^ block pointer is missing a nullability type specifier [-Wnullability-completeness]
  21 |
  22 |     void callPromiseSetupWithBlock(jsi::Runtime &runtime, std::shared_ptr<react::CallInvoker> jsInvoker, std::shared_ptr<react::Promise> promise, PromiseInvocationBlock setupBlock);
  23 |

› Compiling expo-modules-core Pods/ExpoModulesCore » EXRawJavaScriptFunction.mm
› Compiling expo-modules-core Pods/ExpoModulesCore » EXNativeModulesProxy.mm

⚠️  (node_modules/expo-modules-core/ios/Legacy/NativeModulesProxy/EXNativeModulesProxy.h:13:4)

  11 | @interface EXModulesProxyConfig : NSObject
  12 |
> 13 | - (instancetype)initWithConstants:(nonnull NSDictionary *)constants
     |    ^ pointer is missing a nullability type specifier [-Wnullability-completeness]
  14 |                       methodNames:(nonnull NSDictionary *)methodNames
  15 |                      viewManagers:(nonnull NSDictionary *)viewManagerMetadata;
  16 |


⚠️  (node_modules/expo-modules-core/ios/Legacy/NativeModulesProxy/EXNativeModulesProxy.h:29:61)

  27 | @interface EXNativeModulesProxy : NSObject <RCTBridgeModule>
  28 |
> 29 | @property(nonatomic, strong, readonly) EXModulesProxyConfig *nativeModulesConfig;
     |                                                             ^ pointer is missing a nullability type specifier [-Wnullability-completeness]
  30 |
  31 | - (nonnull instancetype)init;
  32 | - (nonnull instancetype)initWithModuleRegistry:(nullable EXModuleRegistry *)moduleRegistry;


⚠️  (node_modules/expo-modules-core/ios/Legacy/NativeModulesProxy/EXNativeModulesProxy.h:35:30)

  33 | - (nonnull instancetype)initWithCustomModuleRegistry:(nonnull EXModuleRegistry *)moduleRegistry;
  34 |
> 35 | - (void)callMethod:(NSString *)moduleName methodNameOrKey:(id)methodNameOrKey arguments:(NSArray *)arguments resolver:(RCTPromiseResolveBlock)resolve rejecter:(RCTPromiseRejectBlock)reject;
     |                              ^ pointer is missing a nullability type specifier [-Wnullability-completeness]
  36 |
  37 | @end
  38 |


⚠️  (node_modules/expo-modules-core/ios/Legacy/NativeModulesProxy/EXNativeModulesProxy.h:35:60)

  33 | - (nonnull instancetype)initWithCustomModuleRegistry:(nonnull EXModuleRegistry *)moduleRegistry;
  34 |
> 35 | - (void)callMethod:(NSString *)moduleName methodNameOrKey:(id)methodNameOrKey arguments:(NSArray *)arguments resolver:(RCTPromiseResolveBlock)resolve rejecter:(RCTPromiseRejectBlock)reject;
     |                                                            ^ pointer is missing a nullability type specifier [-Wnullability-completeness]
  36 |
  37 | @end
  38 |


⚠️  (node_modules/expo-modules-core/ios/Legacy/NativeModulesProxy/EXNativeModulesProxy.h:35:98)

  33 | - (nonnull instancetype)initWithCustomModuleRegistry:(nonnull EXModuleRegistry *)moduleRegistry;
  34 |
> 35 | - (void)callMethod:(NSString *)moduleName methodNameOrKey:(id)methodNameOrKey arguments:(NSArray *)arguments resolver:(RCTPromiseResolveBlock)resolve rejecter:(RCTPromiseRejectBlock)reject;
     |                                                                                                  ^ pointer is missing a nullability type specifier [-Wnullability-completeness]
  36 |
  37 | @end
  38 |


⚠️  (node_modules/expo-modules-core/ios/Legacy/NativeModulesProxy/EXNativeModulesProxy.h:35:120)

  33 | - (nonnull instancetype)initWithCustomModuleRegistry:(nonnull EXModuleRegistry *)moduleRegistry;
  34 |
> 35 | - (void)callMethod:(NSString *)moduleName methodNameOrKey:(id)methodNameOrKey arguments:(NSArray *)arguments resolver:(RCTPromiseResolveBlock)resolve rejecter:(RCTPromiseRejectBlock)reject;
     |                                                                                                                        ^ block pointer is missing a nullability type specifier [-Wnullability-completeness]
  36 |
  37 | @end
  38 |


⚠️  (node_modules/expo-modules-core/ios/Legacy/NativeModulesProxy/EXNativeModulesProxy.h:35:161)

  33 | - (nonnull instancetype)initWithCustomModuleRegistry:(nonnull EXModuleRegistry *)moduleRegistry;
  34 |
> 35 | - (void)callMethod:(NSString *)moduleName methodNameOrKey:(id)methodNameOrKey arguments:(NSArray *)arguments resolver:(RCTPromiseResolveBlock)resolve rejecter:(RCTPromiseRejectBlock)reject;
     |                                                                                                                                                                 ^ block pointer is missing a nullability type specifier [-Wnullability-completeness]
  36 |
  37 | @end
  38 |


⚠️  (node_modules/expo-modules-core/ios/JSI/EXJSIInstaller.h:39:79)

  37 |  Installs the base class for shared objects, i.e. `global.expo.SharedObject`.
  38 |  */
> 39 | + (void)installSharedObjectClass:(nonnull EXRuntime *)runtime releaser:(void (^)(long))releaser;
     |                                                                               ^ block pointer is missing a nullability type specifier [-Wnullability-completeness]
  40 |
  41 | /**
  42 |  Installs the base class for shared refs, i.e. `global.expo.SharedRef`.


⚠️  (node_modules/expo-modules-core/ios/EXLegacyExpoViewProtocol.h:11:4)

   9 | @protocol EXLegacyExpoViewProtocol
  10 |
> 11 | - (instancetype)initWithModuleRegistry:(nullable EXModuleRegistry *)moduleRegistry;
     |    ^ pointer is missing a nullability type specifier [-Wnullability-completeness]
  12 |
  13 | @end
  14 |


⚠️  (node_modules/expo-modules-core/ios/Interfaces/FileSystem/EXFileSystemInterface.h:14:42)

  12 | @protocol EXFileSystemInterface
  13 |
> 14 | @property (nonatomic, readonly) NSString *documentDirectory;
     |                                          ^ pointer is missing a nullability type specifier [-Wnullability-completeness]
  15 | @property (nonatomic, readonly) NSString *cachesDirectory;
  16 | @property (nonatomic, readonly) NSString *applicationSupportDirectory;
  17 |


⚠️  (node_modules/expo-modules-core/ios/Interfaces/FileSystem/EXFileSystemInterface.h:20:57)

  18 | // TODO: Move permissionsForURI to EXFileSystemManagerInterface
  19 | - (EXFileSystemPermissionFlags)permissionsForURI:(NSURL *)uri;
> 20 | - (nonnull NSString *)generatePathInDirectory:(NSString *)directory withExtension:(NSString *)extension;
     |                                                         ^ pointer is missing a nullability type specifier [-Wnullability-completeness]
  21 | - (BOOL)ensureDirExistsWithPath:(NSString *)path;
  22 |
  23 | @end


⚠️  (node_modules/expo-modules-core/ios/Interfaces/FileSystem/EXFileSystemInterface.h:20:93)

  18 | // TODO: Move permissionsForURI to EXFileSystemManagerInterface
  19 | - (EXFileSystemPermissionFlags)permissionsForURI:(NSURL *)uri;
> 20 | - (nonnull NSString *)generatePathInDirectory:(NSString *)directory withExtension:(NSString *)extension;
     |                                                                                             ^ pointer is missing a nullability type specifier [-Wnullability-completeness]
  21 | - (BOOL)ensureDirExistsWithPath:(NSString *)path;
  22 |
  23 | @end


⚠️  (node_modules/expo-modules-core/ios/Interfaces/FileSystem/EXFileSystemInterface.h:21:43)

  19 | - (EXFileSystemPermissionFlags)permissionsForURI:(NSURL *)uri;
  20 | - (nonnull NSString *)generatePathInDirectory:(NSString *)directory withExtension:(NSString *)extension;
> 21 | - (BOOL)ensureDirExistsWithPath:(NSString *)path;
     |                                           ^ pointer is missing a nullability type specifier [-Wnullability-completeness]
  22 |
  23 | @end
  24 |


⚠️  (node_modules/expo-modules-core/ios/JSI/EXJSIUtils.h:20:45)

  18 | #pragma mark - Promises
  19 |
> 20 |     using PromiseInvocationBlock = void (^)(RCTPromiseResolveBlock resolveWrapper, RCTPromiseRejectBlock rejectWrapper);
     |                                             ^ block pointer is missing a nullability type specifier [-Wnullability-completeness]
  21 |
  22 |     void callPromiseSetupWithBlock(jsi::Runtime &runtime, std::shared_ptr<react::CallInvoker> jsInvoker, std::shared_ptr<react::Promise> promise, PromiseInvocationBlock setupBlock);
  23 |


⚠️  (node_modules/expo-modules-core/ios/Legacy/NativeModulesProxy/EXNativeModulesProxy.mm:43:26)

  41 | {
  42 |   if (self = [super init]) {
> 43 |     _exportedConstants = constants;
     |                          ^ incompatible pointer types assigning to 'NSMutableDictionary *' from 'NSDictionary * _Nonnull' [-Wincompatible-pointer-types]
  44 |     _methodNames = methodNames;
  45 |     _viewManagerMetadata = viewManagerMetadata;
  46 |   }


⚠️  (node_modules/expo-modules-core/ios/Legacy/NativeModulesProxy/EXNativeModulesProxy.mm:44:20)

  42 |   if (self = [super init]) {
  43 |     _exportedConstants = constants;
> 44 |     _methodNames = methodNames;
     |                    ^ incompatible pointer types assigning to 'NSMutableDictionary *' from 'NSDictionary * _Nonnull' [-Wincompatible-pointer-types]
  45 |     _viewManagerMetadata = viewManagerMetadata;
  46 |   }
  47 |   return self;


⚠️  (node_modules/expo-modules-core/ios/Legacy/NativeModulesProxy/EXNativeModulesProxy.mm:45:28)

  43 |     _exportedConstants = constants;
  44 |     _methodNames = methodNames;
> 45 |     _viewManagerMetadata = viewManagerMetadata;
     |                            ^ incompatible pointer types assigning to 'NSMutableDictionary *' from 'NSDictionary * _Nonnull' [-Wincompatible-pointer-types]
  46 |   }
  47 |   return self;
  48 | }


⚠️  (node_modules/expo-modules-core/ios/Legacy/NativeModulesProxy/EXNativeModulesProxy.mm:107:93)

  105 | {
  106 |   if (self = [super init]) {
> 107 |     _exModuleRegistry = moduleRegistry != nil ? moduleRegistry : [[EXModuleRegistryProvider new] moduleRegistry];
      |                                                                                             ^ 'new' is deprecated: Expo modules are now being automatically registered. You can remove this method call. [-Wdeprecated-declarations]
  108 |     _exportedMethodsKeys = [NSMutableDictionary dictionary];
  109 |     _exportedMethodsReverseKeys = [NSMutableDictionary dictionary];
  110 |     _ownsModuleRegistry = moduleRegistry == nil;

› Compiling expo-modules-core Pods/ExpoModulesCore » EXJavaScriptWeakObject.mm

⚠️  (node_modules/expo-modules-core/ios/JSI/EXJSIUtils.h:20:45)

  18 | #pragma mark - Promises
  19 |
> 20 |     using PromiseInvocationBlock = void (^)(RCTPromiseResolveBlock resolveWrapper, RCTPromiseRejectBlock rejectWrapper);
     |                                             ^ block pointer is missing a nullability type specifier [-Wnullability-completeness]
  21 |
  22 |     void callPromiseSetupWithBlock(jsi::Runtime &runtime, std::shared_ptr<react::CallInvoker> jsInvoker, std::shared_ptr<react::Promise> promise, PromiseInvocationBlock setupBlock);
  23 |

› Compiling expo-modules-core Pods/ExpoModulesCore » EXJavaScriptValue.mm
› Compiling expo-modules-core Pods/ExpoModulesCore » EXJavaScriptTypedArray.mm
› Compiling expo-modules-core Pods/ExpoModulesCore » EXJavaScriptSharedObjectBinding.mm
› Compiling expo-modules-core Pods/ExpoModulesCore » EXJavaScriptRuntime.mm

⚠️  (node_modules/expo-modules-core/ios/JSI/EXJSIUtils.h:20:45)

  18 | #pragma mark - Promises
  19 |
> 20 |     using PromiseInvocationBlock = void (^)(RCTPromiseResolveBlock resolveWrapper, RCTPromiseRejectBlock rejectWrapper);
     |                                             ^ block pointer is missing a nullability type specifier [-Wnullability-completeness]
  21 |
  22 |     void callPromiseSetupWithBlock(jsi::Runtime &runtime, std::shared_ptr<react::CallInvoker> jsInvoker, std::shared_ptr<react::Promise> promise, PromiseInvocationBlock setupBlock);
  23 |


⚠️  (node_modules/expo-modules-core/ios/Legacy/NativeModulesProxy/EXNativeModulesProxy.h:13:4)

  11 | @interface EXModulesProxyConfig : NSObject
  12 |
> 13 | - (instancetype)initWithConstants:(nonnull NSDictionary *)constants
     |    ^ pointer is missing a nullability type specifier [-Wnullability-completeness]
  14 |                       methodNames:(nonnull NSDictionary *)methodNames
  15 |                      viewManagers:(nonnull NSDictionary *)viewManagerMetadata;
  16 |


⚠️  (node_modules/expo-modules-core/ios/Legacy/NativeModulesProxy/EXNativeModulesProxy.h:29:61)

  27 | @interface EXNativeModulesProxy : NSObject <RCTBridgeModule>
  28 |
> 29 | @property(nonatomic, strong, readonly) EXModulesProxyConfig *nativeModulesConfig;
     |                                                             ^ pointer is missing a nullability type specifier [-Wnullability-completeness]
  30 |
  31 | - (nonnull instancetype)init;
  32 | - (nonnull instancetype)initWithModuleRegistry:(nullable EXModuleRegistry *)moduleRegistry;


⚠️  (node_modules/expo-modules-core/ios/Legacy/NativeModulesProxy/EXNativeModulesProxy.h:35:30)

  33 | - (nonnull instancetype)initWithCustomModuleRegistry:(nonnull EXModuleRegistry *)moduleRegistry;
  34 |
> 35 | - (void)callMethod:(NSString *)moduleName methodNameOrKey:(id)methodNameOrKey arguments:(NSArray *)arguments resolver:(RCTPromiseResolveBlock)resolve rejecter:(RCTPromiseRejectBlock)reject;
     |                              ^ pointer is missing a nullability type specifier [-Wnullability-completeness]
  36 |
  37 | @end
  38 |


⚠️  (node_modules/expo-modules-core/ios/Legacy/NativeModulesProxy/EXNativeModulesProxy.h:35:60)

  33 | - (nonnull instancetype)initWithCustomModuleRegistry:(nonnull EXModuleRegistry *)moduleRegistry;
  34 |
> 35 | - (void)callMethod:(NSString *)moduleName methodNameOrKey:(id)methodNameOrKey arguments:(NSArray *)arguments resolver:(RCTPromiseResolveBlock)resolve rejecter:(RCTPromiseRejectBlock)reject;
     |                                                            ^ pointer is missing a nullability type specifier [-Wnullability-completeness]
  36 |
  37 | @end
  38 |


⚠️  (node_modules/expo-modules-core/ios/Legacy/NativeModulesProxy/EXNativeModulesProxy.h:35:98)

  33 | - (nonnull instancetype)initWithCustomModuleRegistry:(nonnull EXModuleRegistry *)moduleRegistry;
  34 |
> 35 | - (void)callMethod:(NSString *)moduleName methodNameOrKey:(id)methodNameOrKey arguments:(NSArray *)arguments resolver:(RCTPromiseResolveBlock)resolve rejecter:(RCTPromiseRejectBlock)reject;
     |                                                                                                  ^ pointer is missing a nullability type specifier [-Wnullability-completeness]
  36 |
  37 | @end
  38 |


⚠️  (node_modules/expo-modules-core/ios/Legacy/NativeModulesProxy/EXNativeModulesProxy.h:35:120)

  33 | - (nonnull instancetype)initWithCustomModuleRegistry:(nonnull EXModuleRegistry *)moduleRegistry;
  34 |
> 35 | - (void)callMethod:(NSString *)moduleName methodNameOrKey:(id)methodNameOrKey arguments:(NSArray *)arguments resolver:(RCTPromiseResolveBlock)resolve rejecter:(RCTPromiseRejectBlock)reject;
     |                                                                                                                        ^ block pointer is missing a nullability type specifier [-Wnullability-completeness]
  36 |
  37 | @end
  38 |


⚠️  (node_modules/expo-modules-core/ios/Legacy/NativeModulesProxy/EXNativeModulesProxy.h:35:161)

  33 | - (nonnull instancetype)initWithCustomModuleRegistry:(nonnull EXModuleRegistry *)moduleRegistry;
  34 |
> 35 | - (void)callMethod:(NSString *)moduleName methodNameOrKey:(id)methodNameOrKey arguments:(NSArray *)arguments resolver:(RCTPromiseResolveBlock)resolve rejecter:(RCTPromiseRejectBlock)reject;
     |                                                                                                                                                                 ^ block pointer is missing a nullability type specifier [-Wnullability-completeness]
  36 |
  37 | @end
  38 |


⚠️  (node_modules/expo-modules-core/ios/EXLegacyExpoViewProtocol.h:11:4)

   9 | @protocol EXLegacyExpoViewProtocol
  10 |
> 11 | - (instancetype)initWithModuleRegistry:(nullable EXModuleRegistry *)moduleRegistry;
     |    ^ pointer is missing a nullability type specifier [-Wnullability-completeness]
  12 |
  13 | @end
  14 |


⚠️  (node_modules/expo-modules-core/ios/Interfaces/FileSystem/EXFileSystemInterface.h:14:42)

  12 | @protocol EXFileSystemInterface
  13 |
> 14 | @property (nonatomic, readonly) NSString *documentDirectory;
     |                                          ^ pointer is missing a nullability type specifier [-Wnullability-completeness]
  15 | @property (nonatomic, readonly) NSString *cachesDirectory;
  16 | @property (nonatomic, readonly) NSString *applicationSupportDirectory;
  17 |


⚠️  (node_modules/expo-modules-core/ios/Interfaces/FileSystem/EXFileSystemInterface.h:20:57)

  18 | // TODO: Move permissionsForURI to EXFileSystemManagerInterface
  19 | - (EXFileSystemPermissionFlags)permissionsForURI:(NSURL *)uri;
> 20 | - (nonnull NSString *)generatePathInDirectory:(NSString *)directory withExtension:(NSString *)extension;
     |                                                         ^ pointer is missing a nullability type specifier [-Wnullability-completeness]
  21 | - (BOOL)ensureDirExistsWithPath:(NSString *)path;
  22 |
  23 | @end


⚠️  (node_modules/expo-modules-core/ios/Interfaces/FileSystem/EXFileSystemInterface.h:20:93)

  18 | // TODO: Move permissionsForURI to EXFileSystemManagerInterface
  19 | - (EXFileSystemPermissionFlags)permissionsForURI:(NSURL *)uri;
> 20 | - (nonnull NSString *)generatePathInDirectory:(NSString *)directory withExtension:(NSString *)extension;
     |                                                                                             ^ pointer is missing a nullability type specifier [-Wnullability-completeness]
  21 | - (BOOL)ensureDirExistsWithPath:(NSString *)path;
  22 |
  23 | @end


⚠️  (node_modules/expo-modules-core/ios/Interfaces/FileSystem/EXFileSystemInterface.h:21:43)

  19 | - (EXFileSystemPermissionFlags)permissionsForURI:(NSURL *)uri;
  20 | - (nonnull NSString *)generatePathInDirectory:(NSString *)directory withExtension:(NSString *)extension;
> 21 | - (BOOL)ensureDirExistsWithPath:(NSString *)path;
     |                                           ^ pointer is missing a nullability type specifier [-Wnullability-completeness]
  22 |
  23 | @end
  24 |


⚠️  (node_modules/expo-modules-core/ios/JSI/EXJSIInstaller.h:39:79)

  37 |  Installs the base class for shared objects, i.e. `global.expo.SharedObject`.
  38 |  */
> 39 | + (void)installSharedObjectClass:(nonnull EXRuntime *)runtime releaser:(void (^)(long))releaser;
     |                                                                               ^ block pointer is missing a nullability type specifier [-Wnullability-completeness]
  40 |
  41 | /**
  42 |  Installs the base class for shared refs, i.e. `global.expo.SharedRef`.


⚠️  (node_modules/expo-modules-core/ios/JSI/EXJavaScriptRuntime.mm:14:17)

  12 | #import <ExpoModulesCore/TestingJSCallInvoker.h>
  13 |
> 14 | @implementation EXJavaScriptRuntime {
     |                 ^ method definition for 'createClass:constructor:' not found [-Wincomplete-implementation]
  15 |   std::shared_ptr<jsi::Runtime> _runtime;
  16 |   std::shared_ptr<react::CallInvoker> _jsCallInvoker;
  17 | }

› Compiling expo-modules-core Pods/ExpoModulesCore » EXJavaScriptObject.mm

⚠️  (node_modules/expo-modules-core/ios/JSI/EXJSIUtils.h:20:45)

  18 | #pragma mark - Promises
  19 |
> 20 |     using PromiseInvocationBlock = void (^)(RCTPromiseResolveBlock resolveWrapper, RCTPromiseRejectBlock rejectWrapper);
     |                                             ^ block pointer is missing a nullability type specifier [-Wnullability-completeness]
  21 |
  22 |     void callPromiseSetupWithBlock(jsi::Runtime &runtime, std::shared_ptr<react::CallInvoker> jsInvoker, std::shared_ptr<react::Promise> promise, PromiseInvocationBlock setupBlock);
  23 |

› Compiling expo-modules-core Pods/ExpoModulesCore » EXJSIUtils.mm

⚠️  (node_modules/expo-modules-core/ios/JSI/EXJSIUtils.h:20:45)

  18 | #pragma mark - Promises
  19 |
> 20 |     using PromiseInvocationBlock = void (^)(RCTPromiseResolveBlock resolveWrapper, RCTPromiseRejectBlock rejectWrapper);
     |                                             ^ block pointer is missing a nullability type specifier [-Wnullability-completeness]
  21 |
  22 |     void callPromiseSetupWithBlock(jsi::Runtime &runtime, std::shared_ptr<react::CallInvoker> jsInvoker, std::shared_ptr<react::Promise> promise, PromiseInvocationBlock setupBlock);
  23 |

› Compiling expo-modules-core Pods/ExpoModulesCore » EXJSIInstaller.mm

⚠️  (node_modules/expo-modules-core/ios/JSI/EXJSIInstaller.h:39:79)

  37 |  Installs the base class for shared objects, i.e. `global.expo.SharedObject`.
  38 |  */
> 39 | + (void)installSharedObjectClass:(nonnull EXRuntime *)runtime releaser:(void (^)(long))releaser;
     |                                                                               ^ block pointer is missing a nullability type specifier [-Wnullability-completeness]
  40 |
  41 | /**
  42 |  Installs the base class for shared refs, i.e. `global.expo.SharedRef`.


⚠️  (node_modules/expo-modules-core/ios/Legacy/NativeModulesProxy/EXNativeModulesProxy.h:13:4)

  11 | @interface EXModulesProxyConfig : NSObject
  12 |
> 13 | - (instancetype)initWithConstants:(nonnull NSDictionary *)constants
     |    ^ pointer is missing a nullability type specifier [-Wnullability-completeness]
  14 |                       methodNames:(nonnull NSDictionary *)methodNames
  15 |                      viewManagers:(nonnull NSDictionary *)viewManagerMetadata;
  16 |


⚠️  (node_modules/expo-modules-core/ios/Legacy/NativeModulesProxy/EXNativeModulesProxy.h:29:61)

  27 | @interface EXNativeModulesProxy : NSObject <RCTBridgeModule>
  28 |
> 29 | @property(nonatomic, strong, readonly) EXModulesProxyConfig *nativeModulesConfig;
     |                                                             ^ pointer is missing a nullability type specifier [-Wnullability-completeness]
  30 |
  31 | - (nonnull instancetype)init;
  32 | - (nonnull instancetype)initWithModuleRegistry:(nullable EXModuleRegistry *)moduleRegistry;


⚠️  (node_modules/expo-modules-core/ios/Legacy/NativeModulesProxy/EXNativeModulesProxy.h:35:30)

  33 | - (nonnull instancetype)initWithCustomModuleRegistry:(nonnull EXModuleRegistry *)moduleRegistry;
  34 |
> 35 | - (void)callMethod:(NSString *)moduleName methodNameOrKey:(id)methodNameOrKey arguments:(NSArray *)arguments resolver:(RCTPromiseResolveBlock)resolve rejecter:(RCTPromiseRejectBlock)reject;
     |                              ^ pointer is missing a nullability type specifier [-Wnullability-completeness]
  36 |
  37 | @end
  38 |


⚠️  (node_modules/expo-modules-core/ios/Legacy/NativeModulesProxy/EXNativeModulesProxy.h:35:60)

  33 | - (nonnull instancetype)initWithCustomModuleRegistry:(nonnull EXModuleRegistry *)moduleRegistry;
  34 |
> 35 | - (void)callMethod:(NSString *)moduleName methodNameOrKey:(id)methodNameOrKey arguments:(NSArray *)arguments resolver:(RCTPromiseResolveBlock)resolve rejecter:(RCTPromiseRejectBlock)reject;
     |                                                            ^ pointer is missing a nullability type specifier [-Wnullability-completeness]
  36 |
  37 | @end
  38 |


⚠️  (node_modules/expo-modules-core/ios/Legacy/NativeModulesProxy/EXNativeModulesProxy.h:35:98)

  33 | - (nonnull instancetype)initWithCustomModuleRegistry:(nonnull EXModuleRegistry *)moduleRegistry;
  34 |
> 35 | - (void)callMethod:(NSString *)moduleName methodNameOrKey:(id)methodNameOrKey arguments:(NSArray *)arguments resolver:(RCTPromiseResolveBlock)resolve rejecter:(RCTPromiseRejectBlock)reject;
     |                                                                                                  ^ pointer is missing a nullability type specifier [-Wnullability-completeness]
  36 |
  37 | @end
  38 |


⚠️  (node_modules/expo-modules-core/ios/Legacy/NativeModulesProxy/EXNativeModulesProxy.h:35:120)

  33 | - (nonnull instancetype)initWithCustomModuleRegistry:(nonnull EXModuleRegistry *)moduleRegistry;
  34 |
> 35 | - (void)callMethod:(NSString *)moduleName methodNameOrKey:(id)methodNameOrKey arguments:(NSArray *)arguments resolver:(RCTPromiseResolveBlock)resolve rejecter:(RCTPromiseRejectBlock)reject;
     |                                                                                                                        ^ block pointer is missing a nullability type specifier [-Wnullability-completeness]
  36 |
  37 | @end
  38 |


⚠️  (node_modules/expo-modules-core/ios/Legacy/NativeModulesProxy/EXNativeModulesProxy.h:35:161)

  33 | - (nonnull instancetype)initWithCustomModuleRegistry:(nonnull EXModuleRegistry *)moduleRegistry;
  34 |
> 35 | - (void)callMethod:(NSString *)moduleName methodNameOrKey:(id)methodNameOrKey arguments:(NSArray *)arguments resolver:(RCTPromiseResolveBlock)resolve rejecter:(RCTPromiseRejectBlock)reject;
     |                                                                                                                                                                 ^ block pointer is missing a nullability type specifier [-Wnullability-completeness]
  36 |
  37 | @end
  38 |


⚠️  (node_modules/expo-modules-core/ios/EXLegacyExpoViewProtocol.h:11:4)

   9 | @protocol EXLegacyExpoViewProtocol
  10 |
> 11 | - (instancetype)initWithModuleRegistry:(nullable EXModuleRegistry *)moduleRegistry;
     |    ^ pointer is missing a nullability type specifier [-Wnullability-completeness]
  12 |
  13 | @end
  14 |


⚠️  (node_modules/expo-modules-core/ios/Interfaces/FileSystem/EXFileSystemInterface.h:14:42)

  12 | @protocol EXFileSystemInterface
  13 |
> 14 | @property (nonatomic, readonly) NSString *documentDirectory;
     |                                          ^ pointer is missing a nullability type specifier [-Wnullability-completeness]
  15 | @property (nonatomic, readonly) NSString *cachesDirectory;
  16 | @property (nonatomic, readonly) NSString *applicationSupportDirectory;
  17 |


⚠️  (node_modules/expo-modules-core/ios/Interfaces/FileSystem/EXFileSystemInterface.h:20:57)

  18 | // TODO: Move permissionsForURI to EXFileSystemManagerInterface
  19 | - (EXFileSystemPermissionFlags)permissionsForURI:(NSURL *)uri;
> 20 | - (nonnull NSString *)generatePathInDirectory:(NSString *)directory withExtension:(NSString *)extension;
     |                                                         ^ pointer is missing a nullability type specifier [-Wnullability-completeness]
  21 | - (BOOL)ensureDirExistsWithPath:(NSString *)path;
  22 |
  23 | @end


⚠️  (node_modules/expo-modules-core/ios/Interfaces/FileSystem/EXFileSystemInterface.h:20:93)

  18 | // TODO: Move permissionsForURI to EXFileSystemManagerInterface
  19 | - (EXFileSystemPermissionFlags)permissionsForURI:(NSURL *)uri;
> 20 | - (nonnull NSString *)generatePathInDirectory:(NSString *)directory withExtension:(NSString *)extension;
     |                                                                                             ^ pointer is missing a nullability type specifier [-Wnullability-completeness]
  21 | - (BOOL)ensureDirExistsWithPath:(NSString *)path;
  22 |
  23 | @end


⚠️  (node_modules/expo-modules-core/ios/Interfaces/FileSystem/EXFileSystemInterface.h:21:43)

  19 | - (EXFileSystemPermissionFlags)permissionsForURI:(NSURL *)uri;
  20 | - (nonnull NSString *)generatePathInDirectory:(NSString *)directory withExtension:(NSString *)extension;
> 21 | - (BOOL)ensureDirExistsWithPath:(NSString *)path;
     |                                           ^ pointer is missing a nullability type specifier [-Wnullability-completeness]
  22 |
  23 | @end
  24 |


⚠️  (node_modules/expo-modules-core/ios/JSI/EXJSIUtils.h:20:45)

  18 | #pragma mark - Promises
  19 |
> 20 |     using PromiseInvocationBlock = void (^)(RCTPromiseResolveBlock resolveWrapper, RCTPromiseRejectBlock rejectWrapper);
     |                                             ^ block pointer is missing a nullability type specifier [-Wnullability-completeness]
  21 |
  22 |     void callPromiseSetupWithBlock(jsi::Runtime &runtime, std::shared_ptr<react::CallInvoker> jsInvoker, std::shared_ptr<react::Promise> promise, PromiseInvocationBlock setupBlock);
  23 |

› Compiling expo-modules-core Pods/ExpoModulesCore » EXJSIConversions.mm
› Packaging react-native-safe-area-context Pods/react-native-safe-area-context » libreact-native-safe-area-context.a
› Packaging formcam Pods/ReactAppDependencyProvider » libReactAppDependencyProvider.a
› Packaging react-native-vector-icons Pods/RNVectorIcons » libRNVectorIcons.a
› Packaging react-native-screens Pods/RNScreens » libRNScreens.a
› Packaging react-native-gesture-handler Pods/RNGestureHandler » libRNGestureHandler.a
› Packaging @react-native-community/datetimepicker Pods/RNDateTimePicker » libRNDateTimePicker.a
› Packaging @react-native-async-storage/async-storage Pods/RNCAsyncStorage » libRNCAsyncStorage.a
› Compiling react-native-reanimated Pods/RNReanimated » RNReanimated-dummy.m
› Compiling react-native-reanimated Pods/RNReanimated » ReanimatedSensorContainer.m
› Compiling react-native-reanimated Pods/RNReanimated » ReanimatedSensor.m

⚠️  (node_modules/react-native-reanimated/apple/reanimated/apple/sensor/ReanimatedSensor.m:199:51)

  197 |   UIInterfaceOrientation orientation = UIInterfaceOrientationPortrait;
  198 |   if (@available(iOS 13.0, *)) {
> 199 |     orientation = UIApplication.sharedApplication.windows.firstObject.windowScene.interfaceOrientation;
      |                                                   ^ 'windows' is deprecated: first deprecated in iOS 15.0 - Use UIWindowScene.windows on a relevant window scene instead [-Wdeprecated-declarations]
  200 |   } else {
  201 |     orientation = UIApplication.sharedApplication.statusBarOrientation;
  202 |   }


⚠️  (node_modules/react-native-reanimated/apple/reanimated/apple/sensor/ReanimatedSensor.m:201:51)

  199 |     orientation = UIApplication.sharedApplication.windows.firstObject.windowScene.interfaceOrientation;
  200 |   } else {
> 201 |     orientation = UIApplication.sharedApplication.statusBarOrientation;
      |                                                   ^ 'statusBarOrientation' is deprecated: first deprecated in iOS 13.0 - Use the interfaceOrientation property of the window scene instead. [-Wdeprecated-declarations]
  202 |   }
  203 |   switch (orientation) {
  204 |     case UIInterfaceOrientationLandscapeLeft:

› Compiling react-native-reanimated Pods/RNReanimated » REAUtils.m
› Compiling react-native-reanimated Pods/RNReanimated » REASharedElement.m
› Compiling react-native-reanimated Pods/RNReanimated » REAScreensHelper.m

⚠️  (node_modules/react-native-reanimated/apple/reanimated/apple/LayoutReanimation/REAScreensHelper.m:3:17)

  1 | #import <reanimated/apple/LayoutReanimation/REAScreensHelper.h>
  2 |
> 3 | @implementation REAScreensHelper
    |                 ^ method definition for 'findTopScreenInChildren:' not found [-Wincomplete-implementation]
  4 |
  5 | #if LOAD_SCREENS_HEADERS
  6 |


⚠️  (node_modules/react-native-reanimated/apple/reanimated/apple/LayoutReanimation/REAScreensHelper.m:3:17)

  1 | #import <reanimated/apple/LayoutReanimation/REAScreensHelper.h>
  2 |
> 3 | @implementation REAScreensHelper
    |                 ^ method definition for 'getActiveTabForTabNavigator:' not found [-Wincomplete-implementation]
  4 |
  5 | #if LOAD_SCREENS_HEADERS
  6 |


⚠️  (node_modules/react-native-reanimated/apple/reanimated/apple/LayoutReanimation/REAScreensHelper.m:3:17)

  1 | #import <reanimated/apple/LayoutReanimation/REAScreensHelper.h>
  2 |
> 3 | @implementation REAScreensHelper
    |                 ^ method definition for 'isView:DescendantOfScreen:' not found [-Wincomplete-implementation]
  4 |
  5 | #if LOAD_SCREENS_HEADERS
  6 |


⚠️  (node_modules/react-native-reanimated/apple/reanimated/apple/LayoutReanimation/REAScreensHelper.m:3:17)

  1 | #import <reanimated/apple/LayoutReanimation/REAScreensHelper.h>
  2 |
> 3 | @implementation REAScreensHelper
    |                 ^ method definition for 'isViewOnTopOfScreenStack:' not found [-Wincomplete-implementation]
  4 |
  5 | #if LOAD_SCREENS_HEADERS
  6 |

› Compiling react-native-reanimated Pods/RNReanimated » REAFrame.m
› Compiling react-native-reanimated Pods/RNReanimated » RCTUIView+Reanimated.m
› Compiling react-native-reanimated Pods/RNReanimated » RCTEventDispatcher+Reanimated.m
› Compiling react-native-reanimated Pods/RNReanimated » REASnapshot.m
› Compiling react-native-reanimated Pods/RNReanimated » REASharedTransitionManager.m

⚠️  (ios/Pods/Headers/Private/RNReanimated/reanimated/apple/REANodesManager.h:18:37)

  16 |
  17 | #ifdef RCT_NEW_ARCH_ENABLED
> 18 | typedef void (^REAPerformOperations)();
     |                                     ^ a block declaration without a prototype is deprecated  [-Wstrict-prototypes]
  19 | #endif
  20 |
  21 | @interface REANodesManager : NSObject


⚠️  (ios/Pods/Headers/Private/RNReanimated/reanimated/apple/REANodesManager.h:12:55)

  10 | @class REAModule;
  11 |
> 12 | typedef void (^REAOnAnimationCallback)(READisplayLink *displayLink);
     |                                                       ^ pointer is missing a nullability type specifier [-Wnullability-completeness]
  13 | typedef void (^REANativeAnimationOp)(RCTUIManager *uiManager);
  14 | typedef void (^REAEventHandler)(id<RCTEvent> event);
  15 | typedef void (^CADisplayLinkOperation)(READisplayLink *displayLink);


⚠️  (ios/Pods/Headers/Private/RNReanimated/reanimated/apple/REANodesManager.h:31:51)

  29 |
  30 | #ifdef RCT_NEW_ARCH_ENABLED
> 31 | - (nonnull instancetype)initWithModule:(REAModule *)reanimatedModule
     |                                                   ^ pointer is missing a nullability type specifier [-Wnullability-completeness]
  32 |                                 bridge:(RCTBridge *)bridge
  33 |                       surfacePresenter:(id<RCTSurfacePresenterStub>)surfacePresenter;
  34 | #else


⚠️  (ios/Pods/Headers/Private/RNReanimated/reanimated/apple/REANodesManager.h:32:51)

  30 | #ifdef RCT_NEW_ARCH_ENABLED
  31 | - (nonnull instancetype)initWithModule:(REAModule *)reanimatedModule
> 32 |                                 bridge:(RCTBridge *)bridge
     |                                                   ^ pointer is missing a nullability type specifier [-Wnullability-completeness]
  33 |                       surfacePresenter:(id<RCTSurfacePresenterStub>)surfacePresenter;
  34 | #else
  35 | - (instancetype)initWithModule:(REAModule *)reanimatedModule uiManager:(RCTUIManager *)uiManager;


⚠️  (ios/Pods/Headers/Private/RNReanimated/reanimated/apple/REANodesManager.h:33:41)

  31 | - (nonnull instancetype)initWithModule:(REAModule *)reanimatedModule
  32 |                                 bridge:(RCTBridge *)bridge
> 33 |                       surfacePresenter:(id<RCTSurfacePresenterStub>)surfacePresenter;
     |                                         ^ pointer is missing a nullability type specifier [-Wnullability-completeness]
  34 | #else
  35 | - (instancetype)initWithModule:(REAModule *)reanimatedModule uiManager:(RCTUIManager *)uiManager;
  36 | #endif // RCT_NEW_ARCH_ENABLED


⚠️  (ios/Pods/Headers/Private/RNReanimated/reanimated/apple/REANodesManager.h:40:26)

  38 | - (void)operationsBatchDidComplete;
  39 |
> 40 | - (void)postOnAnimation:(REAOnAnimationCallback)clb;
     |                          ^ block pointer is missing a nullability type specifier [-Wnullability-completeness]
  41 | - (void)registerEventHandler:(REAEventHandler)eventHandler;
  42 | - (void)dispatchEvent:(id<RCTEvent>)event;
  43 |


⚠️  (ios/Pods/Headers/Private/RNReanimated/reanimated/apple/REANodesManager.h:41:31)

  39 |
  40 | - (void)postOnAnimation:(REAOnAnimationCallback)clb;
> 41 | - (void)registerEventHandler:(REAEventHandler)eventHandler;
     |                               ^ block pointer is missing a nullability type specifier [-Wnullability-completeness]
  42 | - (void)dispatchEvent:(id<RCTEvent>)event;
  43 |
  44 | #ifdef RCT_NEW_ARCH_ENABLED


⚠️  (ios/Pods/Headers/Private/RNReanimated/reanimated/apple/REANodesManager.h:42:24)

  40 | - (void)postOnAnimation:(REAOnAnimationCallback)clb;
  41 | - (void)registerEventHandler:(REAEventHandler)eventHandler;
> 42 | - (void)dispatchEvent:(id<RCTEvent>)event;
     |                        ^ pointer is missing a nullability type specifier [-Wnullability-completeness]
  43 |
  44 | #ifdef RCT_NEW_ARCH_ENABLED
  45 | - (void)registerPerformOperations:(REAPerformOperations)performOperations;


⚠️  (ios/Pods/Headers/Private/RNReanimated/reanimated/apple/REANodesManager.h:45:36)

  43 |
  44 | #ifdef RCT_NEW_ARCH_ENABLED
> 45 | - (void)registerPerformOperations:(REAPerformOperations)performOperations;
     |                                    ^ block pointer is missing a nullability type specifier [-Wnullability-completeness]
  46 | #else
  47 | - (void)configureUiProps:(nonnull NSSet<NSString *> *)uiPropsSet
  48 |           andNativeProps:(nonnull NSSet<NSString *> *)nativePropsSet;

› Compiling react-native-reanimated Pods/RNReanimated » REAAnimationsManager.m

⚠️  (ios/Pods/Headers/Private/RNReanimated/reanimated/apple/REANodesManager.h:18:37)

  16 |
  17 | #ifdef RCT_NEW_ARCH_ENABLED
> 18 | typedef void (^REAPerformOperations)();
     |                                     ^ a block declaration without a prototype is deprecated  [-Wstrict-prototypes]
  19 | #endif
  20 |
  21 | @interface REANodesManager : NSObject


⚠️  (ios/Pods/Headers/Private/RNReanimated/reanimated/apple/REANodesManager.h:12:55)

  10 | @class REAModule;
  11 |
> 12 | typedef void (^REAOnAnimationCallback)(READisplayLink *displayLink);
     |                                                       ^ pointer is missing a nullability type specifier [-Wnullability-completeness]
  13 | typedef void (^REANativeAnimationOp)(RCTUIManager *uiManager);
  14 | typedef void (^REAEventHandler)(id<RCTEvent> event);
  15 | typedef void (^CADisplayLinkOperation)(READisplayLink *displayLink);


⚠️  (ios/Pods/Headers/Private/RNReanimated/reanimated/apple/REANodesManager.h:31:51)

  29 |
  30 | #ifdef RCT_NEW_ARCH_ENABLED
> 31 | - (nonnull instancetype)initWithModule:(REAModule *)reanimatedModule
     |                                                   ^ pointer is missing a nullability type specifier [-Wnullability-completeness]
  32 |                                 bridge:(RCTBridge *)bridge
  33 |                       surfacePresenter:(id<RCTSurfacePresenterStub>)surfacePresenter;
  34 | #else


⚠️  (ios/Pods/Headers/Private/RNReanimated/reanimated/apple/REANodesManager.h:32:51)

  30 | #ifdef RCT_NEW_ARCH_ENABLED
  31 | - (nonnull instancetype)initWithModule:(REAModule *)reanimatedModule
> 32 |                                 bridge:(RCTBridge *)bridge
     |                                                   ^ pointer is missing a nullability type specifier [-Wnullability-completeness]
  33 |                       surfacePresenter:(id<RCTSurfacePresenterStub>)surfacePresenter;
  34 | #else
  35 | - (instancetype)initWithModule:(REAModule *)reanimatedModule uiManager:(RCTUIManager *)uiManager;


⚠️  (ios/Pods/Headers/Private/RNReanimated/reanimated/apple/REANodesManager.h:33:41)

  31 | - (nonnull instancetype)initWithModule:(REAModule *)reanimatedModule
  32 |                                 bridge:(RCTBridge *)bridge
> 33 |                       surfacePresenter:(id<RCTSurfacePresenterStub>)surfacePresenter;
     |                                         ^ pointer is missing a nullability type specifier [-Wnullability-completeness]
  34 | #else
  35 | - (instancetype)initWithModule:(REAModule *)reanimatedModule uiManager:(RCTUIManager *)uiManager;
  36 | #endif // RCT_NEW_ARCH_ENABLED


⚠️  (ios/Pods/Headers/Private/RNReanimated/reanimated/apple/REANodesManager.h:40:26)

  38 | - (void)operationsBatchDidComplete;
  39 |
> 40 | - (void)postOnAnimation:(REAOnAnimationCallback)clb;
     |                          ^ block pointer is missing a nullability type specifier [-Wnullability-completeness]
  41 | - (void)registerEventHandler:(REAEventHandler)eventHandler;
  42 | - (void)dispatchEvent:(id<RCTEvent>)event;
  43 |


⚠️  (ios/Pods/Headers/Private/RNReanimated/reanimated/apple/REANodesManager.h:41:31)

  39 |
  40 | - (void)postOnAnimation:(REAOnAnimationCallback)clb;
> 41 | - (void)registerEventHandler:(REAEventHandler)eventHandler;
     |                               ^ block pointer is missing a nullability type specifier [-Wnullability-completeness]
  42 | - (void)dispatchEvent:(id<RCTEvent>)event;
  43 |
  44 | #ifdef RCT_NEW_ARCH_ENABLED


⚠️  (ios/Pods/Headers/Private/RNReanimated/reanimated/apple/REANodesManager.h:42:24)

  40 | - (void)postOnAnimation:(REAOnAnimationCallback)clb;
  41 | - (void)registerEventHandler:(REAEventHandler)eventHandler;
> 42 | - (void)dispatchEvent:(id<RCTEvent>)event;
     |                        ^ pointer is missing a nullability type specifier [-Wnullability-completeness]
  43 |
  44 | #ifdef RCT_NEW_ARCH_ENABLED
  45 | - (void)registerPerformOperations:(REAPerformOperations)performOperations;


⚠️  (ios/Pods/Headers/Private/RNReanimated/reanimated/apple/REANodesManager.h:45:36)

  43 |
  44 | #ifdef RCT_NEW_ARCH_ENABLED
> 45 | - (void)registerPerformOperations:(REAPerformOperations)performOperations;
     |                                    ^ block pointer is missing a nullability type specifier [-Wnullability-completeness]
  46 | #else
  47 | - (void)configureUiProps:(nonnull NSSet<NSString *> *)uiPropsSet
  48 |           andNativeProps:(nonnull NSSet<NSString *> *)nativePropsSet;

› Packaging react-native-reanimated Pods/RNReanimated » libRNReanimated.a
› Compiling expo-modules-core Pods/ExpoModulesCore » CoreModuleHelper.m
› Compiling expo-modules-core Pods/ExpoModulesCore » EXAppDefines.m
› Compiling expo-modules-core Pods/ExpoModulesCore » EXExportedModule.m
› Compiling expo-modules-core Pods/ExpoModulesCore » EXUtilities.m

⚠️  (node_modules/expo-modules-core/ios/Legacy/EXUtilities.m:49:70)

  47 |   }
  48 |
> 49 |   UIViewController *controller = [[[UIApplication sharedApplication] keyWindow] rootViewController];
     |                                                                      ^ 'keyWindow' is deprecated: first deprecated in iOS 13.0 - Should not be used for applications that support multiple scenes as it returns a key window across all connected scenes [-Wdeprecated-declarations]
  50 |   UIViewController *presentedController = controller.presentedViewController;
  51 |
  52 |   while (presentedController && ![presentedController isBeingDismissed]) {

› Compiling expo-modules-core Pods/ExpoModulesCore » EXSingletonModule.m
› Compiling expo-modules-core Pods/ExpoModulesCore » EXReactNativeUserNotificationCenterProxy.m
› Compiling expo-modules-core Pods/ExpoModulesCore » EXReactLogHandler.m
› Compiling expo-modules-core Pods/ExpoModulesCore » EXPermissionsService.m
› Compiling expo-modules-core Pods/ExpoModulesCore » EXPermissionsMethodsDelegate.m
› Compiling expo-modules-core Pods/ExpoModulesCore » EXModuleRegistryHolderReactModule.m

⚠️  (node_modules/expo-modules-core/ios/Legacy/ModuleRegistryAdapter/EXModuleRegistryHolderReactModule.h:7:58)

   5 | #import <ExpoModulesCore/EXModuleRegistry.h>
   6 |
>  7 | @interface EXModuleRegistryHolderReactModule : NSObject <RCTBridgeModule>
     |                                                          ^ cannot find protocol definition for 'RCTBridgeModule'
   8 |
   9 | - (nonnull instancetype)initWithModuleRegistry:(nonnull EXModuleRegistry *)moduleRegistry;
  10 | - (nullable EXModuleRegistry *)exModuleRegistry;

› Compiling expo-modules-core Pods/ExpoModulesCore » EXModuleRegistryAdapter.m

⚠️  (node_modules/expo-modules-core/ios/Legacy/NativeModulesProxy/EXNativeModulesProxy.h:13:4)

  11 | @interface EXModulesProxyConfig : NSObject
  12 |
> 13 | - (instancetype)initWithConstants:(nonnull NSDictionary *)constants
     |    ^ pointer is missing a nullability type specifier [-Wnullability-completeness]
  14 |                       methodNames:(nonnull NSDictionary *)methodNames
  15 |                      viewManagers:(nonnull NSDictionary *)viewManagerMetadata;
  16 |


⚠️  (node_modules/expo-modules-core/ios/Legacy/NativeModulesProxy/EXNativeModulesProxy.h:29:61)

  27 | @interface EXNativeModulesProxy : NSObject <RCTBridgeModule>
  28 |
> 29 | @property(nonatomic, strong, readonly) EXModulesProxyConfig *nativeModulesConfig;
     |                                                             ^ pointer is missing a nullability type specifier [-Wnullability-completeness]
  30 |
  31 | - (nonnull instancetype)init;
  32 | - (nonnull instancetype)initWithModuleRegistry:(nullable EXModuleRegistry *)moduleRegistry;


⚠️  (node_modules/expo-modules-core/ios/Legacy/NativeModulesProxy/EXNativeModulesProxy.h:35:30)

  33 | - (nonnull instancetype)initWithCustomModuleRegistry:(nonnull EXModuleRegistry *)moduleRegistry;
  34 |
> 35 | - (void)callMethod:(NSString *)moduleName methodNameOrKey:(id)methodNameOrKey arguments:(NSArray *)arguments resolver:(RCTPromiseResolveBlock)resolve rejecter:(RCTPromiseRejectBlock)reject;
     |                              ^ pointer is missing a nullability type specifier [-Wnullability-completeness]
  36 |
  37 | @end
  38 |


⚠️  (node_modules/expo-modules-core/ios/Legacy/NativeModulesProxy/EXNativeModulesProxy.h:35:60)

  33 | - (nonnull instancetype)initWithCustomModuleRegistry:(nonnull EXModuleRegistry *)moduleRegistry;
  34 |
> 35 | - (void)callMethod:(NSString *)moduleName methodNameOrKey:(id)methodNameOrKey arguments:(NSArray *)arguments resolver:(RCTPromiseResolveBlock)resolve rejecter:(RCTPromiseRejectBlock)reject;
     |                                                            ^ pointer is missing a nullability type specifier [-Wnullability-completeness]
  36 |
  37 | @end
  38 |


⚠️  (node_modules/expo-modules-core/ios/Legacy/NativeModulesProxy/EXNativeModulesProxy.h:35:98)

  33 | - (nonnull instancetype)initWithCustomModuleRegistry:(nonnull EXModuleRegistry *)moduleRegistry;
  34 |
> 35 | - (void)callMethod:(NSString *)moduleName methodNameOrKey:(id)methodNameOrKey arguments:(NSArray *)arguments resolver:(RCTPromiseResolveBlock)resolve rejecter:(RCTPromiseRejectBlock)reject;
     |                                                                                                  ^ pointer is missing a nullability type specifier [-Wnullability-completeness]
  36 |
  37 | @end
  38 |


⚠️  (node_modules/expo-modules-core/ios/Legacy/NativeModulesProxy/EXNativeModulesProxy.h:35:120)

  33 | - (nonnull instancetype)initWithCustomModuleRegistry:(nonnull EXModuleRegistry *)moduleRegistry;
  34 |
> 35 | - (void)callMethod:(NSString *)moduleName methodNameOrKey:(id)methodNameOrKey arguments:(NSArray *)arguments resolver:(RCTPromiseResolveBlock)resolve rejecter:(RCTPromiseRejectBlock)reject;
     |                                                                                                                        ^ block pointer is missing a nullability type specifier [-Wnullability-completeness]
  36 |
  37 | @end
  38 |


⚠️  (node_modules/expo-modules-core/ios/Legacy/NativeModulesProxy/EXNativeModulesProxy.h:35:161)

  33 | - (nonnull instancetype)initWithCustomModuleRegistry:(nonnull EXModuleRegistry *)moduleRegistry;
  34 |
> 35 | - (void)callMethod:(NSString *)moduleName methodNameOrKey:(id)methodNameOrKey arguments:(NSArray *)arguments resolver:(RCTPromiseResolveBlock)resolve rejecter:(RCTPromiseRejectBlock)reject;
     |                                                                                                                                                                 ^ block pointer is missing a nullability type specifier [-Wnullability-completeness]
  36 |
  37 | @end
  38 |

› Compiling expo-modules-core Pods/ExpoModulesCore » EXLogManager.m
› Compiling expo-modules-core Pods/ExpoModulesCore » ExpoModulesCore-dummy.m
› Compiling expo-modules-core Pods/ExpoModulesCore » RCTComponentData+Privates.m

⚠️  (node_modules/expo-modules-core/ios/RCTComponentData+Privates.m:14:81)

  12 |                              eventDispatcher:(nullable id<RCTEventDispatcherProtocol>)eventDispatcher
  13 | {
> 14 |   return [super initWithManagerClass:managerClass bridge:bridge eventDispatcher:nil];
     |                                                                                 ^ null passed to a callee that requires a non-null argument [-Wnonnull]
  15 | }
  16 |
  17 | @end

› Compiling expo-modules-core Pods/ExpoModulesCore » EXReactNativeEventEmitter.m

⚠️  (node_modules/expo-modules-core/ios/Legacy/NativeModulesProxy/EXNativeModulesProxy.h:13:4)

  11 | @interface EXModulesProxyConfig : NSObject
  12 |
> 13 | - (instancetype)initWithConstants:(nonnull NSDictionary *)constants
     |    ^ pointer is missing a nullability type specifier [-Wnullability-completeness]
  14 |                       methodNames:(nonnull NSDictionary *)methodNames
  15 |                      viewManagers:(nonnull NSDictionary *)viewManagerMetadata;
  16 |


⚠️  (node_modules/expo-modules-core/ios/Legacy/NativeModulesProxy/EXNativeModulesProxy.h:29:61)

  27 | @interface EXNativeModulesProxy : NSObject <RCTBridgeModule>
  28 |
> 29 | @property(nonatomic, strong, readonly) EXModulesProxyConfig *nativeModulesConfig;
     |                                                             ^ pointer is missing a nullability type specifier [-Wnullability-completeness]
  30 |
  31 | - (nonnull instancetype)init;
  32 | - (nonnull instancetype)initWithModuleRegistry:(nullable EXModuleRegistry *)moduleRegistry;


⚠️  (node_modules/expo-modules-core/ios/Legacy/NativeModulesProxy/EXNativeModulesProxy.h:35:30)

  33 | - (nonnull instancetype)initWithCustomModuleRegistry:(nonnull EXModuleRegistry *)moduleRegistry;
  34 |
> 35 | - (void)callMethod:(NSString *)moduleName methodNameOrKey:(id)methodNameOrKey arguments:(NSArray *)arguments resolver:(RCTPromiseResolveBlock)resolve rejecter:(RCTPromiseRejectBlock)reject;
     |                              ^ pointer is missing a nullability type specifier [-Wnullability-completeness]
  36 |
  37 | @end
  38 |


⚠️  (node_modules/expo-modules-core/ios/Legacy/NativeModulesProxy/EXNativeModulesProxy.h:35:60)

  33 | - (nonnull instancetype)initWithCustomModuleRegistry:(nonnull EXModuleRegistry *)moduleRegistry;
  34 |
> 35 | - (void)callMethod:(NSString *)moduleName methodNameOrKey:(id)methodNameOrKey arguments:(NSArray *)arguments resolver:(RCTPromiseResolveBlock)resolve rejecter:(RCTPromiseRejectBlock)reject;
     |                                                            ^ pointer is missing a nullability type specifier [-Wnullability-completeness]
  36 |
  37 | @end
  38 |


⚠️  (node_modules/expo-modules-core/ios/Legacy/NativeModulesProxy/EXNativeModulesProxy.h:35:98)

  33 | - (nonnull instancetype)initWithCustomModuleRegistry:(nonnull EXModuleRegistry *)moduleRegistry;
  34 |
> 35 | - (void)callMethod:(NSString *)moduleName methodNameOrKey:(id)methodNameOrKey arguments:(NSArray *)arguments resolver:(RCTPromiseResolveBlock)resolve rejecter:(RCTPromiseRejectBlock)reject;
     |                                                                                                  ^ pointer is missing a nullability type specifier [-Wnullability-completeness]
  36 |
  37 | @end
  38 |


⚠️  (node_modules/expo-modules-core/ios/Legacy/NativeModulesProxy/EXNativeModulesProxy.h:35:120)

  33 | - (nonnull instancetype)initWithCustomModuleRegistry:(nonnull EXModuleRegistry *)moduleRegistry;
  34 |
> 35 | - (void)callMethod:(NSString *)moduleName methodNameOrKey:(id)methodNameOrKey arguments:(NSArray *)arguments resolver:(RCTPromiseResolveBlock)resolve rejecter:(RCTPromiseRejectBlock)reject;
     |                                                                                                                        ^ block pointer is missing a nullability type specifier [-Wnullability-completeness]
  36 |
  37 | @end
  38 |


⚠️  (node_modules/expo-modules-core/ios/Legacy/NativeModulesProxy/EXNativeModulesProxy.h:35:161)

  33 | - (nonnull instancetype)initWithCustomModuleRegistry:(nonnull EXModuleRegistry *)moduleRegistry;
  34 |
> 35 | - (void)callMethod:(NSString *)moduleName methodNameOrKey:(id)methodNameOrKey arguments:(NSArray *)arguments resolver:(RCTPromiseResolveBlock)resolve rejecter:(RCTPromiseRejectBlock)reject;
     |                                                                                                                                                                 ^ block pointer is missing a nullability type specifier [-Wnullability-completeness]
  36 |
  37 | @end
  38 |


⚠️  (node_modules/expo-modules-core/ios/EXLegacyExpoViewProtocol.h:11:4)

   9 | @protocol EXLegacyExpoViewProtocol
  10 |
> 11 | - (instancetype)initWithModuleRegistry:(nullable EXModuleRegistry *)moduleRegistry;
     |    ^ pointer is missing a nullability type specifier [-Wnullability-completeness]
  12 |
  13 | @end
  14 |


⚠️  (node_modules/expo-modules-core/ios/Interfaces/FileSystem/EXFileSystemInterface.h:14:42)

  12 | @protocol EXFileSystemInterface
  13 |
> 14 | @property (nonatomic, readonly) NSString *documentDirectory;
     |                                          ^ pointer is missing a nullability type specifier [-Wnullability-completeness]
  15 | @property (nonatomic, readonly) NSString *cachesDirectory;
  16 | @property (nonatomic, readonly) NSString *applicationSupportDirectory;
  17 |


⚠️  (node_modules/expo-modules-core/ios/Interfaces/FileSystem/EXFileSystemInterface.h:20:57)

  18 | // TODO: Move permissionsForURI to EXFileSystemManagerInterface
  19 | - (EXFileSystemPermissionFlags)permissionsForURI:(NSURL *)uri;
> 20 | - (nonnull NSString *)generatePathInDirectory:(NSString *)directory withExtension:(NSString *)extension;
     |                                                         ^ pointer is missing a nullability type specifier [-Wnullability-completeness]
  21 | - (BOOL)ensureDirExistsWithPath:(NSString *)path;
  22 |
  23 | @end


⚠️  (node_modules/expo-modules-core/ios/Interfaces/FileSystem/EXFileSystemInterface.h:20:93)

  18 | // TODO: Move permissionsForURI to EXFileSystemManagerInterface
  19 | - (EXFileSystemPermissionFlags)permissionsForURI:(NSURL *)uri;
> 20 | - (nonnull NSString *)generatePathInDirectory:(NSString *)directory withExtension:(NSString *)extension;
     |                                                                                             ^ pointer is missing a nullability type specifier [-Wnullability-completeness]
  21 | - (BOOL)ensureDirExistsWithPath:(NSString *)path;
  22 |
  23 | @end


⚠️  (node_modules/expo-modules-core/ios/Interfaces/FileSystem/EXFileSystemInterface.h:21:43)

  19 | - (EXFileSystemPermissionFlags)permissionsForURI:(NSURL *)uri;
  20 | - (nonnull NSString *)generatePathInDirectory:(NSString *)directory withExtension:(NSString *)extension;
> 21 | - (BOOL)ensureDirExistsWithPath:(NSString *)path;
     |                                           ^ pointer is missing a nullability type specifier [-Wnullability-completeness]
  22 |
  23 | @end
  24 |


⚠️  (node_modules/expo-modules-core/ios/JSI/EXJSIInstaller.h:39:79)

  37 |  Installs the base class for shared objects, i.e. `global.expo.SharedObject`.
  38 |  */
> 39 | + (void)installSharedObjectClass:(nonnull EXRuntime *)runtime releaser:(void (^)(long))releaser;
     |                                                                               ^ block pointer is missing a nullability type specifier [-Wnullability-completeness]
  40 |
  41 | /**
  42 |  Installs the base class for shared refs, i.e. `global.expo.SharedRef`.

› Compiling expo-modules-core Pods/ExpoModulesCore » EXModuleRegistryProvider.m

⚠️  (node_modules/expo-modules-core/ios/Legacy/NativeModulesProxy/EXNativeModulesProxy.h:13:4)

  11 | @interface EXModulesProxyConfig : NSObject
  12 |
> 13 | - (instancetype)initWithConstants:(nonnull NSDictionary *)constants
     |    ^ pointer is missing a nullability type specifier [-Wnullability-completeness]
  14 |                       methodNames:(nonnull NSDictionary *)methodNames
  15 |                      viewManagers:(nonnull NSDictionary *)viewManagerMetadata;
  16 |


⚠️  (node_modules/expo-modules-core/ios/Legacy/NativeModulesProxy/EXNativeModulesProxy.h:29:61)

  27 | @interface EXNativeModulesProxy : NSObject <RCTBridgeModule>
  28 |
> 29 | @property(nonatomic, strong, readonly) EXModulesProxyConfig *nativeModulesConfig;
     |                                                             ^ pointer is missing a nullability type specifier [-Wnullability-completeness]
  30 |
  31 | - (nonnull instancetype)init;
  32 | - (nonnull instancetype)initWithModuleRegistry:(nullable EXModuleRegistry *)moduleRegistry;


⚠️  (node_modules/expo-modules-core/ios/Legacy/NativeModulesProxy/EXNativeModulesProxy.h:35:30)

  33 | - (nonnull instancetype)initWithCustomModuleRegistry:(nonnull EXModuleRegistry *)moduleRegistry;
  34 |
> 35 | - (void)callMethod:(NSString *)moduleName methodNameOrKey:(id)methodNameOrKey arguments:(NSArray *)arguments resolver:(RCTPromiseResolveBlock)resolve rejecter:(RCTPromiseRejectBlock)reject;
     |                              ^ pointer is missing a nullability type specifier [-Wnullability-completeness]
  36 |
  37 | @end
  38 |


⚠️  (node_modules/expo-modules-core/ios/Legacy/NativeModulesProxy/EXNativeModulesProxy.h:35:60)

  33 | - (nonnull instancetype)initWithCustomModuleRegistry:(nonnull EXModuleRegistry *)moduleRegistry;
  34 |
> 35 | - (void)callMethod:(NSString *)moduleName methodNameOrKey:(id)methodNameOrKey arguments:(NSArray *)arguments resolver:(RCTPromiseResolveBlock)resolve rejecter:(RCTPromiseRejectBlock)reject;
     |                                                            ^ pointer is missing a nullability type specifier [-Wnullability-completeness]
  36 |
  37 | @end
  38 |


⚠️  (node_modules/expo-modules-core/ios/Legacy/NativeModulesProxy/EXNativeModulesProxy.h:35:98)

  33 | - (nonnull instancetype)initWithCustomModuleRegistry:(nonnull EXModuleRegistry *)moduleRegistry;
  34 |
> 35 | - (void)callMethod:(NSString *)moduleName methodNameOrKey:(id)methodNameOrKey arguments:(NSArray *)arguments resolver:(RCTPromiseResolveBlock)resolve rejecter:(RCTPromiseRejectBlock)reject;
     |                                                                                                  ^ pointer is missing a nullability type specifier [-Wnullability-completeness]
  36 |
  37 | @end
  38 |


⚠️  (node_modules/expo-modules-core/ios/Legacy/NativeModulesProxy/EXNativeModulesProxy.h:35:120)

  33 | - (nonnull instancetype)initWithCustomModuleRegistry:(nonnull EXModuleRegistry *)moduleRegistry;
  34 |
> 35 | - (void)callMethod:(NSString *)moduleName methodNameOrKey:(id)methodNameOrKey arguments:(NSArray *)arguments resolver:(RCTPromiseResolveBlock)resolve rejecter:(RCTPromiseRejectBlock)reject;
     |                                                                                                                        ^ block pointer is missing a nullability type specifier [-Wnullability-completeness]
  36 |
  37 | @end
  38 |


⚠️  (node_modules/expo-modules-core/ios/Legacy/NativeModulesProxy/EXNativeModulesProxy.h:35:161)

  33 | - (nonnull instancetype)initWithCustomModuleRegistry:(nonnull EXModuleRegistry *)moduleRegistry;
  34 |
> 35 | - (void)callMethod:(NSString *)moduleName methodNameOrKey:(id)methodNameOrKey arguments:(NSArray *)arguments resolver:(RCTPromiseResolveBlock)resolve rejecter:(RCTPromiseRejectBlock)reject;
     |                                                                                                                                                                 ^ block pointer is missing a nullability type specifier [-Wnullability-completeness]
  36 |
  37 | @end
  38 |


⚠️  (node_modules/expo-modules-core/ios/EXLegacyExpoViewProtocol.h:11:4)

   9 | @protocol EXLegacyExpoViewProtocol
  10 |
> 11 | - (instancetype)initWithModuleRegistry:(nullable EXModuleRegistry *)moduleRegistry;
     |    ^ pointer is missing a nullability type specifier [-Wnullability-completeness]
  12 |
  13 | @end
  14 |


⚠️  (node_modules/expo-modules-core/ios/Interfaces/FileSystem/EXFileSystemInterface.h:14:42)

  12 | @protocol EXFileSystemInterface
  13 |
> 14 | @property (nonatomic, readonly) NSString *documentDirectory;
     |                                          ^ pointer is missing a nullability type specifier [-Wnullability-completeness]
  15 | @property (nonatomic, readonly) NSString *cachesDirectory;
  16 | @property (nonatomic, readonly) NSString *applicationSupportDirectory;
  17 |


⚠️  (node_modules/expo-modules-core/ios/Interfaces/FileSystem/EXFileSystemInterface.h:20:57)

  18 | // TODO: Move permissionsForURI to EXFileSystemManagerInterface
  19 | - (EXFileSystemPermissionFlags)permissionsForURI:(NSURL *)uri;
> 20 | - (nonnull NSString *)generatePathInDirectory:(NSString *)directory withExtension:(NSString *)extension;
     |                                                         ^ pointer is missing a nullability type specifier [-Wnullability-completeness]
  21 | - (BOOL)ensureDirExistsWithPath:(NSString *)path;
  22 |
  23 | @end


⚠️  (node_modules/expo-modules-core/ios/Interfaces/FileSystem/EXFileSystemInterface.h:20:93)

  18 | // TODO: Move permissionsForURI to EXFileSystemManagerInterface
  19 | - (EXFileSystemPermissionFlags)permissionsForURI:(NSURL *)uri;
> 20 | - (nonnull NSString *)generatePathInDirectory:(NSString *)directory withExtension:(NSString *)extension;
     |                                                                                             ^ pointer is missing a nullability type specifier [-Wnullability-completeness]
  21 | - (BOOL)ensureDirExistsWithPath:(NSString *)path;
  22 |
  23 | @end


⚠️  (node_modules/expo-modules-core/ios/Interfaces/FileSystem/EXFileSystemInterface.h:21:43)

  19 | - (EXFileSystemPermissionFlags)permissionsForURI:(NSURL *)uri;
  20 | - (nonnull NSString *)generatePathInDirectory:(NSString *)directory withExtension:(NSString *)extension;
> 21 | - (BOOL)ensureDirExistsWithPath:(NSString *)path;
     |                                           ^ pointer is missing a nullability type specifier [-Wnullability-completeness]
  22 |
  23 | @end
  24 |


⚠️  (node_modules/expo-modules-core/ios/JSI/EXJSIInstaller.h:39:79)

  37 |  Installs the base class for shared objects, i.e. `global.expo.SharedObject`.
  38 |  */
> 39 | + (void)installSharedObjectClass:(nonnull EXRuntime *)runtime releaser:(void (^)(long))releaser;
     |                                                                               ^ block pointer is missing a nullability type specifier [-Wnullability-completeness]
  40 |
  41 | /**
  42 |  Installs the base class for shared refs, i.e. `global.expo.SharedRef`.

› Compiling expo-modules-core Pods/ExpoModulesCore » EXModuleRegistry.m

⚠️  (node_modules/expo-modules-core/ios/Legacy/NativeModulesProxy/EXNativeModulesProxy.h:13:4)

  11 | @interface EXModulesProxyConfig : NSObject
  12 |
> 13 | - (instancetype)initWithConstants:(nonnull NSDictionary *)constants
     |    ^ pointer is missing a nullability type specifier [-Wnullability-completeness]
  14 |                       methodNames:(nonnull NSDictionary *)methodNames
  15 |                      viewManagers:(nonnull NSDictionary *)viewManagerMetadata;
  16 |


⚠️  (node_modules/expo-modules-core/ios/Legacy/NativeModulesProxy/EXNativeModulesProxy.h:29:61)

  27 | @interface EXNativeModulesProxy : NSObject <RCTBridgeModule>
  28 |
> 29 | @property(nonatomic, strong, readonly) EXModulesProxyConfig *nativeModulesConfig;
     |                                                             ^ pointer is missing a nullability type specifier [-Wnullability-completeness]
  30 |
  31 | - (nonnull instancetype)init;
  32 | - (nonnull instancetype)initWithModuleRegistry:(nullable EXModuleRegistry *)moduleRegistry;


⚠️  (node_modules/expo-modules-core/ios/Legacy/NativeModulesProxy/EXNativeModulesProxy.h:35:30)

  33 | - (nonnull instancetype)initWithCustomModuleRegistry:(nonnull EXModuleRegistry *)moduleRegistry;
  34 |
> 35 | - (void)callMethod:(NSString *)moduleName methodNameOrKey:(id)methodNameOrKey arguments:(NSArray *)arguments resolver:(RCTPromiseResolveBlock)resolve rejecter:(RCTPromiseRejectBlock)reject;
     |                              ^ pointer is missing a nullability type specifier [-Wnullability-completeness]
  36 |
  37 | @end
  38 |


⚠️  (node_modules/expo-modules-core/ios/Legacy/NativeModulesProxy/EXNativeModulesProxy.h:35:60)

  33 | - (nonnull instancetype)initWithCustomModuleRegistry:(nonnull EXModuleRegistry *)moduleRegistry;
  34 |
> 35 | - (void)callMethod:(NSString *)moduleName methodNameOrKey:(id)methodNameOrKey arguments:(NSArray *)arguments resolver:(RCTPromiseResolveBlock)resolve rejecter:(RCTPromiseRejectBlock)reject;
     |                                                            ^ pointer is missing a nullability type specifier [-Wnullability-completeness]
  36 |
  37 | @end
  38 |


⚠️  (node_modules/expo-modules-core/ios/Legacy/NativeModulesProxy/EXNativeModulesProxy.h:35:98)

  33 | - (nonnull instancetype)initWithCustomModuleRegistry:(nonnull EXModuleRegistry *)moduleRegistry;
  34 |
> 35 | - (void)callMethod:(NSString *)moduleName methodNameOrKey:(id)methodNameOrKey arguments:(NSArray *)arguments resolver:(RCTPromiseResolveBlock)resolve rejecter:(RCTPromiseRejectBlock)reject;
     |                                                                                                  ^ pointer is missing a nullability type specifier [-Wnullability-completeness]
  36 |
  37 | @end
  38 |


⚠️  (node_modules/expo-modules-core/ios/Legacy/NativeModulesProxy/EXNativeModulesProxy.h:35:120)

  33 | - (nonnull instancetype)initWithCustomModuleRegistry:(nonnull EXModuleRegistry *)moduleRegistry;
  34 |
> 35 | - (void)callMethod:(NSString *)moduleName methodNameOrKey:(id)methodNameOrKey arguments:(NSArray *)arguments resolver:(RCTPromiseResolveBlock)resolve rejecter:(RCTPromiseRejectBlock)reject;
     |                                                                                                                        ^ block pointer is missing a nullability type specifier [-Wnullability-completeness]
  36 |
  37 | @end
  38 |


⚠️  (node_modules/expo-modules-core/ios/Legacy/NativeModulesProxy/EXNativeModulesProxy.h:35:161)

  33 | - (nonnull instancetype)initWithCustomModuleRegistry:(nonnull EXModuleRegistry *)moduleRegistry;
  34 |
> 35 | - (void)callMethod:(NSString *)moduleName methodNameOrKey:(id)methodNameOrKey arguments:(NSArray *)arguments resolver:(RCTPromiseResolveBlock)resolve rejecter:(RCTPromiseRejectBlock)reject;
     |                                                                                                                                                                 ^ block pointer is missing a nullability type specifier [-Wnullability-completeness]
  36 |
  37 | @end
  38 |


⚠️  (node_modules/expo-modules-core/ios/EXLegacyExpoViewProtocol.h:11:4)

   9 | @protocol EXLegacyExpoViewProtocol
  10 |
> 11 | - (instancetype)initWithModuleRegistry:(nullable EXModuleRegistry *)moduleRegistry;
     |    ^ pointer is missing a nullability type specifier [-Wnullability-completeness]
  12 |
  13 | @end
  14 |


⚠️  (node_modules/expo-modules-core/ios/Interfaces/FileSystem/EXFileSystemInterface.h:14:42)

  12 | @protocol EXFileSystemInterface
  13 |
> 14 | @property (nonatomic, readonly) NSString *documentDirectory;
     |                                          ^ pointer is missing a nullability type specifier [-Wnullability-completeness]
  15 | @property (nonatomic, readonly) NSString *cachesDirectory;
  16 | @property (nonatomic, readonly) NSString *applicationSupportDirectory;
  17 |


⚠️  (node_modules/expo-modules-core/ios/Interfaces/FileSystem/EXFileSystemInterface.h:20:57)

  18 | // TODO: Move permissionsForURI to EXFileSystemManagerInterface
  19 | - (EXFileSystemPermissionFlags)permissionsForURI:(NSURL *)uri;
> 20 | - (nonnull NSString *)generatePathInDirectory:(NSString *)directory withExtension:(NSString *)extension;
     |                                                         ^ pointer is missing a nullability type specifier [-Wnullability-completeness]
  21 | - (BOOL)ensureDirExistsWithPath:(NSString *)path;
  22 |
  23 | @end


⚠️  (node_modules/expo-modules-core/ios/Interfaces/FileSystem/EXFileSystemInterface.h:20:93)

  18 | // TODO: Move permissionsForURI to EXFileSystemManagerInterface
  19 | - (EXFileSystemPermissionFlags)permissionsForURI:(NSURL *)uri;
> 20 | - (nonnull NSString *)generatePathInDirectory:(NSString *)directory withExtension:(NSString *)extension;
     |                                                                                             ^ pointer is missing a nullability type specifier [-Wnullability-completeness]
  21 | - (BOOL)ensureDirExistsWithPath:(NSString *)path;
  22 |
  23 | @end


⚠️  (node_modules/expo-modules-core/ios/Interfaces/FileSystem/EXFileSystemInterface.h:21:43)

  19 | - (EXFileSystemPermissionFlags)permissionsForURI:(NSURL *)uri;
  20 | - (nonnull NSString *)generatePathInDirectory:(NSString *)directory withExtension:(NSString *)extension;
> 21 | - (BOOL)ensureDirExistsWithPath:(NSString *)path;
     |                                           ^ pointer is missing a nullability type specifier [-Wnullability-completeness]
  22 |
  23 | @end
  24 |


⚠️  (node_modules/expo-modules-core/ios/JSI/EXJSIInstaller.h:39:79)

  37 |  Installs the base class for shared objects, i.e. `global.expo.SharedObject`.
  38 |  */
> 39 | + (void)installSharedObjectClass:(nonnull EXRuntime *)runtime releaser:(void (^)(long))releaser;
     |                                                                               ^ block pointer is missing a nullability type specifier [-Wnullability-completeness]
  40 |
  41 | /**
  42 |  Installs the base class for shared refs, i.e. `global.expo.SharedRef`.

› Packaging expo-modules-core Pods/ExpoModulesCore » libExpoModulesCore.a
› Executing expo-modules-core Pods/ExpoModulesCore » Copy generated compatibility header

⚠️  (ios/Pods/Headers/Private/SDWebImageWebPCoder/SDWebImageWebPCoder.h:17:1)

  15 | #import <SDWebImageWebPCoder/SDWebImageWebPCoderDefine.h>
  16 | #import <SDWebImageWebPCoder/UIImage+WebP.h>
> 17 |
     | ^ umbrella header for module 'SDWebImageWebPCoder' does not include header 'SDInternalMacros.h'


⚠️  (node_modules/expo-manifests/ios/EXManifests/EmbeddedManifest.swift:29:75)

  27 |
  28 |   public override func stableLegacyId() -> String {
> 29 |     return rawManifestJSON().optionalValue(forKey: "originalFullName") ?? legacyId()
     |                                                                           ^ 'legacyId' is deprecated: Prefer scopeKey or projectId depending on use case
  30 |   }
  31 |
  32 |   public override func scopeKey() -> String {

› Compiling expo-image-loader Pods/EXImageLoader » EXImageLoader-dummy.m
› Compiling expo-image-loader Pods/EXImageLoader » EXImageLoader.m
› Executing expo-constants Pods/EXConstants » [CP-User] Generate app.config for prebuilt Constants.manifest
› Packaging expo-image-loader Pods/EXImageLoader » libEXImageLoader.a
› Compiling expo-manifests Pods/EXManifests » EXManifests-dummy.m
› Packaging expo-manifests Pods/EXManifests » libEXManifests.a
› Executing expo-manifests Pods/EXManifests » Copy generated compatibility header

⚠️  (node_modules/expo-media-library/ios/TestSupport.swift:4:7)

  2 | import Photos
  3 |
> 4 | class MockPHAsset: PHAsset {
    |       ^ class 'MockPHAsset' must restate inherited '@unchecked Sendable' conformance
  5 |   private var id: Int
  6 |
  7 |   init(id: Int) {


⚠️  (node_modules/expo-media-library/ios/TestSupport.swift:17:7)

  15 |
  16 | // we override exactly those methods that `getAssets()` uses, imitating Apple's implementation
> 17 | class MockFetchResult: PHFetchResult<PHAsset> {
     |       ^ class 'MockFetchResult' must restate inherited '@unchecked Sendable' conformance
  18 |   private var assets: [PHAsset]
  19 |
  20 |   init(assets: [PHAsset]) {


⚠️  (node_modules/expo/ios/AppDelegates/ExpoAppDelegate.swift:14:12)

  12 |  */
  13 | @objc(EXExpoAppDelegate)
> 14 | open class ExpoAppDelegate: UIResponder, @preconcurrency ReactNativeFactoryProvider, UIApplicationDelegate {
     |            ^ '@preconcurrency' on conformance to 'ReactNativeFactoryProvider' has no effect
  15 |   @objc public var factory: RCTReactNativeFactory?
  16 |   private let defaultModuleName = "main"
  17 |   private let defaultInitialProps = [AnyHashable: Any]()


⚠️  (node_modules/expo-web-browser/ios/WebAuthSession.swift:9:33)

   7 |   func presentationAnchor(for session: ASWebAuthenticationSession) -> ASPresentationAnchor {
   8 |     #if os(iOS)
>  9 |     return UIApplication.shared.keyWindow ?? ASPresentationAnchor()
     |                                 ^ 'keyWindow' was deprecated in iOS 13.0: Should not be used for applications that support multiple scenes as it returns a key window across all connected scenes
  10 |     #else
  11 |     return NSApp.mainWindow ?? ASPresentationAnchor()
  12 |     #endif


⚠️  (node_modules/expo-web-browser/ios/WebBrowserSession.swift:33:54)

  31 |
  32 |   func open() {
> 33 |     var currentViewController = UIApplication.shared.keyWindow?.rootViewController
     |                                                      ^ 'keyWindow' was deprecated in iOS 13.0: Should not be used for applications that support multiple scenes as it returns a key window across all connected scenes
  34 |     while currentViewController?.presentedViewController != nil {
  35 |       currentViewController = currentViewController?.presentedViewController
  36 |     }


⚠️  (node_modules/expo-image-manipulator/ios/ImageManipulatorUtils.swift:87:18)

  85 |     return PHAsset.fetchAssets(withLocalIdentifiers: [identifier], options: nil).firstObject
  86 |   }
> 87 |   return PHAsset.fetchAssets(withALAssetURLs: [url], options: nil).firstObject
     |                  ^ 'fetchAssets' was deprecated in iOS 11: Will be removed in a future release
  88 | }
  89 |
  90 | /**


⚠️  (node_modules/expo-router/ios/ExpoHeadModule.swift:41:16)

  39 | var launchedActivity: NSUserActivity?
  40 |
> 41 | internal class InvalidSchemeException: Exception {
     |                ^ non-final class 'InvalidSchemeException' cannot conform to 'Sendable'; use '@unchecked Sendable'; this is an error in the Swift 6 language mode
  42 |   override var reason: String {
  43 |     "Scheme file:// is not allowed for location origin (webpageUrl in NSUserActivity)"
  44 |   }


⚠️  (node_modules/expo-router/ios/ExpoHeadModule.swift:64:5)

  62 |     Name("ExpoHead")
  63 |
> 64 |     Constants([
     |     ^ 'Constants' is deprecated: Use `Constant` or `Property` instead
  65 |       "activities": [
  66 |         "INDEXED_ROUTE": indexRouteTag
  67 |       ]


⚠️  (node_modules/expo-router/ios/ExpoHeadModule.swift:74:26)

  72 |         return [
  73 |           "activityType": activity.activityType,
> 74 |           "description": activity.contentAttributeSet?.contentDescription,
     |                          ^ expression implicitly coerced from 'String?' to 'Any'
  75 |           "id": activity.persistentIdentifier,
  76 |           "isEligibleForHandoff": activity.isEligibleForHandoff,
  77 |           "isEligibleForPrediction": activity.isEligibleForPrediction,


⚠️  (node_modules/expo-router/ios/ExpoHeadModule.swift:75:17)

  73 |           "activityType": activity.activityType,
  74 |           "description": activity.contentAttributeSet?.contentDescription,
> 75 |           "id": activity.persistentIdentifier,
     |                 ^ expression implicitly coerced from 'NSUserActivityPersistentIdentifier?' to 'Any'
  76 |           "isEligibleForHandoff": activity.isEligibleForHandoff,
  77 |           "isEligibleForPrediction": activity.isEligibleForPrediction,
  78 |           "isEligibleForPublicIndexing": activity.isEligibleForPublicIndexing,


⚠️  (node_modules/expo-router/ios/ExpoHeadModule.swift:80:20)

  78 |           "isEligibleForPublicIndexing": activity.isEligibleForPublicIndexing,
  79 |           "isEligibleForSearch": activity.isEligibleForSearch,
> 80 |           "title": activity.title,
     |                    ^ expression implicitly coerced from 'String?' to 'Any'
  81 |           "webpageURL": activity.webpageURL,
  82 |           "imageUrl": activity.contentAttributeSet?.thumbnailURL,
  83 |           "keywords": activity.keywords,


⚠️  (node_modules/expo-router/ios/ExpoHeadModule.swift:81:25)

  79 |           "isEligibleForSearch": activity.isEligibleForSearch,
  80 |           "title": activity.title,
> 81 |           "webpageURL": activity.webpageURL,
     |                         ^ expression implicitly coerced from 'URL?' to 'Any'
  82 |           "imageUrl": activity.contentAttributeSet?.thumbnailURL,
  83 |           "keywords": activity.keywords,
  84 |           "dateModified": activity.contentAttributeSet?.metadataModificationDate,


⚠️  (node_modules/expo-router/ios/ExpoHeadModule.swift:82:23)

  80 |           "title": activity.title,
  81 |           "webpageURL": activity.webpageURL,
> 82 |           "imageUrl": activity.contentAttributeSet?.thumbnailURL,
     |                       ^ expression implicitly coerced from 'URL?' to 'Any'
  83 |           "keywords": activity.keywords,
  84 |           "dateModified": activity.contentAttributeSet?.metadataModificationDate,
  85 |           "userInfo": activity.userInfo


⚠️  (node_modules/expo-router/ios/ExpoHeadModule.swift:84:27)

  82 |           "imageUrl": activity.contentAttributeSet?.thumbnailURL,
  83 |           "keywords": activity.keywords,
> 84 |           "dateModified": activity.contentAttributeSet?.metadataModificationDate,
     |                           ^ expression implicitly coerced from 'Date?' to 'Any'
  85 |           "userInfo": activity.userInfo
  86 |         ]
  87 |       }


⚠️  (node_modules/expo-router/ios/ExpoHeadModule.swift:85:23)

  83 |           "keywords": activity.keywords,
  84 |           "dateModified": activity.contentAttributeSet?.metadataModificationDate,
> 85 |           "userInfo": activity.userInfo
     |                       ^ expression implicitly coerced from '[AnyHashable : Any]?' to 'Any'
  86 |         ]
  87 |       }
  88 |       return nil


⚠️  (node_modules/expo-router/ios/ExpoHeadModule.swift:128:61)

  126 |
  127 |   func createOrUpdateActivity(value: MetadataOptions) -> NSUserActivity {
> 128 |     let att = CSSearchableItemAttributeSet(itemContentType: kUTTypeText as String)
      |                                                             ^ 'kUTTypeText' was deprecated in iOS 15.0: Use UTTypeText or UTType.text instead.
  129 |     let existing = self.activities.first(where: { $0.persistentIdentifier == value.id })
  130 |     let activity = existing ?? NSUserActivity(activityType: value.activityType)
  131 |


⚠️  (node_modules/expo-router/ios/ExpoHeadModule.swift:162:12)

  160 |     att.domainIdentifier = indexRouteTag
  161 |
> 162 |     if let localUrl = value.imageUrl?.path {
      |            ^ value 'localUrl' was defined but never used; consider replacing with boolean test
  163 |       att.thumbnailURL = value.imageUrl
  164 |     }
  165 |


⚠️  (node_modules/expo-eas-client/ios/EASClient/EASClientModule.swift:9:5)

   7 |     Name("EASClient")
   8 |
>  9 |     Constants([
     |     ^ 'Constants' is deprecated: Use `Constant` or `Property` instead
  10 |       "clientID": EASClientID.uuid().uuidString
  11 |     ])
  12 |   }


⚠️  (node_modules/expo-media-library/ios/TestSupport.swift:4:7)

  2 | import Photos
  3 |
> 4 | class MockPHAsset: PHAsset {
    |       ^ class 'MockPHAsset' must restate inherited '@unchecked Sendable' conformance
  5 |   private var id: Int
  6 |
  7 |   init(id: Int) {


⚠️  (node_modules/expo-media-library/ios/TestSupport.swift:17:7)

  15 |
  16 | // we override exactly those methods that `getAssets()` uses, imitating Apple's implementation
> 17 | class MockFetchResult: PHFetchResult<PHAsset> {
     |       ^ class 'MockFetchResult' must restate inherited '@unchecked Sendable' conformance
  18 |   private var assets: [PHAsset]
  19 |
  20 |   init(assets: [PHAsset]) {


⚠️  (node_modules/expo-media-library/ios/MediaLibraryModule.swift:16:5)

  14 |     Events("mediaLibraryDidChange")
  15 |
> 16 |     Constants {
     |     ^ 'Constants' is deprecated: Use `Constant` or `Property` instead
  17 |       [
  18 |         "MediaType": [
  19 |           "audio": "audio",


⚠️  (node_modules/expo-media-library/ios/MediaLibraryModule.swift:233:43)

  231 |       options.includeAllBurstAssets = false
  232 |
> 233 |       let fetchResult = PHAssetCollection.fetchMoments(with: options)
      |                                           ^ 'fetchMoments' was deprecated in iOS 13: Will be removed in a future release
  234 |       let albums = exportCollections(collections: fetchResult, with: options, in: nil)
  235 |
  236 |       promise.resolve(albums)


⚠️  (node_modules/expo-media-library/ios/MediaLibraryUtilities.swift:196:41)

  194 |   var albums = [[String: Any?]?]()
  195 |   collections.enumerateObjects { collection, _, _ in
> 196 |     if let assetCollection = collection as? PHAssetCollection {
      |                                         ^ conditional cast from 'PHAssetCollection' to 'PHAssetCollection' always succeeds
  197 |       if let folder {
  198 |         albums.append(
  199 |           exportCollection(assetCollection, folderName: folder))


⚠️  (node_modules/expo-media-library/ios/MediaLibraryUtilities.swift:203:47)

  201 |         albums.append(exportCollection(assetCollection, folderName: nil))
  202 |       }
> 203 |     } else if let collectionList = collection as? PHCollectionList {
      |                                               ^ cast from 'PHAssetCollection' to unrelated type 'PHCollectionList' always fails
  204 |       let collectionsInFolder = PHCollectionList.fetchCollections(in: collectionList, options: options)
  205 |       albums.append(contentsOf: exportCollections(collections: collectionsInFolder, with: options, in: collectionList.localizedTitle))
  206 |     }


⚠️  (node_modules/expo-constants/ios/ConstantsModule.swift:12:5)

  10 |     Name("ExponentConstants")
  11 |
> 12 |     Constants {
     |     ^ 'Constants' is deprecated: Use `Constant` or `Property` instead
  13 |       return constants
  14 |     }
  15 |


⚠️  (node_modules/expo-file-system/ios/FileSystemModule.swift:31:5)

  29 |     Name("ExponentFileSystem")
  30 |
> 31 |     Constants {
     |     ^ 'Constants' is deprecated: Use `Constant` or `Property` instead
  32 |       return [
  33 |         "documentDirectory": documentDirectory?.absoluteString,
  34 |         "cacheDirectory": cacheDirectory?.absoluteString,


⚠️  (node_modules/expo-file-system/ios/Next/FileSystemNextModule.swift:10:5)

   8 |     Name("FileSystemNext")
   9 |
> 10 |     Constants {
     |     ^ 'Constants' is deprecated: Use `Constant` or `Property` instead
  11 |       return [
  12 |         "documentDirectory": appContext?.config.documentDirectory?.absoluteString,
  13 |         "cacheDirectory": appContext?.config.cacheDirectory?.absoluteString,


⚠️  (node_modules/expo-file-system/ios/NetworkingHelpers.swift:7:23)

   5 |
   6 | func findMimeType(forAttachment attachment: URL) -> String {
>  7 |   if let identifier = UTTypeCreatePreferredIdentifierForTag(kUTTagClassFilenameExtension, attachment.pathExtension as CFString, nil)?.takeRetainedValue() {
     |                       ^ 'UTTypeCreatePreferredIdentifierForTag' was deprecated in iOS 15.0: Use the UTType class instead.
   8 |     if let type = UTTypeCopyPreferredTagWithClass(identifier, kUTTagClassMIMEType)?.takeRetainedValue() {
   9 |       return type as String
  10 |     }


⚠️  (node_modules/expo-file-system/ios/NetworkingHelpers.swift:7:61)

   5 |
   6 | func findMimeType(forAttachment attachment: URL) -> String {
>  7 |   if let identifier = UTTypeCreatePreferredIdentifierForTag(kUTTagClassFilenameExtension, attachment.pathExtension as CFString, nil)?.takeRetainedValue() {
     |                                                             ^ 'kUTTagClassFilenameExtension' was deprecated in iOS 15.0: Use UTTagClassFilenameExtension instead.
   8 |     if let type = UTTypeCopyPreferredTagWithClass(identifier, kUTTagClassMIMEType)?.takeRetainedValue() {
   9 |       return type as String
  10 |     }


⚠️  (node_modules/expo-file-system/ios/NetworkingHelpers.swift:8:19)

   6 | func findMimeType(forAttachment attachment: URL) -> String {
   7 |   if let identifier = UTTypeCreatePreferredIdentifierForTag(kUTTagClassFilenameExtension, attachment.pathExtension as CFString, nil)?.takeRetainedValue() {
>  8 |     if let type = UTTypeCopyPreferredTagWithClass(identifier, kUTTagClassMIMEType)?.takeRetainedValue() {
     |                   ^ 'UTTypeCopyPreferredTagWithClass' was deprecated in iOS 15.0: Use the UTType class instead.
   9 |       return type as String
  10 |     }
  11 |   }


⚠️  (node_modules/expo-file-system/ios/NetworkingHelpers.swift:8:63)

   6 | func findMimeType(forAttachment attachment: URL) -> String {
   7 |   if let identifier = UTTypeCreatePreferredIdentifierForTag(kUTTagClassFilenameExtension, attachment.pathExtension as CFString, nil)?.takeRetainedValue() {
>  8 |     if let type = UTTypeCopyPreferredTagWithClass(identifier, kUTTagClassMIMEType)?.takeRetainedValue() {
     |                                                               ^ 'kUTTagClassMIMEType' was deprecated in iOS 15.0: Use UTTagClassMIMEType instead.
   9 |       return type as String
  10 |     }
  11 |   }


❌  (node_modules/expo/ios/AppDelegates/ExpoReactNativeFactory.swift:19:19)

  17 |     let releaseLevel = (Bundle.main.object(forInfoDictionaryKey: "ReactNativeReleaseLevel") as? String)
  18 |       .flatMap { [
> 19 |         "canary": RCTReleaseLevel.Canary,
     |                   ^ cannot find 'RCTReleaseLevel' in scope
  20 |         "experimental": RCTReleaseLevel.Experimental,
  21 |         "stable": RCTReleaseLevel.Stable
  22 |       ][$0.lowercased()]


❌  (node_modules/expo/ios/AppDelegates/ExpoReactNativeFactory.swift:20:25)

  18 |       .flatMap { [
  19 |         "canary": RCTReleaseLevel.Canary,
> 20 |         "experimental": RCTReleaseLevel.Experimental,
     |                         ^ cannot find 'RCTReleaseLevel' in scope
  21 |         "stable": RCTReleaseLevel.Stable
  22 |       ][$0.lowercased()]
  23 |       }


❌  (node_modules/expo/ios/AppDelegates/ExpoReactNativeFactory.swift:21:19)

  19 |         "canary": RCTReleaseLevel.Canary,
  20 |         "experimental": RCTReleaseLevel.Experimental,
> 21 |         "stable": RCTReleaseLevel.Stable
     |                   ^ cannot find 'RCTReleaseLevel' in scope
  22 |       ][$0.lowercased()]
  23 |       }
  24 |     ?? RCTReleaseLevel.Stable


❌  (node_modules/expo/ios/AppDelegates/ExpoReactNativeFactory.swift:24:8)

  22 |       ][$0.lowercased()]
  23 |       }
> 24 |     ?? RCTReleaseLevel.Stable
     |        ^ cannot find 'RCTReleaseLevel' in scope
  25 |
  26 |     super.init(delegate: delegate, releaseLevel: releaseLevel)
  27 |   }


❌  (node_modules/expo/ios/AppDelegates/ExpoReactNativeFactory.swift:26:50)

  24 |     ?? RCTReleaseLevel.Stable
  25 |
> 26 |     super.init(delegate: delegate, releaseLevel: releaseLevel)
     |                                                  ^ extra argument 'releaseLevel' in call
  27 |   }
  28 |   #endif
  29 |


⚠️  (node_modules/expo/ios/AppDelegates/ExpoReactNativeFactory.swift:100:15)

   98 |     launchOptions: [AnyHashable: Any]?
   99 |   ) -> UIView {
> 100 |     guard let delegate = self.delegate else {
      |               ^ value 'delegate' was defined but never used; consider replacing with boolean test
  101 |       fatalError("recreateRootView: Missing RCTReactNativeFactoryDelegate")
  102 |     }
  103 |


⚠️  (ios/Pods/Headers/Public/ExpoModulesCore/ExpoModulesCore/EXNativeModulesProxy.h:13:4)

  11 | @interface EXModulesProxyConfig : NSObject
  12 |
> 13 | - (instancetype)initWithConstants:(nonnull NSDictionary *)constants
     |    ^ pointer is missing a nullability type specifier 
  14 |                       methodNames:(nonnull NSDictionary *)methodNames
  15 |                      viewManagers:(nonnull NSDictionary *)viewManagerMetadata;
  16 |

    Run script build phase '[CP-User] Generate updates resources for expo-updates' will be run during every build because it does not specify any outputs. To address this issue, either add output dependencies to the script phase, or configure it to run in every build by unchecking "Based on dependency analysis" in the script phase. (in target 'EXUpdates' from project 'Pods')
Exited with code: 65

› 5 error(s), and 295 warning(s)

CommandError: Failed to build iOS project. "xcodebuild" exited with error code 65.
CommandError: Failed to build iOS project. "xcodebuild" exited with error code 65.
    at Object.buildAsync (/Users/clisamax/Documents/GITHUB/FormCam/node_modules/@expo/cli/src/run/ios/XcodeBuild.ts:334:13)
    at runIosAsync (/Users/clisamax/Documents/GITHUB/FormCam/node_modules/@expo/cli/src/run/ios/runIosAsync.ts:128:25)
