[2026-02-17 04:52:55] 🚀 Iniciando script – 2026-02-17_04-52-54
[2026-02-17 04:52:55] ✅ Node v24.12.0 OK
[2026-02-17 04:52:55] ✅ Yarn 1.22.22 OK
[2026-02-17 04:52:55] ✅ Expo (SDK) local (54.0.23)
[2026-02-17 04:52:55] ✅ Xcode 26.2 OK
[2026-02-17 04:52:55] ✅ CocoaPods 1.16.2 OK
[2026-02-17 04:52:55] ✅ watchman 2026.01.12.00 encontrado
[2026-02-17 04:52:55] ⚠️ idevice_id não encontrado – usarei fallback via system_profiler.
[2026-02-17 04:52:55] 📦 Instalando dependências com Yarn (frozen‑lockfile)…
yarn install v1.22.22
[1/4] Resolving packages...
(node:87168) [DEP0169] DeprecationWarning: `url.parse()` behavior is not standardized and prone to errors that have security implications. Use the WHATWG URL API instead. CVEs are not issued for `url.parse()` vulnerabilities.
(Use `node --trace-deprecation ...` to show where the warning was created)
success Already up-to-date.
Done in 0.15s.
[2026-02-17 04:52:55] 🧹 Limpando artefatos de build anteriores…
[2026-02-17 04:52:56]    • .expo removida
[2026-02-17 04:52:56]    • DerivedData (/Users/clisamax/Library/Developer/Xcode/DerivedData/FormCam-bghffiesmchebqfenymgyejtnsai
/Users/clisamax/Library/Developer/Xcode/DerivedData/FormCam-dafqrjcqenjoxbfbwuupgqbhuhip) removida
[2026-02-17 04:52:56] 🧹 Resetando o cache do Metro…
[2026-02-17 04:52:56] ✅  RAM‑disk já está montado em /Volumes/metro-ram
[2026-02-17 04:52:56]    • METRO_CACHE_DIR = /Volumes/metro-ram/metro-cache
[2026-02-17 04:52:56]    • Iniciando Metro em background (gera grafo)…
[2026-02-17 04:52:56] ⏳ Metro ainda indexando (0s, PID=87203) – cache   0B
2026-02-17T07:52:56.114Z expo:telemetry Switching strategy from detached to instant
2026-02-17T07:52:56.141Z expo:telemetry Recording 1 event(s)
2026-02-17T07:52:56.147Z expo:env Loaded environment variables from: /Users/clisamax/Documents/GITHUB/FormCam/.env
2026-02-17T07:52:56.147Z expo:env /Users/clisamax/Documents/GITHUB/FormCam/.env.development does not exist, skipping this env file
2026-02-17T07:52:56.147Z expo:env /Users/clisamax/Documents/GITHUB/FormCam/.env.local does not exist, skipping this env file
2026-02-17T07:52:56.147Z expo:env /Users/clisamax/Documents/GITHUB/FormCam/.env.development.local does not exist, skipping this env file
env: load .env
env: export EXPO_PUBLIC_API_URL EXPO_PUBLIC_IMMICH_URL EXPO_PUBLIC_IMMICH_API_KEY
2026-02-17T07:52:56.214Z expo:utils:scheme ios application Info.plist path: FormCam/Info.plist
2026-02-17T07:52:56.218Z expo:utils:scheme ios application schemes: [ 'formcam', 'com.clisamax.FormCam', 'exp+formcam' ]
2026-02-17T07:52:56.229Z expo:utils:scheme expected error collecting android application schemes for the main activity: TypeError: Cannot read properties of null (reading 'manifest')
    at isManifest (/Users/clisamax/Documents/GITHUB/FormCam/node_modules/@expo/config-plugins/build/android/Manifest.js:73:16)
    at Object.readAndroidManifestAsync (/Users/clisamax/Documents/GITHUB/FormCam/node_modules/@expo/config-plugins/build/android/Manifest.js:66:8)
    at async getSchemesForAndroidAsync (/Users/clisamax/Documents/GITHUB/FormCam/node_modules/@expo/cli/build/src/utils/scheme.js:155:26)
    at async Promise.all (index 1)
    at async getOptionalDevClientSchemeAsync (/Users/clisamax/Documents/GITHUB/FormCam/node_modules/@expo/cli/build/src/utils/scheme.js:182:28)
    at async resolveSchemeAsync (/Users/clisamax/Documents/GITHUB/FormCam/node_modules/@expo/cli/build/src/start/resolveOptions.js:99:32)
    at async resolveOptionsAsync (/Users/clisamax/Documents/GITHUB/FormCam/node_modules/@expo/cli/build/src/start/resolveOptions.js:70:20)
    at async expoStart (/Users/clisamax/Documents/GITHUB/FormCam/node_modules/@expo/cli/build/src/start/index.js:140:21)
Starting project at /Users/clisamax/Documents/GITHUB/FormCam
2026-02-17T07:52:56.273Z expo:utils:fileNotifier Observing /Users/clisamax/Documents/GITHUB/FormCam/babel.config.js
2026-02-17T07:52:56.337Z expo:start:server:devServer Stopping dev server (bundler: metro)
2026-02-17T07:52:56.337Z expo:start:server:devServer Stopped dev server (bundler: metro)
Using src/app as the root directory for Expo Router.
2026-02-17T07:52:56.530Z expo:metro:config react-native-reanimated package.json: /Users/clisamax/Documents/GITHUB/FormCam/node_modules/react-native-reanimated/package.json
2026-02-17T07:52:56.533Z expo:metro:config react-native-reanimated package.json: /Users/clisamax/Documents/GITHUB/FormCam/node_modules/react-native-reanimated/package.json

Expo Metro config:
- Version: 54.0.14
- Extensions: ts, tsx, mjs, js, jsx, json, cjs, scss, sass, css
- React Native: /Users/clisamax/Documents/GITHUB/FormCam/node_modules/react-native
- Watch Folders: 
- Node Module Paths: 
- Sass: null
- Reanimated: 3.17.5
- Worklets: null
- Babel Runtime: null


Expo Metro config:
- Version: 54.0.14
- Extensions: ts, tsx, mjs, js, jsx, json, cjs, scss, sass, css
- React Native: /Users/clisamax/Documents/GITHUB/FormCam/node_modules/react-native
- Watch Folders: 
- Node Module Paths: 
- Sass: null
- Reanimated: 3.17.5
- Worklets: null
- Babel Runtime: null

2026-02-17T07:52:56.623Z expo:metro:withMetroResolvers Appending 8 custom resolvers to Metro config. (has custom resolver: false)
2026-02-17T07:52:56.645Z expo:start:server:urlCreator URL: http://127.0.0.1:8081
Metro is running in CI mode, reloads are disabled. Remove CI=true to enable watch mode.
Starting Metro Bundler
warning: Bundler cache is empty, rebuilding (this may take a minute)
2026-02-17T07:52:56.742Z expo:start:server:middleware:serveStatic Serving static files from: /Users/clisamax/Documents/GITHUB/FormCam/public
2026-02-17T07:52:56.856Z expo:start:server:urlCreator URL: http://192.168.0.6:8081
2026-02-17T07:52:56.856Z expo:start:server:urlCreator Dev client URL: exp+formcam://expo-development-client/?url=http%3A%2F%2F192.168.0.6%3A8081 -- manifestUrl: http://192.168.0.6:8081 -- {}
2026-02-17T07:52:56.857Z expo:start:server:developmentSession This project will not be suggested in Expo Go or Dev Clients because Expo CLI is running in CI.
2026-02-17T07:52:56.857Z expo:utils:fileNotifier Observing /Users/clisamax/Documents/GITHUB/FormCam/metro.config.js
2026-02-17T07:52:56.857Z expo:start:server:metro:waitForTypescript Watching file changes: [
  '/Users/clisamax/Documents/GITHUB/FormCam/.env.development.local',
  '/Users/clisamax/Documents/GITHUB/FormCam/.env.local',
  '/Users/clisamax/Documents/GITHUB/FormCam/.env.development',
  '/Users/clisamax/Documents/GITHUB/FormCam/.env'
]
2026-02-17T07:52:56.857Z expo:doctor:typescriptSupport Ensuring TypeScript support is setup
2026-02-17T07:52:56.865Z expo:doctor:apple:simulatorApp Simulator app id: com.apple.iphonesimulator
2026-02-17T07:52:56.876Z expo:doctor:dependencies:getMissingPackages Required package "typescript" found (no version constraint specified).
2026-02-17T07:52:56.876Z expo:doctor:dependencies:getMissingPackages Required package "@types/react" found (no version constraint specified).
2026-02-17T07:52:56.878Z expo:typed-routes Ensuring typed routes side-effects are setup (experiments.typedRoutes: true, typesDirectory: /Users/clisamax/Documents/GITHUB/FormCam/.expo/types)
Waiting on http://localhost:8081
Logs for your project will appear below.
2026-02-17T07:52:56.883Z expo:start:server:metro:metroWatchTypeScriptFiles Waiting for TypeScript files to be added to the project...
[2026-02-17 04:53:06] ✅ Metro sinalizou prontidão (READY)!
[2026-02-17 04:53:06] ✅ Cache reconstruído/aquecido com sucesso (tempo: 10s).
[2026-02-17 04:53:18]    • RAM‑disk desmontado (sudo)
[2026-02-17 04:53:18] 🔧 Atualizando Pods…
Using Expo modules
[Expo] Enabling modular headers for pod ExpoModulesCore
[Expo] Enabling modular headers for pod React-RCTAppDelegate
[Expo] Enabling modular headers for pod React-RCTFabric
[Expo] Enabling modular headers for pod ReactAppDependencyProvider
[Expo] Enabling modular headers for pod React-Core
[Expo] Enabling modular headers for pod RCT-Folly
[Expo] Enabling modular headers for pod glog
[Expo] Enabling modular headers for pod ReactCodegen
[Expo] Enabling modular headers for pod RCTRequired
[Expo] Enabling modular headers for pod RCTTypeSafety
[Expo] Enabling modular headers for pod ReactCommon
[Expo] Enabling modular headers for pod React-NativeModulesApple
[Expo] Enabling modular headers for pod Yoga
[Expo] Enabling modular headers for pod React-Fabric
[Expo] Enabling modular headers for pod React-graphics
[Expo] Enabling modular headers for pod React-utils
[Expo] Enabling modular headers for pod React-featureflags
[Expo] Enabling modular headers for pod React-debug
[Expo] Enabling modular headers for pod React-ImageManager
[Expo] Enabling modular headers for pod React-rendererdebug
[Expo] Enabling modular headers for pod DoubleConversion
[Expo] Enabling modular headers for pod React-jsi
[Expo] Enabling modular headers for pod React-renderercss
[Expo] Enabling modular headers for pod hermes-engine
[Expo] Enabling modular headers for pod React-hermes
[Expo] Enabling modular headers for pod ZXingObjC
[Expo] Enabling modular headers for pod expo-dev-menu-interface
[Expo] Enabling modular headers for pod EXManifests
[Expo] Enabling modular headers for pod EXUpdatesInterface
[Expo] Enabling modular headers for pod expo-dev-menu
[Expo] Enabling modular headers for pod React-jsinspector
[Expo] Enabling modular headers for pod expo-dev-launcher
[Expo] Enabling modular headers for pod EXImageLoader
[Expo] Enabling modular headers for pod SDWebImageWebPCoder
[Expo] Enabling modular headers for pod EXStructuredHeaders
[Expo] Enabling modular headers for pod EASClient
[Expo] Enabling modular headers for pod ReachabilitySwift
Found 9 modules for target `FormCam`
link_native_modules! {:ios_packages=>[{:configurations=>[], :name=>"@react-native-async-storage/async-storage", :root=>"/Users/clisamax/Documents/GITHUB/FormCam/node_modules/@react-native-async-storage/async-storage", :path=>"../node_modules/@react-native-async-storage/async-storage", :podspec_path=>"/Users/clisamax/Documents/GITHUB/FormCam/node_modules/@react-native-async-storage/async-storage/RNCAsyncStorage.podspec", :script_phases=>[]}, {:configurations=>[], :name=>"@react-native-community/datetimepicker", :root=>"/Users/clisamax/Documents/GITHUB/FormCam/node_modules/@react-native-community/datetimepicker", :path=>"../node_modules/@react-native-community/datetimepicker", :podspec_path=>"/Users/clisamax/Documents/GITHUB/FormCam/node_modules/@react-native-community/datetimepicker/RNDateTimePicker.podspec", :script_phases=>[]}, {:configurations=>[], :name=>"@react-native-community/netinfo", :root=>"/Users/clisamax/Documents/GITHUB/FormCam/node_modules/@react-native-community/netinfo", :path=>"../node_modules/@react-native-community/netinfo", :podspec_path=>"/Users/clisamax/Documents/GITHUB/FormCam/node_modules/@react-native-community/netinfo/react-native-netinfo.podspec", :script_phases=>[]}, {:configurations=>[], :name=>"expo", :root=>"/Users/clisamax/Documents/GITHUB/FormCam/node_modules/expo", :path=>"../node_modules/expo", :podspec_path=>"/Users/clisamax/Documents/GITHUB/FormCam/node_modules/expo/Expo.podspec", :script_phases=>[]}, {:configurations=>[], :name=>"react-native-gesture-handler", :root=>"/Users/clisamax/Documents/GITHUB/FormCam/node_modules/react-native-gesture-handler", :path=>"../node_modules/react-native-gesture-handler", :podspec_path=>"/Users/clisamax/Documents/GITHUB/FormCam/node_modules/react-native-gesture-handler/RNGestureHandler.podspec", :script_phases=>[]}, {:configurations=>[], :name=>"react-native-reanimated", :root=>"/Users/clisamax/Documents/GITHUB/FormCam/node_modules/react-native-reanimated", :path=>"../node_modules/react-native-reanimated", :podspec_path=>"/Users/clisamax/Documents/GITHUB/FormCam/node_modules/react-native-reanimated/RNReanimated.podspec", :script_phases=>[]}, {:configurations=>[], :name=>"react-native-safe-area-context", :root=>"/Users/clisamax/Documents/GITHUB/FormCam/node_modules/react-native-safe-area-context", :path=>"../node_modules/react-native-safe-area-context", :podspec_path=>"/Users/clisamax/Documents/GITHUB/FormCam/node_modules/react-native-safe-area-context/react-native-safe-area-context.podspec", :script_phases=>[]}, {:configurations=>[], :name=>"react-native-screens", :root=>"/Users/clisamax/Documents/GITHUB/FormCam/node_modules/react-native-screens", :path=>"../node_modules/react-native-screens", :podspec_path=>"/Users/clisamax/Documents/GITHUB/FormCam/node_modules/react-native-screens/RNScreens.podspec", :script_phases=>[]}, {:configurations=>[], :name=>"react-native-vector-icons", :root=>"/Users/clisamax/Documents/GITHUB/FormCam/node_modules/react-native-vector-icons", :path=>"../node_modules/react-native-vector-icons", :podspec_path=>"/Users/clisamax/Documents/GITHUB/FormCam/node_modules/react-native-vector-icons/RNVectorIcons.podspec", :script_phases=>[]}], :ios_project_root_path=>"/Users/clisamax/Documents/GITHUB/FormCam/ios", :react_native_path=>"../node_modules/react-native"}
Auto-linking React Native modules for target `FormCam`: RNCAsyncStorage, RNDateTimePicker, RNGestureHandler, RNReanimated, RNScreens, RNVectorIcons, react-native-netinfo, and react-native-safe-area-context
Framework build type is static library
Configuring the target with the New Architecture
[36m[1m[Codegen][0m Analyzing /Users/clisamax/Documents/GITHUB/FormCam/package.json[0m
[36m[1m[Codegen][0m [33mSearching for codegen-enabled libraries in the app.[0m
[36m[1m[Codegen][0m [33mThe "codegenConfig" field is not defined in package.json. Assuming there is nothing to generate at the app level.[0m
[36m[1m[Codegen][0m [33mSearching for codegen-enabled libraries in the project dependencies.[0m
[36m[1m[Codegen][0m Found @react-native-async-storage/async-storage[0m
[36m[1m[Codegen][0m Found @react-native-community/datetimepicker[0m
[36m[1m[Codegen][0m Found expo-media-library[0m
[36m[1m[Codegen][0m Found react-native[0m
[36m[1m[Codegen][0m Found react-native-gesture-handler[0m
[36m[1m[Codegen][0m Found react-native-reanimated[0m
[36m[1m[Codegen][0m Found react-native-safe-area-context[0m
[36m[1m[Codegen][0m Found react-native-screens[0m
[36m[1m[Codegen][0m Found react-native-vector-icons[0m
[36m[1m[Codegen][0m [33mSearching for codegen-enabled libraries in react-native.config.js[0m
[36m[1m[Codegen][0m Processing rnasyncstorage[0m
[36m[1m[Codegen][0m [33mSearching for podspec in the project dependencies.[0m
[36m[1m[Codegen][0m Supported Apple platforms: ios, macos, tvos, visionos for rnasyncstorage[0m
[36m[1m[Codegen][0m Processing RNDateTimePickerCGen[0m
[36m[1m[Codegen][0m [33mSearching for podspec in the project dependencies.[0m
[36m[1m[Codegen][0m Supported Apple platforms: ios, visionos for RNDateTimePickerCGen[0m
[36m[1m[Codegen][0m Processing expo-media-library[0m
[36m[1m[Codegen][0m [33mSearching for podspec in the project dependencies.[0m
[36m[1m[Codegen][0m Processing FBReactNativeSpec[0m
[36m[1m[Codegen][0m [33mSearching for podspec in the project dependencies.[0m
[36m[1m[Codegen][0m Processing rncore[0m
[36m[1m[Codegen][0m [33mSearching for podspec in the project dependencies.[0m
[36m[1m[Codegen][0m Processing rngesturehandler_codegen[0m
[36m[1m[Codegen][0m [33mSearching for podspec in the project dependencies.[0m
[36m[1m[Codegen][0m Supported Apple platforms: ios, macos, tvos, visionos for rngesturehandler_codegen[0m
[36m[1m[Codegen][0m Processing rnreanimated[0m
[36m[1m[Codegen][0m [33mSearching for podspec in the project dependencies.[0m
[36m[1m[Codegen][0m Supported Apple platforms: ios, macos, tvos, visionos for rnreanimated[0m
[36m[1m[Codegen][0m Processing safeareacontext[0m
[36m[1m[Codegen][0m [33mSearching for podspec in the project dependencies.[0m
[36m[1m[Codegen][0m Supported Apple platforms: ios, macos, tvos, visionos for safeareacontext[0m
[36m[1m[Codegen][0m Processing rnscreens[0m
[36m[1m[Codegen][0m [33mSearching for podspec in the project dependencies.[0m
[36m[1m[Codegen][0m Supported Apple platforms: ios, tvos, visionos for rnscreens[0m
[36m[1m[Codegen][0m Processing RNVectorIconsSpec[0m
[36m[1m[Codegen][0m [33mSearching for podspec in the project dependencies.[0m
[36m[1m[Codegen][0m Supported Apple platforms: ios, tvos, visionos for RNVectorIconsSpec[0m
[36m[1m[Codegen][0m Generating Native Code for rnasyncstorage - ios[0m
[36m[1m[Codegen][0m Generated artifacts: /Users/clisamax/Documents/GITHUB/FormCam/ios/build/generated/ios[0m
[36m[1m[Codegen][0m Generating Native Code for RNDateTimePickerCGen - ios[0m
[36m[1m[Codegen][0m Generated artifacts: /Users/clisamax/Documents/GITHUB/FormCam/ios/build/generated/ios[0m
[36m[1m[Codegen][0m Generating Native Code for expo-media-library - ios[0m
[36m[1m[Codegen][0m Generated artifacts: /Users/clisamax/Documents/GITHUB/FormCam/ios/build/generated/ios[0m
[36m[1m[Codegen][0m [33m[Codegen - FBReactNativeSpec] Skipping iOS code generation for FBReactNativeSpec as it has been generated already.[0m
[36m[1m[Codegen][0m [33m[Codegen - rncore] Skipping iOS code generation for rncore as it has been generated already.[0m
[36m[1m[Codegen][0m Generating Native Code for rngesturehandler_codegen - ios[0m
[36m[1m[Codegen][0m Generated artifacts: /Users/clisamax/Documents/GITHUB/FormCam/ios/build/generated/ios[0m
[36m[1m[Codegen][0m Generating Native Code for rnreanimated - ios[0m
[36m[1m[Codegen][0m Generated artifacts: /Users/clisamax/Documents/GITHUB/FormCam/ios/build/generated/ios[0m
[36m[1m[Codegen][0m Generating Native Code for safeareacontext - ios[0m
[36m[1m[Codegen][0m Generated artifacts: /Users/clisamax/Documents/GITHUB/FormCam/ios/build/generated/ios[0m
[36m[1m[Codegen][0m Generating Native Code for rnscreens - ios[0m
[36m[1m[Codegen][0m Generated artifacts: /Users/clisamax/Documents/GITHUB/FormCam/ios/build/generated/ios[0m
[36m[1m[Codegen][0m Generating Native Code for RNVectorIconsSpec - ios[0m
[36m[1m[Codegen][0m Generated artifacts: /Users/clisamax/Documents/GITHUB/FormCam/ios/build/generated/ios[0m
[36m[1m[Codegen][0m Generating RCTThirdPartyComponentsProvider.h[0m
[36m[1m[Codegen][0m Generated artifact: /Users/clisamax/Documents/GITHUB/FormCam/ios/build/generated/ios/RCTThirdPartyComponentsProvider.h[0m
[36m[1m[Codegen][0m Generating RCTThirdPartyComponentsProvider.mm[0m
[36m[1m[Codegen][0m Crawling @react-native-community/datetimepicker library for components[0m
[36m[1m[Codegen][0m Match found RNDateTimePicker -> RNDateTimePickerComponentView[0m
[36m[1m[Codegen][0m [33m[DEPRECATED] @react-native-community/datetimepicker should add the 'ios.componentProvider' property in their codegenConfig[0m
[36m[1m[Codegen][0m Generated artifact: /Users/clisamax/Documents/GITHUB/FormCam/ios/build/generated/ios/RCTThirdPartyComponentsProvider.mm[0m
[36m[1m[Codegen][0m Generating RCTModulesProvider.h[0m
[36m[1m[Codegen][0m Generated artifact: /Users/clisamax/Documents/GITHUB/FormCam/ios/build/generated/ios/RCTModuleProviders.h[0m
[36m[1m[Codegen][0m Generating RCTModuleProviders.mm[0m
[36m[1m[Codegen][0m Generated artifact: /Users/clisamax/Documents/GITHUB/FormCam/ios/build/generated/ios/RCTModuleProviders.mm[0m
[36m[1m[Codegen][0m Generating RCTAppDependencyProvider[0m
[36m[1m[Codegen][0m Generated artifact: /Users/clisamax/Documents/GITHUB/FormCam/ios/build/generated/ios/RCTAppDependencyProvider.h[0m
[36m[1m[Codegen][0m Generated artifact: /Users/clisamax/Documents/GITHUB/FormCam/ios/build/generated/ios/RCTAppDependencyProvider.mm[0m
[36m[1m[Codegen][0m Generated podspec: /Users/clisamax/Documents/GITHUB/FormCam/ios/build/generated/ios/ReactAppDependencyProvider.podspec[0m
[36m[1m[Codegen][0m Generated podspec: /Users/clisamax/Documents/GITHUB/FormCam/ios/build/generated/ios/ReactCodegen.podspec[0m
[36m[1m[Codegen][0m [33mDone.[0m
No modules to process in combine-js-to-schema-cli. If this is unexpected, please check if you set up your NativeComponent correctly. See combine-js-to-schema.js for how codegen finds modules.
Updating local specs repositories
Analyzing dependencies
Downloading dependencies
Installing EXConstants 17.1.8 (was 18.0.13)
Installing EXImageLoader 5.1.0 (was 6.0.0)
Installing EXUpdates 0.28.18 (was 0.28.17)
Installing Expo 54.0.33 (was 53.0.25)
Installing ExpoAsset 12.0.12 (was 11.1.7)
Installing ExpoHead 5.1.11 (was 5.1.10)
Installing ExpoImageManipulator 13.1.7 (was 14.0.8)
Installing ExpoKeepAwake 15.0.8 (was 14.1.4)
Installing ExpoMediaLibrary 17.1.7 (was 18.2.1)
Installing ExpoModulesCore 3.0.29 (was 2.5.0)
Installing expo-dev-client 5.2.4
Generating Pods project
Setting USE_HERMES build settings
Setting REACT_NATIVE_PATH build settings
Setting SWIFT_ACTIVE_COMPILATION_CONDITIONS build settings
[Ccache]: Removing Ccache from CC, LD, CXX & LDPLUSPLUS build settings
[SPM] Cleaning old SPM dependencies from Pods project
[SPM] Adding SPM dependencies to Pods project
[Privacy Manifest Aggregation] Appending aggregated reasons to existing PrivacyInfo.xcprivacy file.
[Privacy Manifest Aggregation] Reading .xcprivacy files to aggregate all used Required Reason APIs.
Setting CLANG_CXX_LANGUAGE_STANDARD to c++20 on /Users/clisamax/Documents/GITHUB/FormCam/ios/FormCam.xcodeproj

==================== DEPRECATION NOTICE =====================
Calling `pod install` directly is deprecated in React Native
because we are moving away from Cocoapods toward alternative
solutions to build the project.
* If you are using Expo, please run:
`npx expo run:ios`
* If you are using the Community CLI, please run:
`yarn ios`
=============================================================

Pod install took 9 [s] to run
Integrating client project
Pod installation complete! There are 106 dependencies from the Podfile and 110 total pods installed.
[Expo] Adding '[Expo Autolinking] Run Codegen with autolinking' build phase to ReactCodegen

[!] Can't merge pod_target_xcconfig for pod targets: ["expo-dev-menu", "Main", "ReactNativeCompatibles", "SafeAreaView", "Vendored"]. Singular build setting DEFINES_MODULE has different values.

[!] Can't merge pod_target_xcconfig for pod targets: ["expo-dev-menu", "Main", "ReactNativeCompatibles", "SafeAreaView", "Vendored"]. Singular build setting DEFINES_MODULE has different values.
[2026-02-17 04:53:28] ✅ Pods instalados
[2026-02-17 04:53:28] 📱 Detectando iPhone conectado…
[2026-02-17 04:53:38] ✅ Dispositivo selecionado: Clisamax
[2026-02-17 04:53:38] 🛠️ Iniciando build iOS com Expo…
[2026-02-17 04:53:38]    • Executando: /Users/clisamax/Documents/GITHUB/FormCam/node_modules/.bin/expo run:ios --device "Clisamax" --non-interactive
  --non-interactive is not supported, use $CI=1 instead
2026-02-17T07:53:38.368Z expo:telemetry Switching strategy from detached to instant
2026-02-17T07:53:38.391Z expo:telemetry Recording 1 event(s)
2026-02-17T07:53:38.498Z expo:env Loaded environment variables from: /Users/clisamax/Documents/GITHUB/FormCam/.env
2026-02-17T07:53:38.499Z expo:env /Users/clisamax/Documents/GITHUB/FormCam/.env.development does not exist, skipping this env file
2026-02-17T07:53:38.499Z expo:env /Users/clisamax/Documents/GITHUB/FormCam/.env.local does not exist, skipping this env file
2026-02-17T07:53:38.499Z expo:env /Users/clisamax/Documents/GITHUB/FormCam/.env.development.local does not exist, skipping this env file
env: load .env
env: export EXPO_PUBLIC_API_URL EXPO_PUBLIC_IMMICH_URL EXPO_PUBLIC_IMMICH_API_KEY
- Installing CocoaPods...
> pod install
- Installing CocoaPods...
Using Expo modules
[34m[Expo] [0mEnabling modular headers for pod [32mExpoModulesCore[0m
[34m[Expo] [0mEnabling modular headers for pod [32mReact-RCTAppDelegate[0m
[34m[Expo] [0mEnabling modular headers for pod [32mReact-RCTFabric[0m
[34m[Expo] [0mEnabling modular headers for pod [32mReactAppDependencyProvider[0m
[34m[Expo] [0mEnabling modular headers for pod [32mReact-Core[0m
[34m[Expo] [0mEnabling modular headers for pod [32mRCT-Folly[0m
[34m[Expo] [0mEnabling modular headers for pod [32mglog[0m
[34m[Expo] [0mEnabling modular headers for pod [32mReactCodegen[0m
[34m[Expo] [0mEnabling modular headers for pod [32mRCTRequired[0m
[34m[Expo] [0mEnabling modular headers for pod [32mRCTTypeSafety[0m
[34m[Expo] [0mEnabling modular headers for pod [32mReactCommon[0m
[34m[Expo] [0mEnabling modular headers for pod [32mReact-NativeModulesApple[0m
[34m[Expo] [0mEnabling modular headers for pod [32mYoga[0m
[34m[Expo] [0mEnabling modular headers for pod [32mReact-Fabric[0m
[34m[Expo] [0mEnabling modular headers for pod [32mReact-graphics[0m
[34m[Expo] [0mEnabling modular headers for pod [32mReact-utils[0m
[34m[Expo] [0mEnabling modular headers for pod [32mReact-featureflags[0m
[34m[Expo] [0mEnabling modular headers for pod [32mReact-debug[0m
[34m[Expo] [0mEnabling modular headers for pod [32mReact-ImageManager[0m
[34m[Expo] [0mEnabling modular headers for pod [32mReact-rendererdebug[0m
[34m[Expo] [0mEnabling modular headers for pod [32mDoubleConversion[0m
[34m[Expo] [0mEnabling modular headers for pod [32mReact-jsi[0m
[34m[Expo] [0mEnabling modular headers for pod [32mReact-renderercss[0m
[34m[Expo] [0mEnabling modular headers for pod [32mhermes-engine[0m
[34m[Expo] [0mEnabling modular headers for pod [32mReact-hermes[0m
[34m[Expo] [0mEnabling modular headers for pod [32mZXingObjC[0m
[34m[Expo] [0mEnabling modular headers for pod [32mexpo-dev-menu-interface[0m
[34m[Expo] [0mEnabling modular headers for pod [32mEXManifests[0m
[34m[Expo] [0mEnabling modular headers for pod [32mEXUpdatesInterface[0m
[34m[Expo] [0mEnabling modular headers for pod [32mexpo-dev-menu[0m
[34m[Expo] [0mEnabling modular headers for pod [32mReact-jsinspector[0m
[34m[Expo] [0mEnabling modular headers for pod [32mexpo-dev-launcher[0m
[34m[Expo] [0mEnabling modular headers for pod [32mEXImageLoader[0m
[34m[Expo] [0mEnabling modular headers for pod [32mSDWebImageWebPCoder[0m
[34m[Expo] [0mEnabling modular headers for pod [32mEXStructuredHeaders[0m
[34m[Expo] [0mEnabling modular headers for pod [32mEASClient[0m
[34m[Expo] [0mEnabling modular headers for pod [32mReachabilitySwift[0m
Found 9 modules for target `FormCam`
link_native_modules! {:ios_packages=>[{:configurations=>[], :name=>"@react-native-async-storage/async-storage", :root=>"/Users/clisamax/Documents/GITHUB/FormCam/node_modules/@react-native-async-storage/async-storage", :path=>"../node_modules/@react-native-async-storage/async-storage", :podspec_path=>"/Users/clisamax/Documents/GITHUB/FormCam/node_modules/@react-native-async-storage/async-storage/RNCAsyncStorage.podspec", :script_phases=>[]}, {:configurations=>[], :name=>"@react-native-community/datetimepicker", :root=>"/Users/clisamax/Documents/GITHUB/FormCam/node_modules/@react-native-community/datetimepicker", :path=>"../node_modules/@react-native-community/datetimepicker", :podspec_path=>"/Users/clisamax/Documents/GITHUB/FormCam/node_modules/@react-native-community/datetimepicker/RNDateTimePicker.podspec", :script_phases=>[]}, {:configurations=>[], :name=>"@react-native-community/netinfo", :root=>"/Users/clisamax/Documents/GITHUB/FormCam/node_modules/@react-native-community/netinfo", :path=>"../node_modules/@react-native-community/netinfo", :podspec_path=>"/Users/clisamax/Documents/GITHUB/FormCam/node_modules/@react-native-community/netinfo/react-native-netinfo.podspec", :script_phases=>[]}, {:configurations=>[], :name=>"expo", :root=>"/Users/clisamax/Documents/GITHUB/FormCam/node_modules/expo", :path=>"../node_modules/expo", :podspec_path=>"/Users/clisamax/Documents/GITHUB/FormCam/node_modules/expo/Expo.podspec", :script_phases=>[]}, {:configurations=>[], :name=>"react-native-gesture-handler", :root=>"/Users/clisamax/Documents/GITHUB/FormCam/node_modules/react-native-gesture-handler", :path=>"../node_modules/react-native-gesture-handler", :podspec_path=>"/Users/clisamax/Documents/GITHUB/FormCam/node_modules/react-native-gesture-handler/RNGestureHandler.podspec", :script_phases=>[]}, {:configurations=>[], :name=>"react-native-reanimated", :root=>"/Users/clisamax/Documents/GITHUB/FormCam/node_modules/react-native-reanimated", :path=>"../node_modules/react-native-reanimated", :podspec_path=>"/Users/clisamax/Documents/GITHUB/FormCam/node_modules/react-native-reanimated/RNReanimated.podspec", :script_phases=>[]}, {:configurations=>[], :name=>"react-native-safe-area-context", :root=>"/Users/clisamax/Documents/GITHUB/FormCam/node_modules/react-native-safe-area-context", :path=>"../node_modules/react-native-safe-area-context", :podspec_path=>"/Users/clisamax/Documents/GITHUB/FormCam/node_modules/react-native-safe-area-context/react-native-safe-area-context.podspec", :script_phases=>[]}, {:configurations=>[], :name=>"react-native-screens", :root=>"/Users/clisamax/Documents/GITHUB/FormCam/node_modules/react-native-screens", :path=>"../node_modules/react-native-screens", :podspec_path=>"/Users/clisamax/Documents/GITHUB/FormCam/node_modules/react-native-screens/RNScreens.podspec", :script_phases=>[]}, {:configurations=>[], :name=>"react-native-vector-icons", :root=>"/Users/clisamax/Documents/GITHUB/FormCam/node_modules/react-native-vector-icons", :path=>"../node_modules/react-native-vector-icons", :podspec_path=>"/Users/clisamax/Documents/GITHUB/FormCam/node_modules/react-native-vector-icons/RNVectorIcons.podspec", :script_phases=>[]}], :ios_project_root_path=>"/Users/clisamax/Documents/GITHUB/FormCam/ios", :react_native_path=>"../node_modules/react-native"}
Auto-linking React Native modules for target `FormCam`: RNCAsyncStorage, RNDateTimePicker, RNGestureHandler, RNReanimated, RNScreens, RNVectorIcons, react-native-netinfo, and react-native-safe-area-context
Framework build type is static library
Configuring the target with the New Architecture
[36m[1m[Codegen][0m Analyzing /Users/clisamax/Documents/GITHUB/FormCam/package.json[0m
[36m[1m[Codegen][0m [33mSearching for codegen-enabled libraries in the app.[0m
[36m[1m[Codegen][0m [33mThe "codegenConfig" field is not defined in package.json. Assuming there is nothing to generate at the app level.[0m
[36m[1m[Codegen][0m [33mSearching for codegen-enabled libraries in the project dependencies.[0m
[36m[1m[Codegen][0m Found @react-native-async-storage/async-storage[0m
[36m[1m[Codegen][0m Found @react-native-community/datetimepicker[0m
[36m[1m[Codegen][0m Found expo-media-library[0m
[36m[1m[Codegen][0m Found react-native[0m
[36m[1m[Codegen][0m Found react-native-gesture-handler[0m
[36m[1m[Codegen][0m Found react-native-reanimated[0m
[36m[1m[Codegen][0m Found react-native-safe-area-context[0m
[36m[1m[Codegen][0m Found react-native-screens[0m
[36m[1m[Codegen][0m Found react-native-vector-icons[0m
[36m[1m[Codegen][0m [33mSearching for codegen-enabled libraries in react-native.config.js[0m
[36m[1m[Codegen][0m Processing rnasyncstorage[0m
[36m[1m[Codegen][0m [33mSearching for podspec in the project dependencies.[0m
[36m[1m[Codegen][0m Supported Apple platforms: ios, macos, tvos, visionos for rnasyncstorage[0m
[36m[1m[Codegen][0m Processing RNDateTimePickerCGen[0m
[36m[1m[Codegen][0m [33mSearching for podspec in the project dependencies.[0m
[36m[1m[Codegen][0m Supported Apple platforms: ios, visionos for RNDateTimePickerCGen[0m
[36m[1m[Codegen][0m Processing expo-media-library[0m
[36m[1m[Codegen][0m [33mSearching for podspec in the project dependencies.[0m
[36m[1m[Codegen][0m Processing FBReactNativeSpec[0m
[36m[1m[Codegen][0m [33mSearching for podspec in the project dependencies.[0m
[36m[1m[Codegen][0m Processing rncore[0m
[36m[1m[Codegen][0m [33mSearching for podspec in the project dependencies.[0m
[36m[1m[Codegen][0m Processing rngesturehandler_codegen[0m
[36m[1m[Codegen][0m [33mSearching for podspec in the project dependencies.[0m
[36m[1m[Codegen][0m Supported Apple platforms: ios, macos, tvos, visionos for rngesturehandler_codegen[0m
[36m[1m[Codegen][0m Processing rnreanimated[0m
[36m[1m[Codegen][0m [33mSearching for podspec in the project dependencies.[0m
[36m[1m[Codegen][0m Supported Apple platforms: ios, macos, tvos, visionos for rnreanimated[0m
[36m[1m[Codegen][0m Processing safeareacontext[0m
[36m[1m[Codegen][0m [33mSearching for podspec in the project dependencies.[0m
[36m[1m[Codegen][0m Supported Apple platforms: ios, macos, tvos, visionos for safeareacontext[0m
[36m[1m[Codegen][0m Processing rnscreens[0m
[36m[1m[Codegen][0m [33mSearching for podspec in the project dependencies.[0m
[36m[1m[Codegen][0m Supported Apple platforms: ios, tvos, visionos for rnscreens[0m
[36m[1m[Codegen][0m Processing RNVectorIconsSpec[0m
[36m[1m[Codegen][0m [33mSearching for podspec in the project dependencies.[0m
[36m[1m[Codegen][0m Supported Apple platforms: ios, tvos, visionos for RNVectorIconsSpec[0m
[36m[1m[Codegen][0m Generating Native Code for rnasyncstorage - ios[0m
[36m[1m[Codegen][0m Generated artifacts: /Users/clisamax/Documents/GITHUB/FormCam/ios/build/generated/ios[0m
[36m[1m[Codegen][0m Generating Native Code for RNDateTimePickerCGen - ios[0m
[36m[1m[Codegen][0m Generated artifacts: /Users/clisamax/Documents/GITHUB/FormCam/ios/build/generated/ios[0m
[36m[1m[Codegen][0m Generating Native Code for expo-media-library - ios[0m
[36m[1m[Codegen][0m Generated artifacts: /Users/clisamax/Documents/GITHUB/FormCam/ios/build/generated/ios[0m
[36m[1m[Codegen][0m [33m[Codegen - FBReactNativeSpec] Skipping iOS code generation for FBReactNativeSpec as it has been generated already.[0m
[36m[1m[Codegen][0m [33m[Codegen - rncore] Skipping iOS code generation for rncore as it has been generated already.[0m
[36m[1m[Codegen][0m Generating Native Code for rngesturehandler_codegen - ios[0m
[36m[1m[Codegen][0m Generated artifacts: /Users/clisamax/Documents/GITHUB/FormCam/ios/build/generated/ios[0m
[36m[1m[Codegen][0m Generating Native Code for rnreanimated - ios[0m
[36m[1m[Codegen][0m Generated artifacts: /Users/clisamax/Documents/GITHUB/FormCam/ios/build/generated/ios[0m
[36m[1m[Codegen][0m Generating Native Code for safeareacontext - ios[0m
[36m[1m[Codegen][0m Generated artifacts: /Users/clisamax/Documents/GITHUB/FormCam/ios/build/generated/ios[0m
[36m[1m[Codegen][0m Generating Native Code for rnscreens - ios[0m
[36m[1m[Codegen][0m Generated artifacts: /Users/clisamax/Documents/GITHUB/FormCam/ios/build/generated/ios[0m
[36m[1m[Codegen][0m Generating Native Code for RNVectorIconsSpec - ios[0m
[36m[1m[Codegen][0m Generated artifacts: /Users/clisamax/Documents/GITHUB/FormCam/ios/build/generated/ios[0m
[36m[1m[Codegen][0m Generating RCTThirdPartyComponentsProvider.h[0m
[36m[1m[Codegen][0m Generated artifact: /Users/clisamax/Documents/GITHUB/FormCam/ios/build/generated/ios/RCTThirdPartyComponentsProvider.h[0m
[36m[1m[Codegen][0m Generating RCTThirdPartyComponentsProvider.mm[0m
[36m[1m[Codegen][0m Crawling @react-native-community/datetimepicker library for components[0m
[36m[1m[Codegen][0m Match found RNDateTimePicker -> RNDateTimePickerComponentView[0m
[36m[1m[Codegen][0m [33m[DEPRECATED] @react-native-community/datetimepicker should add the 'ios.componentProvider' property in their codegenConfig[0m
[36m[1m[Codegen][0m Generated artifact: /Users/clisamax/Documents/GITHUB/FormCam/ios/build/generated/ios/RCTThirdPartyComponentsProvider.mm[0m
[36m[1m[Codegen][0m Generating RCTModulesProvider.h[0m
[36m[1m[Codegen][0m Generated artifact: /Users/clisamax/Documents/GITHUB/FormCam/ios/build/generated/ios/RCTModuleProviders.h[0m
[36m[1m[Codegen][0m Generating RCTModuleProviders.mm[0m
[36m[1m[Codegen][0m Generated artifact: /Users/clisamax/Documents/GITHUB/FormCam/ios/build/generated/ios/RCTModuleProviders.mm[0m
[36m[1m[Codegen][0m Generating RCTAppDependencyProvider[0m
[36m[1m[Codegen][0m Generated artifact: /Users/clisamax/Documents/GITHUB/FormCam/ios/build/generated/ios/RCTAppDependencyProvider.h[0m
[36m[1m[Codegen][0m Generated artifact: /Users/clisamax/Documents/GITHUB/FormCam/ios/build/generated/ios/RCTAppDependencyProvider.mm[0m
[36m[1m[Codegen][0m Generated podspec: /Users/clisamax/Documents/GITHUB/FormCam/ios/build/generated/ios/ReactAppDependencyProvider.podspec[0m
[36m[1m[Codegen][0m Generated podspec: /Users/clisamax/Documents/GITHUB/FormCam/ios/build/generated/ios/ReactCodegen.podspec[0m
[36m[1m[Codegen][0m [33mDone.[0m
No modules to process in combine-js-to-schema-cli. If this is unexpected, please check if you set up your NativeComponent correctly. See combine-js-to-schema.js for how codegen finds modules.
Analyzing dependencies
Downloading dependencies
Generating Pods project
Setting USE_HERMES build settings
Setting REACT_NATIVE_PATH build settings
Setting SWIFT_ACTIVE_COMPILATION_CONDITIONS build settings
[Ccache]: Removing Ccache from CC, LD, CXX & LDPLUSPLUS build settings
[SPM] Cleaning old SPM dependencies from Pods project
[SPM] Adding SPM dependencies to Pods project
[Privacy Manifest Aggregation] Appending aggregated reasons to existing PrivacyInfo.xcprivacy file.
[Privacy Manifest Aggregation] Reading .xcprivacy files to aggregate all used Required Reason APIs.
Setting CLANG_CXX_LANGUAGE_STANDARD to c++20 on /Users/clisamax/Documents/GITHUB/FormCam/ios/FormCam.xcodeproj

[33m==================== DEPRECATION NOTICE =====================[0m
[33mCalling `pod install` directly is deprecated in React Native[0m
[33mbecause we are moving away from Cocoapods toward alternative[0m
[33msolutions to build the project.[0m
[33m* If you are using Expo, please run:[0m
[33m`npx expo run:ios`[0m
[33m* If you are using the Community CLI, please run:[0m
[33m`yarn ios`[0m
[33m=============================================================[0m

[32mPod install took 7 [s] to run[0m
Integrating client project
[32mPod installation complete! There are 106 dependencies from the Podfile and 110 total pods installed.[0m
[34m[Expo] [0mAdding '[Expo Autolinking] Run Codegen with autolinking' build phase to ReactCodegen
✔ Installed CocoaPods
2026-02-17T07:53:47.318Z expo:utils:getRunningProcess pid: 87202 for port: 8081
› Skipping dev server
Resolved port: 8081, start dev server: false
2026-02-17T07:53:47.477Z expo:doctor:apple:xcode Xcode version: 26.2.0
2026-02-17T07:53:47.550Z expo:doctor:apple:simulatorApp Simulator app id: com.apple.iphonesimulator
2026-02-17T07:53:47.699Z expo:start:platforms:ios:xcrun Running: xcrun devicectl list devices --json-output /var/folders/88/p03mzgs51pj3xpcnz_66wt_w0000gn/T/bdfcab46335bb6995f0144cce590f16b --timeout 5
2026-02-17T07:53:47.702Z expo:apple-device:client:usbmuxd connectUsbmuxdSocket
2026-02-17T07:53:47.703Z expo:apple-device:client:usbmuxd getDevices
2026-02-17T07:53:47.703Z expo:apple-device:protocol:usbmux socket write: {"messageType":"ListDevices"}
2026-02-17T07:53:47.705Z expo:start:platforms:ios:xcrun Running: xcrun simctl list devices --json 
2026-02-17T07:53:47.710Z expo:apple-device:protocol:usbmux Response: {"DeviceList":[{"DeviceID":1,"MessageType":"Attached","Properties":{"ConnectionSpeed":480000000,"ConnectionType":"USB","DeviceID":1,"LocationID":18034944,"ProductID":4776,"SerialNumber":"00008120-000A7C400A05A01E","USBSerialNumber":"00008120000A7C400A05A01E"}}]}
2026-02-17T07:53:47.710Z expo:apple-device:client:usbmuxd connectUsbmuxdSocket
2026-02-17T07:53:47.710Z expo:apple-device:client:usbmuxd connect: 1 on port 62078
2026-02-17T07:53:47.710Z expo:apple-device:client:usbmuxd connect:device: {
  DeviceID: 1,
  MessageType: 'Attached',
  Properties: {
    ConnectionSpeed: 480000000,
    ConnectionType: 'USB',
    DeviceID: 1,
    LocationID: 18034944,
    ProductID: 4776,
    SerialNumber: '00008120-000A7C400A05A01E',
    USBSerialNumber: '00008120000A7C400A05A01E'
  }
}
2026-02-17T07:53:47.710Z expo:apple-device:protocol:usbmux socket write: {"messageType":"Connect","extraFields":{"DeviceID":1,"PortNumber":32498}}
2026-02-17T07:53:47.713Z expo:apple-device:protocol:usbmux Response: {"MessageType":"Result","Number":0}
2026-02-17T07:53:47.713Z expo:apple-device:client:usbmuxd connect:device:response: { MessageType: 'Result', Number: 0 }
2026-02-17T07:53:47.713Z expo:apple-device:client:lockdownd getAllValues
2026-02-17T07:53:47.713Z expo:apple-device:protocol:lockdown socket write: {"Request":"GetValue"}
2026-02-17T07:53:47.801Z expo:apple-device:protocol:lockdown Response: {"Request":"GetValue","Value":{"BasebandCertId":3452763205,"BasebandKeyHashInformation":{"AKeyStatus":2,"SKeyHash":{"type":"Buffer","data":[0,0,0,0,0,0,0,0,0,0,0,0,0,0,0,0,0,0,0,0,0,0,0,0,0,0,0,0,0,0,0,0]},"SKeyStatus":0},"BasebandSerialNumber":{"type":"Buffer","data":[143,94,102,97]},"BasebandVersion":"3.40.01","BoardId":8,"BuildVersion":"23D127","CPUArchitecture":"arm64e","ChipID":33056,"DeviceClass":"iPhone","DeviceColor":"1","DeviceName":"Clisamax","DieID":2951364254998558,"HardwareModel":"D37AP","HasSiDP":true,"HumanReadableProductVersionString":"26.3","PartitionType":"GUID_partition_scheme","ProductName":"iPhone OS","ProductType":"iPhone15,4","ProductVersion":"26.3","ProductionSOC":true,"ProtocolVersion":"2","SupportedDeviceFamilies":[1],"TelephonyCapability":true,"UniqueChipID":2951364254998558,"UniqueDeviceID":"00008120-000A7C400A05A01E","WiFiAddress":"64:0c:91:9b:23:5f"}}
2026-02-17T07:53:52.248Z expo:devicectl Name       Hostname                    Identifier                             State                Model                 
--------   -------------------------   ------------------------------------   ------------------   ----------------------
Clisamax   Clisamax.coredevice.local   11E4F2EA-B358-5F8A-9E46-02B8272FF5F8   available (paired)   iPhone 15 (iPhone15,4)

Unexpected devicectl JSON version output from devicectl. Connecting to physical Apple devices may not work as expected.
2026-02-17T07:53:52.249Z expo:start:platforms:ios:xcrun Running: xcrun simctl list devices --json 
2026-02-17T07:53:52.403Z expo:start:platforms:ios:getBestSimulator No booted simulator matching requirements (osType: iOS).
2026-02-17T07:53:52.413Z expo:start:platforms:ios:getBestSimulator Default simulator ID: D5DF3EE8-26EA-4003-ABA8-38929DE02097
2026-02-17T07:53:52.413Z expo:start:platforms:ios:xcrun Running: xcrun simctl list devices --json 
› Using --device 00008120-000A7C400A05A01E
› Auto signing app using team(s): VW658NV936
  xcodebuild -workspace /Users/clisamax/Documents/GITHUB/FormCam/ios/FormCam.xcworkspace -configuration Debug -scheme FormCam -destination id=00008120-000A7C400A05A01E
› Planning build
› Executing react-native Pods/hermes-engine » [CP-User] [Hermes] Replace Hermes for the right configuration, if needed
› Executing react-native Pods/hermes-engine » [CP] Copy XCFrameworks
› Preparing Pods/RCT-Folly-RCT-Folly_privacy » ResourceBundle-RCT-Folly_privacy-RCT-Folly-Info.plist
› Preparing Pods/boost-boost_privacy » ResourceBundle-boost_privacy-boost-Info.plist
› Preparing Pods/glog-glog_privacy » ResourceBundle-glog_privacy-glog-Info.plist
› Compiling react-native Pods/RCTDeprecation » RCTDeprecation.m
› Packaging react-native Pods/RCTDeprecation » libRCTDeprecation.a
› Copying   React-Core/React-Core_privacy.bundle/PrivacyInfo.xcprivacy ➜ node_modules/react-native/React/Resources/PrivacyInfo.xcprivacy
› Preparing Pods/React-Core-React-Core_privacy » ResourceBundle-React-Core_privacy-React-Core-Info.plist
› Copying   React-cxxreact/React-cxxreact_privacy.bundle/PrivacyInfo.xcprivacy ➜ node_modules/react-native/ReactCommon/cxxreact/PrivacyInfo.xcprivacy
› Preparing Pods/React-cxxreact-React-cxxreact_privacy » ResourceBundle-React-cxxreact_privacy-React-cxxreact-Info.plist
› Compiling react-native Pods/React-debug » react_native_assert.cpp
› Packaging react-native Pods/React-debug » libReact-debug.a
› Compiling react-native Pods/React-jsi » JSIDynamic.cpp
› Packaging react-native Pods/React-jsi » libReact-jsi.a
› Compiling react-native Pods/React-featureflags » ReactNativeFeatureFlags.cpp
› Compiling react-native Pods/React-featureflags » ReactNativeFeatureFlagsAccessor.cpp
› Packaging react-native Pods/React-featureflags » libReact-featureflags.a
› Compiling react-native Pods/React-oscompat » OSCompatPosix.cpp
› Compiling react-native Pods/React-oscompat » OSCompatWindows.cpp
› Packaging react-native Pods/React-oscompat » libReact-oscompat.a
› Compiling react-native Pods/React-jsinspectortracing » EventLoopTaskReporter.cpp
› Compiling react-native Pods/React-jsinspectortracing » RuntimeSamplingProfileTraceEventSerializer.cpp
› Compiling react-native Pods/React-jsinspectortracing » PerformanceTracer.cpp
› Packaging react-native Pods/React-jsinspectortracing » libReact-jsinspectortracing.a
› Compiling react-native Pods/React-perflogger » BridgeNativeModulePerfLogger.cpp
› Compiling react-native Pods/React-perflogger » ReactPerfettoCategories.cpp
› Compiling react-native Pods/React-perflogger » ReactPerfetto.cpp
› Compiling react-native Pods/React-perflogger » ReactPerfettoLogger.cpp
› Compiling react-native Pods/React-perflogger » HermesPerfettoDataSource.cpp
› Compiling react-native Pods/React-perflogger » FuseboxPerfettoDataSource.cpp
› Compiling react-native Pods/React-perflogger » FuseboxTracer.cpp

⚠️  (node_modules/react-native/ReactCommon/reactperflogger/fusebox/FuseboxTracer.h:26:5)

  24 |
  25 | /**
> 26 |  * @deprecated Replaced by jsinspector_modern::PerformanceTracer and will be
     |     ^ declaration is marked with '@deprecated' command but does not have a deprecation attribute [-Wdocumentation-deprecated-sync]
  27 |  * removed when we delete FuseboxPerfettoDataSource.
  28 |  */
  29 | class FuseboxTracer {

› Packaging react-native Pods/React-perflogger » libReact-perflogger.a
› Compiling react-native Pods/React-jsinspector » CdpJson.cpp
› Compiling react-native Pods/React-jsinspector » ExecutionContext.cpp
› Compiling react-native Pods/React-jsinspector » ConsoleMessage.cpp
› Compiling react-native Pods/React-jsinspector » ExecutionContextManager.cpp
› Compiling react-native Pods/React-jsinspector » FallbackRuntimeAgentDelegate.cpp
› Compiling react-native Pods/React-jsinspector » FallbackRuntimeTargetDelegate.cpp
› Compiling react-native Pods/React-jsinspector » HostAgent.cpp
› Compiling react-native Pods/React-jsinspector » HostTarget.cpp
› Compiling react-native Pods/React-jsinspector » InspectorPackagerConnection.cpp
› Compiling react-native Pods/React-jsinspector » InspectorInterfaces.cpp
› Compiling react-native Pods/React-jsinspector » InspectorFlags.cpp
› Compiling react-native Pods/React-jsinspector » TracingAgent.cpp
› Compiling react-native Pods/React-jsinspector » RuntimeTargetDebuggerSessionObserver.cpp
› Compiling react-native Pods/React-jsinspector » RuntimeTargetConsole.cpp
› Compiling react-native Pods/React-jsinspector » RuntimeTarget.cpp
› Compiling react-native Pods/React-jsinspector » RuntimeAgent.cpp
› Compiling react-native Pods/React-jsinspector » NetworkIOAgent.cpp
› Compiling react-native Pods/React-jsinspector » InstanceTarget.cpp
› Compiling react-native Pods/React-jsinspector » InstanceAgent.cpp
› Compiling react-native Pods/React-jsinspector » InspectorUtilities.cpp
› Packaging react-native Pods/React-jsinspector » libReact-jsinspector.a
› Compiling react-native Pods/React-logger » react_native_log.cpp
› Packaging react-native Pods/React-logger » libReact-logger.a
› Compiling react-native Pods/React-cxxreact » CxxNativeModule.cpp
› Compiling react-native Pods/React-cxxreact » JSBundleType.cpp
› Compiling react-native Pods/React-cxxreact » JSBigString.cpp
› Compiling react-native Pods/React-cxxreact » Instance.cpp
› Compiling react-native Pods/React-cxxreact » NativeToJsBridge.cpp
› Compiling react-native Pods/React-cxxreact » MethodCall.cpp
› Compiling react-native Pods/React-cxxreact » ModuleRegistry.cpp
› Compiling react-native Pods/React-cxxreact » JSExecutor.cpp
› Compiling react-native Pods/React-cxxreact » ReactMarker.cpp
› Compiling react-native Pods/React-cxxreact » RAMBundleRegistry.cpp
› Compiling react-native Pods/React-cxxreact » JSIndexedRAMBundle.cpp
› Packaging react-native Pods/React-cxxreact » libReact-cxxreact.a
› Compiling react-native Pods/React-jsiexecutor » JSIExecutor.cpp
› Compiling react-native Pods/React-jsiexecutor » JSINativeModules.cpp
› Packaging react-native Pods/React-jsiexecutor » libReact-jsiexecutor.a
› Compiling react-native Pods/React-hermes » ConnectionDemux.cpp
› Compiling react-native Pods/React-hermes » HermesRuntimeSamplingProfileSerializer.cpp
› Compiling react-native Pods/React-hermes » HermesRuntimeAgentDelegate.cpp
› Compiling react-native Pods/React-hermes » HermesRuntimeTargetDelegate.cpp
› Compiling react-native Pods/React-hermes » Registration.cpp
› Compiling react-native Pods/React-hermes » HermesExecutorFactory.cpp
› Packaging react-native Pods/React-hermes » libReact-hermes.a
› Compiling react-native Pods/React-jsitooling » JSRuntimeFactory.cpp
› Compiling react-native Pods/React-jsitooling » JSRuntimeFactoryCAPI.cpp
› Packaging react-native Pods/React-jsitooling » libReact-jsitooling.a
› Compiling react-native Pods/React-performancetimeline » PerformanceEntryCircularBuffer.cpp
› Compiling react-native Pods/React-performancetimeline » PerformanceObserver.cpp
› Compiling react-native Pods/React-performancetimeline » PerformanceObserverRegistry.cpp
› Compiling react-native Pods/React-performancetimeline » PerformanceEntryReporter.cpp
› Compiling react-native Pods/React-performancetimeline » PerformanceEntryKeyedBuffer.cpp
› Packaging react-native Pods/React-performancetimeline » libReact-performancetimeline.a
› Compiling react-native Pods/React-rendererconsistency » ShadowTreeRevisionConsistencyManager.cpp
› Packaging react-native Pods/React-rendererconsistency » libReact-rendererconsistency.a
› Compiling react-native Pods/React-rendererdebug » DebugStringConvertible.cpp
› Compiling react-native Pods/React-rendererdebug » DebugStringConvertibleItem.cpp
› Packaging react-native Pods/React-rendererdebug » libReact-rendererdebug.a
› Compiling react-native Pods/React-utils » ManagedObjectWrapper.mm
› Compiling react-native Pods/React-utils » jsi-utils.cpp
› Compiling react-native Pods/React-utils » RunLoopObserver.cpp
› Packaging react-native Pods/React-utils » libReact-utils.a
› Compiling react-native Pods/React-runtimescheduler » RuntimeScheduler.cpp
› Compiling react-native Pods/React-runtimescheduler » RuntimeScheduler_Modern.cpp
› Compiling react-native Pods/React-runtimescheduler » RuntimeSchedulerBinding.cpp
› Compiling react-native Pods/React-runtimescheduler » RuntimeSchedulerCallInvoker.cpp
› Compiling react-native Pods/React-runtimescheduler » RuntimeScheduler_Legacy.cpp
› Compiling react-native Pods/React-runtimescheduler » Task.cpp
› Packaging react-native Pods/React-runtimescheduler » libReact-runtimescheduler.a
› Compiling react-native Pods/Yoga » AssertFatal.cpp
› Compiling react-native Pods/Yoga » Baseline.cpp
› Compiling react-native Pods/Yoga » Cache.cpp
› Compiling react-native Pods/Yoga » event.cpp
› Compiling react-native Pods/Yoga » AbsoluteLayout.cpp
› Compiling react-native Pods/Yoga » YGValue.cpp
› Compiling react-native Pods/Yoga » YGPixelGrid.cpp
› Compiling react-native Pods/Yoga » YGNodeLayout.cpp
› Compiling react-native Pods/Yoga » YGNodeStyle.cpp
› Compiling react-native Pods/Yoga » YGNode.cpp
› Compiling react-native Pods/Yoga » YGEnums.cpp
› Compiling react-native Pods/Yoga » YGConfig.cpp
› Compiling react-native Pods/Yoga » PixelGrid.cpp
› Compiling react-native Pods/Yoga » Node.cpp
› Compiling react-native Pods/Yoga » Log.cpp
› Compiling react-native Pods/Yoga » LayoutResults.cpp
› Compiling react-native Pods/Yoga » FlexLine.cpp
› Compiling react-native Pods/Yoga » Config.cpp
› Compiling react-native Pods/Yoga » CalculateLayout.cpp
› Packaging react-native Pods/Yoga » libYoga.a
› Compiling react-native Pods/React-Core » RCTWindowSafeAreaProxy.mm
› Compiling react-native Pods/React-Core » RCTUIManagerObserverCoordinator.mm
› Compiling react-native Pods/React-Core » RCTUIManager.mm
› Compiling react-native Pods/React-Core » RCTTraitCollectionProxy.mm
› Compiling react-native Pods/React-Core » RCTSurfaceView.mm
› Compiling react-native Pods/React-Core » RCTSurfaceSizeMeasureMode.mm
› Compiling react-native Pods/React-Core » RCTSurfaceRootView.mm
› Compiling react-native Pods/React-Core » RCTSurfaceHostingView.mm
› Compiling react-native Pods/React-Core » RCTSurfaceHostingProxyRootView.mm
› Compiling react-native Pods/React-Core » RCTSurface.mm
› Compiling react-native Pods/React-Core » RCTPerformanceLogger.mm
› Compiling react-native Pods/React-Core » RCTPausedInDebuggerOverlayController.mm
› Compiling react-native Pods/React-Core » RCTPackagerConnection.mm
› Compiling react-native Pods/React-Core » RCTObjcExecutor.mm
› Compiling react-native Pods/React-Core » RCTNativeModule.mm
› Compiling react-native Pods/React-Core » RCTModuleMethod.mm
› Compiling react-native Pods/React-Core » RCTModuleData.mm
› Compiling react-native Pods/React-Core » RCTMessageThread.mm
› Compiling react-native Pods/React-Core » RCTManagedPointer.mm
› Compiling react-native Pods/React-Core » RCTLog.mm
› Compiling react-native Pods/React-Core » RCTLocalizedString.mm
› Compiling react-native Pods/React-Core » RCTKeyWindowValuesProxy.mm
› Compiling react-native Pods/React-Core » RCTJavaScriptLoader.mm
› Compiling react-native Pods/React-Core » RCTJSIExecutorRuntimeInstaller.mm
› Compiling react-native Pods/React-Core » RCTInspectorUtils.mm
› Compiling react-native Pods/React-Core » RCTInspectorNetworkHelper.mm
› Compiling react-native Pods/React-Core » RCTInspectorDevServerHelper.mm
› Compiling react-native Pods/React-Core » RCTInspector.mm
› Compiling react-native Pods/React-Core » RCTInitializeUIKitProxies.mm
› Compiling react-native Pods/React-Core » RCTInitialAccessibilityValuesProxy.mm
› Compiling react-native Pods/React-Core » RCTFont.mm
› Compiling react-native Pods/React-Core » RCTFollyConvert.mm
› Compiling react-native Pods/React-Core » RCTDefaultCxxLogFunction.mm
› Compiling react-native Pods/React-Core » RCTCxxUtils.mm
› Compiling react-native Pods/React-Core » RCTCxxModule.mm
› Compiling react-native Pods/React-Core » RCTCxxMethod.mm
› Compiling react-native Pods/React-Core » RCTCxxInspectorWebSocketAdapter.mm
› Compiling react-native Pods/React-Core » RCTCxxInspectorPackagerConnectionDelegate.mm
› Compiling react-native Pods/React-Core » RCTCxxInspectorPackagerConnection.mm
› Compiling react-native Pods/React-Core » RCTCxxBridge.mm
› Compiling react-native Pods/React-Core » RCTConvert.mm
› Compiling react-native Pods/React-Core » RCTComponentData.mm
› Compiling react-native Pods/React-Core » RCTCallInvoker.mm
› Compiling react-native Pods/React-Core » RCTBundleURLProvider.mm
› Compiling react-native Pods/React-Core » RCTBridgeProxy.mm
› Compiling react-native Pods/React-Core » RCTBridge.mm
› Compiling react-native Pods/React-Core » NSDataBigString.mm
› Compiling react-native Pods/React-Core » React-Core-dummy.m
› Compiling react-native Pods/React-Core » RCTBridgeModuleDecorator.m
› Compiling react-native Pods/React-Core » RCTBundleManager.m
› Compiling react-native Pods/React-Core » RCTBorderDrawing.m
› Compiling react-native Pods/React-Core » RCTBridgeConstants.m
› Compiling react-native Pods/React-Core » RCTCallableJSModules.m
› Compiling react-native Pods/React-Core » RCTAssert.m
› Compiling react-native Pods/React-Core » RCTVersion.m
› Compiling react-native Pods/React-Core » RCTUtilsUIOverride.m
› Compiling react-native Pods/React-Core » RCTUtils.m
› Compiling react-native Pods/React-Core » RCTUIManagerUtils.m
› Compiling react-native Pods/React-Core » RCTTouchEvent.m
› Compiling react-native Pods/React-Core » RCTSurfaceStage.m
› Compiling react-native Pods/React-Core » RCTSurfacePresenterStub.m
› Compiling react-native Pods/React-Core » RCTScrollEvent.m
› Compiling react-native Pods/React-Core » RCTSafeAreaViewLocalData.m
› Compiling react-native Pods/React-Core » RCTReloadCommand.m
› Compiling react-native Pods/React-Core » RCTRefreshControl.m
› Compiling react-native Pods/React-Core » RCTRedBoxSetEnabled.m
› Compiling react-native Pods/React-Core » RCTRedBoxExtraDataViewController.m
› Compiling react-native Pods/React-Core » RCTPerformanceLoggerLabels.m
› Compiling react-native Pods/React-Core » RCTParserUtils.m
› Compiling react-native Pods/React-Core » RCTPackagerClient.m
› Compiling react-native Pods/React-Core » RCTMultipartStreamReader.m

⚠️  (node_modules/react-native/React/Base/RCTMultipartStreamReader.m:99:18)

   97 |
   98 |   const NSUInteger bufferLen = 4 * 1024;
>  99 |   uint8_t buffer[bufferLen];
      |                  ^ variable length array folded to constant array as an extension [-Wgnu-folding-constant]
  100 |
  101 |   [_stream open];
  102 |   while (true) {

› Compiling react-native Pods/React-Core » RCTMultipartDataTask.m
› Compiling react-native Pods/React-Core » RCTModuleRegistry.m
› Compiling react-native Pods/React-Core » RCTModalManager.m
› Compiling react-native Pods/React-Core » RCTKeyCommands.m
› Compiling react-native Pods/React-Core » RCTJSThread.m
› Compiling react-native Pods/React-Core » RCTJSStackFrame.m
› Compiling react-native Pods/React-Core » RCTI18nUtil.m
› Compiling react-native Pods/React-Core » RCTFrameUpdate.m
› Compiling react-native Pods/React-Core » RCTEventEmitter.m
› Compiling react-native Pods/React-Core » RCTEventDispatcher.m
› Compiling react-native Pods/React-Core » RCTErrorInfo.m
› Compiling react-native Pods/React-Core » RCTDisplayLink.m
› Compiling react-native Pods/React-Core » RCTDevLoadingViewSetEnabled.m
› Compiling react-native Pods/React-Core » RCTCxxConvert.m
› Compiling react-native Pods/React-Core » RCTConstants.m
› Compiling react-native Pods/React-Core » RCTComponentEvent.m
› Compiling react-native Pods/React-Core » RCTActivityIndicatorView.m
› Compiling react-native Pods/React-Core » RCTProfile.m
› Compiling react-native Pods/React-Core » RCTModalHostViewManager.m
› Compiling react-native Pods/React-Core » RCTReconnectingWebSocket.m
› Compiling react-native Pods/React-Core » RCTModalHostViewController.m
› Compiling react-native Pods/React-Core » RCTLayoutAnimationGroup.m
› Compiling react-native Pods/React-Core » RCTModalHostView.m
› Compiling react-native Pods/React-Core » UIView+React.m
› Compiling react-native Pods/React-Core » RCTWrapperViewController.m
› Compiling react-native Pods/React-Core » RCTViewUtils.m
› Compiling react-native Pods/React-Core » RCTViewRegistry.m
› Compiling react-native Pods/React-Core » RCTViewManager.m
› Compiling react-native Pods/React-Core » RCTView.m
› Compiling react-native Pods/React-Core » RCTTouchHandler.m
› Compiling react-native Pods/React-Core » RCTSwitchManager.m
› Compiling react-native Pods/React-Core » RCTSwitch.m
› Compiling react-native Pods/React-Core » RCTSurfaceRootShadowView.m
› Compiling react-native Pods/React-Core » RCTShadowView.m
› Compiling react-native Pods/React-Core » RCTShadowView+Layout.m
› Compiling react-native Pods/React-Core » RCTShadowView+Internal.m
› Compiling react-native Pods/React-Core » RCTScrollViewManager.m
› Compiling react-native Pods/React-Core » RCTScrollView.m
› Compiling react-native Pods/React-Core » RCTScrollContentViewManager.m
› Compiling react-native Pods/React-Core » RCTScrollContentView.m
› Compiling react-native Pods/React-Core » RCTScrollContentShadowView.m
› Compiling react-native Pods/React-Core » RCTSafeAreaViewManager.m
› Compiling react-native Pods/React-Core » RCTSafeAreaView.m
› Compiling react-native Pods/React-Core » RCTSafeAreaShadowView.m
› Compiling react-native Pods/React-Core » RCTRootView.m
› Compiling react-native Pods/React-Core » RCTRootShadowView.m
› Compiling react-native Pods/React-Core » RCTRootContentView.m
› Compiling react-native Pods/React-Core » RCTRefreshControlManager.m
› Compiling react-native Pods/React-Core » RCTLayoutAnimation.m
› Compiling react-native Pods/React-Core » RCTLayout.m
› Compiling react-native Pods/React-Core » RCTImageSource.m
› Compiling react-native Pods/React-Core » RCTDebuggingOverlayManager.m
› Compiling react-native Pods/React-Core » RCTDebuggingOverlay.m
› Compiling react-native Pods/React-Core » RCTConvert+Transform.m
› Compiling react-native Pods/React-Core » RCTConvert+CoreLocation.m
› Compiling react-native Pods/React-Core » RCTActivityIndicatorViewManager.m
› Packaging react-native Pods/React-Core » libReact-Core.a
› Compiling react-native Pods/RCTTypeSafety » RCTConvertHelpers.mm
› Compiling react-native Pods/RCTTypeSafety » RCTTypedModuleConstants.mm
› Packaging react-native Pods/RCTTypeSafety » libRCTTypeSafety.a
› Compiling react-native Pods/React-graphics » Color.cpp
› Compiling react-native Pods/React-graphics » PlatformColorParser.mm
› Compiling react-native Pods/React-graphics » RCTPlatformColorUtils.mm
› Compiling react-native Pods/React-graphics » HostPlatformColor.mm
› Compiling react-native Pods/React-graphics » Transform.cpp
› Compiling react-native Pods/React-graphics » ColorComponents.cpp
› Packaging react-native Pods/React-graphics » libReact-graphics.a
› Compiling react-native Pods/React-renderercss » CSSDummy.cpp
› Packaging react-native Pods/React-renderercss » libReact-renderercss.a
› Compiling react-native Pods/ReactCommon » CxxTurboModuleUtils.cpp
› Compiling react-native Pods/ReactCommon » TurboModuleBinding.cpp
› Compiling react-native Pods/ReactCommon » TurboModulePerfLogger.cpp
› Compiling react-native Pods/ReactCommon » TurboModuleUtils.cpp
› Compiling react-native Pods/ReactCommon » TurboModule.cpp
› Compiling react-native Pods/ReactCommon » TurboCxxModule.cpp
› Compiling react-native Pods/ReactCommon » LongLivedObject.cpp
› Packaging react-native Pods/ReactCommon » libReactCommon.a
› Executing react-native Pods/React-Fabric » [CP-User] [RN]Check rncore
› Compiling react-native Pods/React-Fabric » AttributedStringBox.cpp
› Compiling react-native Pods/React-Fabric » AttributedString.cpp
› Compiling react-native Pods/React-Fabric » AccessibilityProps.cpp

⚠️  (ios/Pods/Headers/Public/React-renderercss/react/renderer/css/CSSSyntaxParser.h:150:13)

  148 |    * https://www.w3.org/TR/css-syntax-3/#consume-component-value
  149 |    *
> 150 |    * @param <ReturnT> caller-specified return type of visitors. This type will
      |             ^ parameter '<ReturnT>' not found in the function declaration [-Wdocumentation]
  151 |    * be set to its default constructed state if consuming a component value with
  152 |    * no matching visitors, or syntax error
  153 |    * @param visitors A unique list of CSSComponentValueVisitor to be called on a

› Compiling react-native Pods/React-Fabric » AppRegistryBinding.cpp
› Compiling react-native Pods/React-Fabric » BaseTouch.cpp
› Compiling react-native Pods/React-Fabric » MountingTransaction.cpp

⚠️  (ios/Pods/Headers/Private/React-Fabric/react/renderer/mounting/ShadowViewMutation.h:47:7)

  45 |   /**
  46 |    * Creates and returns an `Insert` mutation.
> 47 |    * @deprecated Pass parentTag instead of parentShadowView.
     |       ^ declaration is marked with '@deprecated' command but does not have a deprecation attribute [-Wdocumentation-deprecated-sync]
  48 |    */
  49 |   static ShadowViewMutation InsertMutation(
  50 |       const ShadowView& parentShadowView,


⚠️  (ios/Pods/Headers/Private/React-Fabric/react/renderer/mounting/ShadowViewMutation.h:64:7)

  62 |   /**
  63 |    * Creates and returns a `Remove` mutation.
> 64 |    * @deprecated Pass parentTag instead of parentShadowView.
     |       ^ declaration is marked with '@deprecated' command but does not have a deprecation attribute [-Wdocumentation-deprecated-sync]
  65 |    */
  66 |   static ShadowViewMutation RemoveMutation(
  67 |       const ShadowView& parentShadowView,


⚠️  (ios/Pods/Headers/Private/React-Fabric/react/renderer/mounting/ShadowViewMutation.h:83:7)

  81 |   /**
  82 |    * Creates and returns an `Update` mutation.
> 83 |    * @deprecated Pass parentTag instead of parentShadowView.
     |       ^ declaration is marked with '@deprecated' command but does not have a deprecation attribute [-Wdocumentation-deprecated-sync]
  84 |    */
  85 |   static ShadowViewMutation UpdateMutation(
  86 |       ShadowView oldChildShadowView,

› Compiling react-native Pods/React-Fabric » utils.cpp

⚠️  (ios/Pods/Headers/Private/React-Fabric/react/renderer/mounting/ShadowViewMutation.h:47:7)

  45 |   /**
  46 |    * Creates and returns an `Insert` mutation.
> 47 |    * @deprecated Pass parentTag instead of parentShadowView.
     |       ^ declaration is marked with '@deprecated' command but does not have a deprecation attribute [-Wdocumentation-deprecated-sync]
  48 |    */
  49 |   static ShadowViewMutation InsertMutation(
  50 |       const ShadowView& parentShadowView,


⚠️  (ios/Pods/Headers/Private/React-Fabric/react/renderer/mounting/ShadowViewMutation.h:64:7)

  62 |   /**
  63 |    * Creates and returns a `Remove` mutation.
> 64 |    * @deprecated Pass parentTag instead of parentShadowView.
     |       ^ declaration is marked with '@deprecated' command but does not have a deprecation attribute [-Wdocumentation-deprecated-sync]
  65 |    */
  66 |   static ShadowViewMutation RemoveMutation(
  67 |       const ShadowView& parentShadowView,


⚠️  (ios/Pods/Headers/Private/React-Fabric/react/renderer/mounting/ShadowViewMutation.h:83:7)

  81 |   /**
  82 |    * Creates and returns an `Update` mutation.
> 83 |    * @deprecated Pass parentTag instead of parentShadowView.
     |       ^ declaration is marked with '@deprecated' command but does not have a deprecation attribute [-Wdocumentation-deprecated-sync]
  84 |    */
  85 |   static ShadowViewMutation UpdateMutation(
  86 |       ShadowView oldChildShadowView,

› Compiling react-native Pods/React-Fabric » updateMountedFlag.cpp
› Compiling react-native Pods/React-Fabric » stubs.cpp

⚠️  (ios/Pods/Headers/Private/React-Fabric/react/renderer/mounting/ShadowViewMutation.h:47:7)

  45 |   /**
  46 |    * Creates and returns an `Insert` mutation.
> 47 |    * @deprecated Pass parentTag instead of parentShadowView.
     |       ^ declaration is marked with '@deprecated' command but does not have a deprecation attribute [-Wdocumentation-deprecated-sync]
  48 |    */
  49 |   static ShadowViewMutation InsertMutation(
  50 |       const ShadowView& parentShadowView,


⚠️  (ios/Pods/Headers/Private/React-Fabric/react/renderer/mounting/ShadowViewMutation.h:64:7)

  62 |   /**
  63 |    * Creates and returns a `Remove` mutation.
> 64 |    * @deprecated Pass parentTag instead of parentShadowView.
     |       ^ declaration is marked with '@deprecated' command but does not have a deprecation attribute [-Wdocumentation-deprecated-sync]
  65 |    */
  66 |   static ShadowViewMutation RemoveMutation(
  67 |       const ShadowView& parentShadowView,


⚠️  (ios/Pods/Headers/Private/React-Fabric/react/renderer/mounting/ShadowViewMutation.h:83:7)

  81 |   /**
  82 |    * Creates and returns an `Update` mutation.
> 83 |    * @deprecated Pass parentTag instead of parentShadowView.
     |       ^ declaration is marked with '@deprecated' command but does not have a deprecation attribute [-Wdocumentation-deprecated-sync]
  84 |    */
  85 |   static ShadowViewMutation UpdateMutation(
  86 |       ShadowView oldChildShadowView,

› Compiling react-native Pods/React-Fabric » sliceChildShadowNodeViewPairs.cpp
› Compiling react-native Pods/React-Fabric » componentNameByReactViewName.cpp
› Compiling react-native Pods/React-Fabric » YogaStylableProps.cpp

⚠️  (ios/Pods/Headers/Public/React-renderercss/react/renderer/css/CSSSyntaxParser.h:150:13)

  148 |    * https://www.w3.org/TR/css-syntax-3/#consume-component-value
  149 |    *
> 150 |    * @param <ReturnT> caller-specified return type of visitors. This type will
      |             ^ parameter '<ReturnT>' not found in the function declaration [-Wdocumentation]
  151 |    * be set to its default constructed state if consuming a component value with
  152 |    * no matching visitors, or syntax error
  153 |    * @param visitors A unique list of CSSComponentValueVisitor to be called on a

› Compiling react-native Pods/React-Fabric » YogaLayoutableShadowNode.cpp

⚠️  (ios/Pods/Headers/Public/React-renderercss/react/renderer/css/CSSSyntaxParser.h:150:13)

  148 |    * https://www.w3.org/TR/css-syntax-3/#consume-component-value
  149 |    *
> 150 |    * @param <ReturnT> caller-specified return type of visitors. This type will
      |             ^ parameter '<ReturnT>' not found in the function declaration [-Wdocumentation]
  151 |    * be set to its default constructed state if consuming a component value with
  152 |    * no matching visitors, or syntax error
  153 |    * @param visitors A unique list of CSSComponentValueVisitor to be called on a

› Compiling react-native Pods/React-Fabric » WeakFamilyRegistry.cpp
› Compiling react-native Pods/React-Fabric » ViewShadowNode.cpp
› Compiling react-native Pods/React-Fabric » ValueFactoryEventPayload.cpp
› Compiling react-native Pods/React-Fabric » UnstableLegacyViewManagerAutomaticShadowNode.cpp
› Compiling react-native Pods/React-Fabric » UnstableLegacyViewManagerAutomaticComponentDescriptor.cpp
› Compiling react-native Pods/React-Fabric » UIManagerBinding.cpp

⚠️  (ios/Pods/Headers/Private/React-Fabric/react/renderer/mounting/ShadowViewMutation.h:47:7)

  45 |   /**
  46 |    * Creates and returns an `Insert` mutation.
> 47 |    * @deprecated Pass parentTag instead of parentShadowView.
     |       ^ declaration is marked with '@deprecated' command but does not have a deprecation attribute [-Wdocumentation-deprecated-sync]
  48 |    */
  49 |   static ShadowViewMutation InsertMutation(
  50 |       const ShadowView& parentShadowView,


⚠️  (ios/Pods/Headers/Private/React-Fabric/react/renderer/mounting/ShadowViewMutation.h:64:7)

  62 |   /**
  63 |    * Creates and returns a `Remove` mutation.
> 64 |    * @deprecated Pass parentTag instead of parentShadowView.
     |       ^ declaration is marked with '@deprecated' command but does not have a deprecation attribute [-Wdocumentation-deprecated-sync]
  65 |    */
  66 |   static ShadowViewMutation RemoveMutation(
  67 |       const ShadowView& parentShadowView,


⚠️  (ios/Pods/Headers/Private/React-Fabric/react/renderer/mounting/ShadowViewMutation.h:83:7)

  81 |   /**
  82 |    * Creates and returns an `Update` mutation.
> 83 |    * @deprecated Pass parentTag instead of parentShadowView.
     |       ^ declaration is marked with '@deprecated' command but does not have a deprecation attribute [-Wdocumentation-deprecated-sync]
  84 |    */
  85 |   static ShadowViewMutation UpdateMutation(
  86 |       ShadowView oldChildShadowView,

› Compiling react-native Pods/React-Fabric » UIManager.cpp

⚠️  (ios/Pods/Headers/Private/React-Fabric/react/renderer/mounting/ShadowViewMutation.h:47:7)

  45 |   /**
  46 |    * Creates and returns an `Insert` mutation.
> 47 |    * @deprecated Pass parentTag instead of parentShadowView.
     |       ^ declaration is marked with '@deprecated' command but does not have a deprecation attribute [-Wdocumentation-deprecated-sync]
  48 |    */
  49 |   static ShadowViewMutation InsertMutation(
  50 |       const ShadowView& parentShadowView,


⚠️  (ios/Pods/Headers/Private/React-Fabric/react/renderer/mounting/ShadowViewMutation.h:64:7)

  62 |   /**
  63 |    * Creates and returns a `Remove` mutation.
> 64 |    * @deprecated Pass parentTag instead of parentShadowView.
     |       ^ declaration is marked with '@deprecated' command but does not have a deprecation attribute [-Wdocumentation-deprecated-sync]
  65 |    */
  66 |   static ShadowViewMutation RemoveMutation(
  67 |       const ShadowView& parentShadowView,


⚠️  (ios/Pods/Headers/Private/React-Fabric/react/renderer/mounting/ShadowViewMutation.h:83:7)

  81 |   /**
  82 |    * Creates and returns an `Update` mutation.
> 83 |    * @deprecated Pass parentTag instead of parentShadowView.
     |       ^ declaration is marked with '@deprecated' command but does not have a deprecation attribute [-Wdocumentation-deprecated-sync]
  84 |    */
  85 |   static ShadowViewMutation UpdateMutation(
  86 |       ShadowView oldChildShadowView,

› Compiling react-native Pods/React-Fabric » TransactionTelemetry.cpp
› Compiling react-native Pods/React-Fabric » TouchEventEmitter.cpp
› Compiling react-native Pods/React-Fabric » TouchEvent.cpp
› Compiling react-native Pods/React-Fabric » TextAttributes.cpp
› Compiling react-native Pods/React-Fabric » TelemetryController.cpp

⚠️  (ios/Pods/Headers/Private/React-Fabric/react/renderer/mounting/ShadowViewMutation.h:47:7)

  45 |   /**
  46 |    * Creates and returns an `Insert` mutation.
> 47 |    * @deprecated Pass parentTag instead of parentShadowView.
     |       ^ declaration is marked with '@deprecated' command but does not have a deprecation attribute [-Wdocumentation-deprecated-sync]
  48 |    */
  49 |   static ShadowViewMutation InsertMutation(
  50 |       const ShadowView& parentShadowView,


⚠️  (ios/Pods/Headers/Private/React-Fabric/react/renderer/mounting/ShadowViewMutation.h:64:7)

  62 |   /**
  63 |    * Creates and returns a `Remove` mutation.
> 64 |    * @deprecated Pass parentTag instead of parentShadowView.
     |       ^ declaration is marked with '@deprecated' command but does not have a deprecation attribute [-Wdocumentation-deprecated-sync]
  65 |    */
  66 |   static ShadowViewMutation RemoveMutation(
  67 |       const ShadowView& parentShadowView,


⚠️  (ios/Pods/Headers/Private/React-Fabric/react/renderer/mounting/ShadowViewMutation.h:83:7)

  81 |   /**
  82 |    * Creates and returns an `Update` mutation.
> 83 |    * @deprecated Pass parentTag instead of parentShadowView.
     |       ^ declaration is marked with '@deprecated' command but does not have a deprecation attribute [-Wdocumentation-deprecated-sync]
  84 |    */
  85 |   static ShadowViewMutation UpdateMutation(
  86 |       ShadowView oldChildShadowView,

› Compiling react-native Pods/React-Fabric » SurfaceTelemetry.cpp
› Compiling react-native Pods/React-Fabric » SurfaceManager.cpp

⚠️  (ios/Pods/Headers/Private/React-Fabric/react/renderer/mounting/ShadowViewMutation.h:47:7)

  45 |   /**
  46 |    * Creates and returns an `Insert` mutation.
> 47 |    * @deprecated Pass parentTag instead of parentShadowView.
     |       ^ declaration is marked with '@deprecated' command but does not have a deprecation attribute [-Wdocumentation-deprecated-sync]
  48 |    */
  49 |   static ShadowViewMutation InsertMutation(
  50 |       const ShadowView& parentShadowView,


⚠️  (ios/Pods/Headers/Private/React-Fabric/react/renderer/mounting/ShadowViewMutation.h:64:7)

  62 |   /**
  63 |    * Creates and returns a `Remove` mutation.
> 64 |    * @deprecated Pass parentTag instead of parentShadowView.
     |       ^ declaration is marked with '@deprecated' command but does not have a deprecation attribute [-Wdocumentation-deprecated-sync]
  65 |    */
  66 |   static ShadowViewMutation RemoveMutation(
  67 |       const ShadowView& parentShadowView,


⚠️  (ios/Pods/Headers/Private/React-Fabric/react/renderer/mounting/ShadowViewMutation.h:83:7)

  81 |   /**
  82 |    * Creates and returns an `Update` mutation.
> 83 |    * @deprecated Pass parentTag instead of parentShadowView.
     |       ^ declaration is marked with '@deprecated' command but does not have a deprecation attribute [-Wdocumentation-deprecated-sync]
  84 |    */
  85 |   static ShadowViewMutation UpdateMutation(
  86 |       ShadowView oldChildShadowView,

› Compiling react-native Pods/React-Fabric » SurfaceHandler.cpp

⚠️  (ios/Pods/Headers/Private/React-Fabric/react/renderer/mounting/ShadowViewMutation.h:47:7)

  45 |   /**
  46 |    * Creates and returns an `Insert` mutation.
> 47 |    * @deprecated Pass parentTag instead of parentShadowView.
     |       ^ declaration is marked with '@deprecated' command but does not have a deprecation attribute [-Wdocumentation-deprecated-sync]
  48 |    */
  49 |   static ShadowViewMutation InsertMutation(
  50 |       const ShadowView& parentShadowView,


⚠️  (ios/Pods/Headers/Private/React-Fabric/react/renderer/mounting/ShadowViewMutation.h:64:7)

  62 |   /**
  63 |    * Creates and returns a `Remove` mutation.
> 64 |    * @deprecated Pass parentTag instead of parentShadowView.
     |       ^ declaration is marked with '@deprecated' command but does not have a deprecation attribute [-Wdocumentation-deprecated-sync]
  65 |    */
  66 |   static ShadowViewMutation RemoveMutation(
  67 |       const ShadowView& parentShadowView,


⚠️  (ios/Pods/Headers/Private/React-Fabric/react/renderer/mounting/ShadowViewMutation.h:83:7)

  81 |   /**
  82 |    * Creates and returns an `Update` mutation.
> 83 |    * @deprecated Pass parentTag instead of parentShadowView.
     |       ^ declaration is marked with '@deprecated' command but does not have a deprecation attribute [-Wdocumentation-deprecated-sync]
  84 |    */
  85 |   static ShadowViewMutation UpdateMutation(
  86 |       ShadowView oldChildShadowView,

› Compiling react-native Pods/React-Fabric » StubViewTree.cpp

⚠️  (ios/Pods/Headers/Private/React-Fabric/react/renderer/mounting/ShadowViewMutation.h:47:7)

  45 |   /**
  46 |    * Creates and returns an `Insert` mutation.
> 47 |    * @deprecated Pass parentTag instead of parentShadowView.
     |       ^ declaration is marked with '@deprecated' command but does not have a deprecation attribute [-Wdocumentation-deprecated-sync]
  48 |    */
  49 |   static ShadowViewMutation InsertMutation(
  50 |       const ShadowView& parentShadowView,


⚠️  (ios/Pods/Headers/Private/React-Fabric/react/renderer/mounting/ShadowViewMutation.h:64:7)

  62 |   /**
  63 |    * Creates and returns a `Remove` mutation.
> 64 |    * @deprecated Pass parentTag instead of parentShadowView.
     |       ^ declaration is marked with '@deprecated' command but does not have a deprecation attribute [-Wdocumentation-deprecated-sync]
  65 |    */
  66 |   static ShadowViewMutation RemoveMutation(
  67 |       const ShadowView& parentShadowView,


⚠️  (ios/Pods/Headers/Private/React-Fabric/react/renderer/mounting/ShadowViewMutation.h:83:7)

  81 |   /**
  82 |    * Creates and returns an `Update` mutation.
> 83 |    * @deprecated Pass parentTag instead of parentShadowView.
     |       ^ declaration is marked with '@deprecated' command but does not have a deprecation attribute [-Wdocumentation-deprecated-sync]
  84 |    */
  85 |   static ShadowViewMutation UpdateMutation(
  86 |       ShadowView oldChildShadowView,

› Compiling react-native Pods/React-Fabric » StubView.cpp
› Compiling react-native Pods/React-Fabric » StateUpdate.cpp
› Compiling react-native Pods/React-Fabric » State.cpp
› Compiling react-native Pods/React-Fabric » ShadowViewMutation.cpp

⚠️  (node_modules/react-native/ReactCommon/react/renderer/mounting/ShadowViewMutation.h:47:7)

  45 |   /**
  46 |    * Creates and returns an `Insert` mutation.
> 47 |    * @deprecated Pass parentTag instead of parentShadowView.
     |       ^ declaration is marked with '@deprecated' command but does not have a deprecation attribute [-Wdocumentation-deprecated-sync]
  48 |    */
  49 |   static ShadowViewMutation InsertMutation(
  50 |       const ShadowView& parentShadowView,


⚠️  (node_modules/react-native/ReactCommon/react/renderer/mounting/ShadowViewMutation.h:64:7)

  62 |   /**
  63 |    * Creates and returns a `Remove` mutation.
> 64 |    * @deprecated Pass parentTag instead of parentShadowView.
     |       ^ declaration is marked with '@deprecated' command but does not have a deprecation attribute [-Wdocumentation-deprecated-sync]
  65 |    */
  66 |   static ShadowViewMutation RemoveMutation(
  67 |       const ShadowView& parentShadowView,


⚠️  (node_modules/react-native/ReactCommon/react/renderer/mounting/ShadowViewMutation.h:83:7)

  81 |   /**
  82 |    * Creates and returns an `Update` mutation.
> 83 |    * @deprecated Pass parentTag instead of parentShadowView.
     |       ^ declaration is marked with '@deprecated' command but does not have a deprecation attribute [-Wdocumentation-deprecated-sync]
  84 |    */
  85 |   static ShadowViewMutation UpdateMutation(
  86 |       ShadowView oldChildShadowView,

› Compiling react-native Pods/React-Fabric » ShadowView.cpp
› Compiling react-native Pods/React-Fabric » ShadowTreeRevisionConsistencyManager.cpp
› Compiling react-native Pods/React-Fabric » ShadowTreeRevision.cpp

⚠️  (ios/Pods/Headers/Private/React-Fabric/react/renderer/mounting/ShadowViewMutation.h:47:7)

  45 |   /**
  46 |    * Creates and returns an `Insert` mutation.
> 47 |    * @deprecated Pass parentTag instead of parentShadowView.
     |       ^ declaration is marked with '@deprecated' command but does not have a deprecation attribute [-Wdocumentation-deprecated-sync]
  48 |    */
  49 |   static ShadowViewMutation InsertMutation(
  50 |       const ShadowView& parentShadowView,


⚠️  (ios/Pods/Headers/Private/React-Fabric/react/renderer/mounting/ShadowViewMutation.h:64:7)

  62 |   /**
  63 |    * Creates and returns a `Remove` mutation.
> 64 |    * @deprecated Pass parentTag instead of parentShadowView.
     |       ^ declaration is marked with '@deprecated' command but does not have a deprecation attribute [-Wdocumentation-deprecated-sync]
  65 |    */
  66 |   static ShadowViewMutation RemoveMutation(
  67 |       const ShadowView& parentShadowView,


⚠️  (ios/Pods/Headers/Private/React-Fabric/react/renderer/mounting/ShadowViewMutation.h:83:7)

  81 |   /**
  82 |    * Creates and returns an `Update` mutation.
> 83 |    * @deprecated Pass parentTag instead of parentShadowView.
     |       ^ declaration is marked with '@deprecated' command but does not have a deprecation attribute [-Wdocumentation-deprecated-sync]
  84 |    */
  85 |   static ShadowViewMutation UpdateMutation(
  86 |       ShadowView oldChildShadowView,

› Compiling react-native Pods/React-Fabric » ShadowTreeRegistry.cpp

⚠️  (ios/Pods/Headers/Private/React-Fabric/react/renderer/mounting/ShadowViewMutation.h:47:7)

  45 |   /**
  46 |    * Creates and returns an `Insert` mutation.
> 47 |    * @deprecated Pass parentTag instead of parentShadowView.
     |       ^ declaration is marked with '@deprecated' command but does not have a deprecation attribute [-Wdocumentation-deprecated-sync]
  48 |    */
  49 |   static ShadowViewMutation InsertMutation(
  50 |       const ShadowView& parentShadowView,


⚠️  (ios/Pods/Headers/Private/React-Fabric/react/renderer/mounting/ShadowViewMutation.h:64:7)

  62 |   /**
  63 |    * Creates and returns a `Remove` mutation.
> 64 |    * @deprecated Pass parentTag instead of parentShadowView.
     |       ^ declaration is marked with '@deprecated' command but does not have a deprecation attribute [-Wdocumentation-deprecated-sync]
  65 |    */
  66 |   static ShadowViewMutation RemoveMutation(
  67 |       const ShadowView& parentShadowView,


⚠️  (ios/Pods/Headers/Private/React-Fabric/react/renderer/mounting/ShadowViewMutation.h:83:7)

  81 |   /**
  82 |    * Creates and returns an `Update` mutation.
> 83 |    * @deprecated Pass parentTag instead of parentShadowView.
     |       ^ declaration is marked with '@deprecated' command but does not have a deprecation attribute [-Wdocumentation-deprecated-sync]
  84 |    */
  85 |   static ShadowViewMutation UpdateMutation(
  86 |       ShadowView oldChildShadowView,

› Compiling react-native Pods/React-Fabric » ShadowTree.cpp

⚠️  (ios/Pods/Headers/Private/React-Fabric/react/renderer/mounting/ShadowViewMutation.h:47:7)

  45 |   /**
  46 |    * Creates and returns an `Insert` mutation.
> 47 |    * @deprecated Pass parentTag instead of parentShadowView.
     |       ^ declaration is marked with '@deprecated' command but does not have a deprecation attribute [-Wdocumentation-deprecated-sync]
  48 |    */
  49 |   static ShadowViewMutation InsertMutation(
  50 |       const ShadowView& parentShadowView,


⚠️  (ios/Pods/Headers/Private/React-Fabric/react/renderer/mounting/ShadowViewMutation.h:64:7)

  62 |   /**
  63 |    * Creates and returns a `Remove` mutation.
> 64 |    * @deprecated Pass parentTag instead of parentShadowView.
     |       ^ declaration is marked with '@deprecated' command but does not have a deprecation attribute [-Wdocumentation-deprecated-sync]
  65 |    */
  66 |   static ShadowViewMutation RemoveMutation(
  67 |       const ShadowView& parentShadowView,


⚠️  (ios/Pods/Headers/Private/React-Fabric/react/renderer/mounting/ShadowViewMutation.h:83:7)

  81 |   /**
  82 |    * Creates and returns an `Update` mutation.
> 83 |    * @deprecated Pass parentTag instead of parentShadowView.
     |       ^ declaration is marked with '@deprecated' command but does not have a deprecation attribute [-Wdocumentation-deprecated-sync]
  84 |    */
  85 |   static ShadowViewMutation UpdateMutation(
  86 |       ShadowView oldChildShadowView,

› Compiling react-native Pods/React-Fabric » ShadowNodeTraits.cpp
› Compiling react-native Pods/React-Fabric » ShadowNodeFragment.cpp
› Compiling react-native Pods/React-Fabric » ShadowNodeFamily.cpp
› Compiling react-native Pods/React-Fabric » ShadowNode.cpp
› Compiling react-native Pods/React-Fabric » Sealable.cpp
› Compiling react-native Pods/React-Fabric » ScrollViewState.cpp
› Compiling react-native Pods/React-Fabric » ScrollViewShadowNode.cpp
› Compiling react-native Pods/React-Fabric » ScrollViewProps.cpp
› Compiling react-native Pods/React-Fabric » ScrollViewEventEmitter.cpp
› Compiling react-native Pods/React-Fabric » ScrollEvent.cpp
› Compiling react-native Pods/React-Fabric » Scheduler.cpp

⚠️  (ios/Pods/Headers/Private/React-Fabric/react/renderer/mounting/ShadowViewMutation.h:47:7)

  45 |   /**
  46 |    * Creates and returns an `Insert` mutation.
> 47 |    * @deprecated Pass parentTag instead of parentShadowView.
     |       ^ declaration is marked with '@deprecated' command but does not have a deprecation attribute [-Wdocumentation-deprecated-sync]
  48 |    */
  49 |   static ShadowViewMutation InsertMutation(
  50 |       const ShadowView& parentShadowView,


⚠️  (ios/Pods/Headers/Private/React-Fabric/react/renderer/mounting/ShadowViewMutation.h:64:7)

  62 |   /**
  63 |    * Creates and returns a `Remove` mutation.
> 64 |    * @deprecated Pass parentTag instead of parentShadowView.
     |       ^ declaration is marked with '@deprecated' command but does not have a deprecation attribute [-Wdocumentation-deprecated-sync]
  65 |    */
  66 |   static ShadowViewMutation RemoveMutation(
  67 |       const ShadowView& parentShadowView,


⚠️  (ios/Pods/Headers/Private/React-Fabric/react/renderer/mounting/ShadowViewMutation.h:83:7)

  81 |   /**
  82 |    * Creates and returns an `Update` mutation.
> 83 |    * @deprecated Pass parentTag instead of parentShadowView.
     |       ^ declaration is marked with '@deprecated' command but does not have a deprecation attribute [-Wdocumentation-deprecated-sync]
  84 |    */
  85 |   static ShadowViewMutation UpdateMutation(
  86 |       ShadowView oldChildShadowView,

› Compiling react-native Pods/React-Fabric » RootShadowNode.cpp

⚠️  (ios/Pods/Headers/Public/React-renderercss/react/renderer/css/CSSSyntaxParser.h:150:13)

  148 |    * https://www.w3.org/TR/css-syntax-3/#consume-component-value
  149 |    *
> 150 |    * @param <ReturnT> caller-specified return type of visitors. This type will
      |             ^ parameter '<ReturnT>' not found in the function declaration [-Wdocumentation]
  151 |    * be set to its default constructed state if consuming a component value with
  152 |    * no matching visitors, or syntax error
  153 |    * @param visitors A unique list of CSSComponentValueVisitor to be called on a

› Compiling react-native Pods/React-Fabric » RootProps.cpp

⚠️  (ios/Pods/Headers/Public/React-renderercss/react/renderer/css/CSSSyntaxParser.h:150:13)

  148 |    * https://www.w3.org/TR/css-syntax-3/#consume-component-value
  149 |    *
> 150 |    * @param <ReturnT> caller-specified return type of visitors. This type will
      |             ^ parameter '<ReturnT>' not found in the function declaration [-Wdocumentation]
  151 |    * be set to its default constructed state if consuming a component value with
  152 |    * no matching visitors, or syntax error
  153 |    * @param visitors A unique list of CSSComponentValueVisitor to be called on a

› Compiling react-native Pods/React-Fabric » ReactRootViewTagGenerator.cpp
› Compiling react-native Pods/React-Fabric » RawValue.cpp
› Compiling react-native Pods/React-Fabric » RawPropsParser.cpp
› Compiling react-native Pods/React-Fabric » RawPropsKeyMap.cpp
› Compiling react-native Pods/React-Fabric » RawPropsKey.cpp
› Compiling react-native Pods/React-Fabric » RawProps.cpp
› Compiling react-native Pods/React-Fabric » RawEvent.cpp
› Compiling react-native Pods/React-Fabric » RCTLegacyViewManagerInteropCoordinator.mm
› Compiling react-native Pods/React-Fabric » Props.cpp
› Compiling react-native Pods/React-Fabric » PointerHoverTracker.cpp

⚠️  (ios/Pods/Headers/Private/React-Fabric/react/renderer/mounting/ShadowViewMutation.h:47:7)

  45 |   /**
  46 |    * Creates and returns an `Insert` mutation.
> 47 |    * @deprecated Pass parentTag instead of parentShadowView.
     |       ^ declaration is marked with '@deprecated' command but does not have a deprecation attribute [-Wdocumentation-deprecated-sync]
  48 |    */
  49 |   static ShadowViewMutation InsertMutation(
  50 |       const ShadowView& parentShadowView,


⚠️  (ios/Pods/Headers/Private/React-Fabric/react/renderer/mounting/ShadowViewMutation.h:64:7)

  62 |   /**
  63 |    * Creates and returns a `Remove` mutation.
> 64 |    * @deprecated Pass parentTag instead of parentShadowView.
     |       ^ declaration is marked with '@deprecated' command but does not have a deprecation attribute [-Wdocumentation-deprecated-sync]
  65 |    */
  66 |   static ShadowViewMutation RemoveMutation(
  67 |       const ShadowView& parentShadowView,


⚠️  (ios/Pods/Headers/Private/React-Fabric/react/renderer/mounting/ShadowViewMutation.h:83:7)

  81 |   /**
  82 |    * Creates and returns an `Update` mutation.
> 83 |    * @deprecated Pass parentTag instead of parentShadowView.
     |       ^ declaration is marked with '@deprecated' command but does not have a deprecation attribute [-Wdocumentation-deprecated-sync]
  84 |    */
  85 |   static ShadowViewMutation UpdateMutation(
  86 |       ShadowView oldChildShadowView,

› Compiling react-native Pods/React-Fabric » PointerEventsProcessor.cpp

⚠️  (ios/Pods/Headers/Private/React-Fabric/react/renderer/mounting/ShadowViewMutation.h:47:7)

  45 |   /**
  46 |    * Creates and returns an `Insert` mutation.
> 47 |    * @deprecated Pass parentTag instead of parentShadowView.
     |       ^ declaration is marked with '@deprecated' command but does not have a deprecation attribute [-Wdocumentation-deprecated-sync]
  48 |    */
  49 |   static ShadowViewMutation InsertMutation(
  50 |       const ShadowView& parentShadowView,


⚠️  (ios/Pods/Headers/Private/React-Fabric/react/renderer/mounting/ShadowViewMutation.h:64:7)

  62 |   /**
  63 |    * Creates and returns a `Remove` mutation.
> 64 |    * @deprecated Pass parentTag instead of parentShadowView.
     |       ^ declaration is marked with '@deprecated' command but does not have a deprecation attribute [-Wdocumentation-deprecated-sync]
  65 |    */
  66 |   static ShadowViewMutation RemoveMutation(
  67 |       const ShadowView& parentShadowView,


⚠️  (ios/Pods/Headers/Private/React-Fabric/react/renderer/mounting/ShadowViewMutation.h:83:7)

  81 |   /**
  82 |    * Creates and returns an `Update` mutation.
> 83 |    * @deprecated Pass parentTag instead of parentShadowView.
     |       ^ declaration is marked with '@deprecated' command but does not have a deprecation attribute [-Wdocumentation-deprecated-sync]
  84 |    */
  85 |   static ShadowViewMutation UpdateMutation(
  86 |       ShadowView oldChildShadowView,

› Compiling react-native Pods/React-Fabric » PointerEvent.cpp
› Compiling react-native Pods/React-Fabric » ParagraphAttributes.cpp
› Compiling react-native Pods/React-Fabric » NativeComponentRegistryBinding.cpp
› Compiling react-native Pods/React-Fabric » MountingCoordinator.cpp

⚠️  (ios/Pods/Headers/Private/React-Fabric/react/renderer/mounting/ShadowViewMutation.h:47:7)

  45 |   /**
  46 |    * Creates and returns an `Insert` mutation.
> 47 |    * @deprecated Pass parentTag instead of parentShadowView.
     |       ^ declaration is marked with '@deprecated' command but does not have a deprecation attribute [-Wdocumentation-deprecated-sync]
  48 |    */
  49 |   static ShadowViewMutation InsertMutation(
  50 |       const ShadowView& parentShadowView,


⚠️  (ios/Pods/Headers/Private/React-Fabric/react/renderer/mounting/ShadowViewMutation.h:64:7)

  62 |   /**
  63 |    * Creates and returns a `Remove` mutation.
> 64 |    * @deprecated Pass parentTag instead of parentShadowView.
     |       ^ declaration is marked with '@deprecated' command but does not have a deprecation attribute [-Wdocumentation-deprecated-sync]
  65 |    */
  66 |   static ShadowViewMutation RemoveMutation(
  67 |       const ShadowView& parentShadowView,


⚠️  (ios/Pods/Headers/Private/React-Fabric/react/renderer/mounting/ShadowViewMutation.h:83:7)

  81 |   /**
  82 |    * Creates and returns an `Update` mutation.
> 83 |    * @deprecated Pass parentTag instead of parentShadowView.
     |       ^ declaration is marked with '@deprecated' command but does not have a deprecation attribute [-Wdocumentation-deprecated-sync]
  84 |    */
  85 |   static ShadowViewMutation UpdateMutation(
  86 |       ShadowView oldChildShadowView,

› Compiling react-native Pods/React-Fabric » LegacyViewManagerInteropViewProps.cpp
› Compiling react-native Pods/React-Fabric » LegacyViewManagerInteropViewEventEmitter.cpp
› Compiling react-native Pods/React-Fabric » LegacyViewManagerInteropState.mm
› Compiling react-native Pods/React-Fabric » LegacyViewManagerInteropShadowNode.cpp
› Compiling react-native Pods/React-Fabric » LegacyViewManagerInteropComponentDescriptor.mm
› Compiling react-native Pods/React-Fabric » LeakChecker.cpp
› Compiling react-native Pods/React-Fabric » LazyShadowTreeRevisionConsistencyManager.cpp

⚠️  (ios/Pods/Headers/Private/React-Fabric/react/renderer/mounting/ShadowViewMutation.h:47:7)

  45 |   /**
  46 |    * Creates and returns an `Insert` mutation.
> 47 |    * @deprecated Pass parentTag instead of parentShadowView.
     |       ^ declaration is marked with '@deprecated' command but does not have a deprecation attribute [-Wdocumentation-deprecated-sync]
  48 |    */
  49 |   static ShadowViewMutation InsertMutation(
  50 |       const ShadowView& parentShadowView,


⚠️  (ios/Pods/Headers/Private/React-Fabric/react/renderer/mounting/ShadowViewMutation.h:64:7)

  62 |   /**
  63 |    * Creates and returns a `Remove` mutation.
> 64 |    * @deprecated Pass parentTag instead of parentShadowView.
     |       ^ declaration is marked with '@deprecated' command but does not have a deprecation attribute [-Wdocumentation-deprecated-sync]
  65 |    */
  66 |   static ShadowViewMutation RemoveMutation(
  67 |       const ShadowView& parentShadowView,


⚠️  (ios/Pods/Headers/Private/React-Fabric/react/renderer/mounting/ShadowViewMutation.h:83:7)

  81 |   /**
  82 |    * Creates and returns an `Update` mutation.
> 83 |    * @deprecated Pass parentTag instead of parentShadowView.
     |       ^ declaration is marked with '@deprecated' command but does not have a deprecation attribute [-Wdocumentation-deprecated-sync]
  84 |    */
  85 |   static ShadowViewMutation UpdateMutation(
  86 |       ShadowView oldChildShadowView,

› Compiling react-native Pods/React-Fabric » LayoutableShadowNode.cpp
› Compiling react-native Pods/React-Fabric » LayoutMetrics.cpp
› Compiling react-native Pods/React-Fabric » LayoutConstraints.cpp
› Compiling react-native Pods/React-Fabric » LayoutAnimationKeyFrameManager.cpp

⚠️  (ios/Pods/Headers/Private/React-Fabric/react/renderer/mounting/ShadowViewMutation.h:47:7)

  45 |   /**
  46 |    * Creates and returns an `Insert` mutation.
> 47 |    * @deprecated Pass parentTag instead of parentShadowView.
     |       ^ declaration is marked with '@deprecated' command but does not have a deprecation attribute [-Wdocumentation-deprecated-sync]
  48 |    */
  49 |   static ShadowViewMutation InsertMutation(
  50 |       const ShadowView& parentShadowView,


⚠️  (ios/Pods/Headers/Private/React-Fabric/react/renderer/mounting/ShadowViewMutation.h:64:7)

  62 |   /**
  63 |    * Creates and returns a `Remove` mutation.
> 64 |    * @deprecated Pass parentTag instead of parentShadowView.
     |       ^ declaration is marked with '@deprecated' command but does not have a deprecation attribute [-Wdocumentation-deprecated-sync]
  65 |    */
  66 |   static ShadowViewMutation RemoveMutation(
  67 |       const ShadowView& parentShadowView,


⚠️  (ios/Pods/Headers/Private/React-Fabric/react/renderer/mounting/ShadowViewMutation.h:83:7)

  81 |   /**
  82 |    * Creates and returns an `Update` mutation.
> 83 |    * @deprecated Pass parentTag instead of parentShadowView.
     |       ^ declaration is marked with '@deprecated' command but does not have a deprecation attribute [-Wdocumentation-deprecated-sync]
  84 |    */
  85 |   static ShadowViewMutation UpdateMutation(
  86 |       ShadowView oldChildShadowView,

› Compiling react-native Pods/React-Fabric » LayoutAnimationDriver.cpp

⚠️  (ios/Pods/Headers/Private/React-Fabric/react/renderer/mounting/ShadowViewMutation.h:47:7)

  45 |   /**
  46 |    * Creates and returns an `Insert` mutation.
> 47 |    * @deprecated Pass parentTag instead of parentShadowView.
     |       ^ declaration is marked with '@deprecated' command but does not have a deprecation attribute [-Wdocumentation-deprecated-sync]
  48 |    */
  49 |   static ShadowViewMutation InsertMutation(
  50 |       const ShadowView& parentShadowView,


⚠️  (ios/Pods/Headers/Private/React-Fabric/react/renderer/mounting/ShadowViewMutation.h:64:7)

  62 |   /**
  63 |    * Creates and returns a `Remove` mutation.
> 64 |    * @deprecated Pass parentTag instead of parentShadowView.
     |       ^ declaration is marked with '@deprecated' command but does not have a deprecation attribute [-Wdocumentation-deprecated-sync]
  65 |    */
  66 |   static ShadowViewMutation RemoveMutation(
  67 |       const ShadowView& parentShadowView,


⚠️  (ios/Pods/Headers/Private/React-Fabric/react/renderer/mounting/ShadowViewMutation.h:83:7)

  81 |   /**
  82 |    * Creates and returns an `Update` mutation.
> 83 |    * @deprecated Pass parentTag instead of parentShadowView.
     |       ^ declaration is marked with '@deprecated' command but does not have a deprecation attribute [-Wdocumentation-deprecated-sync]
  84 |    */
  85 |   static ShadowViewMutation UpdateMutation(
  86 |       ShadowView oldChildShadowView,

› Compiling react-native Pods/React-Fabric » LatestShadowTreeRevisionProvider.cpp

⚠️  (ios/Pods/Headers/Private/React-Fabric/react/renderer/mounting/ShadowViewMutation.h:47:7)

  45 |   /**
  46 |    * Creates and returns an `Insert` mutation.
> 47 |    * @deprecated Pass parentTag instead of parentShadowView.
     |       ^ declaration is marked with '@deprecated' command but does not have a deprecation attribute [-Wdocumentation-deprecated-sync]
  48 |    */
  49 |   static ShadowViewMutation InsertMutation(
  50 |       const ShadowView& parentShadowView,


⚠️  (ios/Pods/Headers/Private/React-Fabric/react/renderer/mounting/ShadowViewMutation.h:64:7)

  62 |   /**
  63 |    * Creates and returns a `Remove` mutation.
> 64 |    * @deprecated Pass parentTag instead of parentShadowView.
     |       ^ declaration is marked with '@deprecated' command but does not have a deprecation attribute [-Wdocumentation-deprecated-sync]
  65 |    */
  66 |   static ShadowViewMutation RemoveMutation(
  67 |       const ShadowView& parentShadowView,


⚠️  (ios/Pods/Headers/Private/React-Fabric/react/renderer/mounting/ShadowViewMutation.h:83:7)

  81 |   /**
  82 |    * Creates and returns an `Update` mutation.
> 83 |    * @deprecated Pass parentTag instead of parentShadowView.
     |       ^ declaration is marked with '@deprecated' command but does not have a deprecation attribute [-Wdocumentation-deprecated-sync]
  84 |    */
  85 |   static ShadowViewMutation UpdateMutation(
  86 |       ShadowView oldChildShadowView,

› Compiling react-native Pods/React-Fabric » InstanceHandle.cpp
› Compiling react-native Pods/React-Fabric » ImageTelemetry.cpp
› Compiling react-native Pods/React-Fabric » ImageResponseObserverCoordinator.cpp
› Compiling react-native Pods/React-Fabric » ImageResponse.cpp
› Compiling react-native Pods/React-Fabric » ImageRequest.cpp
› Compiling react-native Pods/React-Fabric » EventTarget.cpp
› Compiling react-native Pods/React-Fabric » EventQueueProcessor.cpp
› Compiling react-native Pods/React-Fabric » EventQueue.cpp
› Compiling react-native Pods/React-Fabric » EventPerformanceLogger.cpp

⚠️  (ios/Pods/Headers/Private/React-Fabric/react/renderer/mounting/ShadowViewMutation.h:47:7)

  45 |   /**
  46 |    * Creates and returns an `Insert` mutation.
> 47 |    * @deprecated Pass parentTag instead of parentShadowView.
     |       ^ declaration is marked with '@deprecated' command but does not have a deprecation attribute [-Wdocumentation-deprecated-sync]
  48 |    */
  49 |   static ShadowViewMutation InsertMutation(
  50 |       const ShadowView& parentShadowView,


⚠️  (ios/Pods/Headers/Private/React-Fabric/react/renderer/mounting/ShadowViewMutation.h:64:7)

  62 |   /**
  63 |    * Creates and returns a `Remove` mutation.
> 64 |    * @deprecated Pass parentTag instead of parentShadowView.
     |       ^ declaration is marked with '@deprecated' command but does not have a deprecation attribute [-Wdocumentation-deprecated-sync]
  65 |    */
  66 |   static ShadowViewMutation RemoveMutation(
  67 |       const ShadowView& parentShadowView,


⚠️  (ios/Pods/Headers/Private/React-Fabric/react/renderer/mounting/ShadowViewMutation.h:83:7)

  81 |   /**
  82 |    * Creates and returns an `Update` mutation.
> 83 |    * @deprecated Pass parentTag instead of parentShadowView.
     |       ^ declaration is marked with '@deprecated' command but does not have a deprecation attribute [-Wdocumentation-deprecated-sync]
  84 |    */
  85 |   static ShadowViewMutation UpdateMutation(
  86 |       ShadowView oldChildShadowView,

› Compiling react-native Pods/React-Fabric » EventListener.cpp
› Compiling react-native Pods/React-Fabric » EventEmitter.cpp
› Compiling react-native Pods/React-Fabric » EventDispatcher.cpp
› Compiling react-native Pods/React-Fabric » EventBeat.cpp
› Compiling react-native Pods/React-Fabric » DynamicPropsUtilities.cpp
› Compiling react-native Pods/React-Fabric » Differentiator.cpp

⚠️  (ios/Pods/Headers/Private/React-Fabric/react/renderer/mounting/ShadowViewMutation.h:47:7)

  45 |   /**
  46 |    * Creates and returns an `Insert` mutation.
> 47 |    * @deprecated Pass parentTag instead of parentShadowView.
     |       ^ declaration is marked with '@deprecated' command but does not have a deprecation attribute [-Wdocumentation-deprecated-sync]
  48 |    */
  49 |   static ShadowViewMutation InsertMutation(
  50 |       const ShadowView& parentShadowView,


⚠️  (ios/Pods/Headers/Private/React-Fabric/react/renderer/mounting/ShadowViewMutation.h:64:7)

  62 |   /**
  63 |    * Creates and returns a `Remove` mutation.
> 64 |    * @deprecated Pass parentTag instead of parentShadowView.
     |       ^ declaration is marked with '@deprecated' command but does not have a deprecation attribute [-Wdocumentation-deprecated-sync]
  65 |    */
  66 |   static ShadowViewMutation RemoveMutation(
  67 |       const ShadowView& parentShadowView,


⚠️  (ios/Pods/Headers/Private/React-Fabric/react/renderer/mounting/ShadowViewMutation.h:83:7)

  81 |   /**
  82 |    * Creates and returns an `Update` mutation.
> 83 |    * @deprecated Pass parentTag instead of parentShadowView.
     |       ^ declaration is marked with '@deprecated' command but does not have a deprecation attribute [-Wdocumentation-deprecated-sync]
  84 |    */
  85 |   static ShadowViewMutation UpdateMutation(
  86 |       ShadowView oldChildShadowView,

› Compiling react-native Pods/React-Fabric » DOM.cpp
› Compiling react-native Pods/React-Fabric » CullingContext.cpp
› Compiling react-native Pods/React-Fabric » ComponentDescriptorRegistry.cpp
› Compiling react-native Pods/React-Fabric » ComponentDescriptorProviderRegistry.cpp
› Compiling react-native Pods/React-Fabric » ComponentDescriptor.cpp
› Compiling react-native Pods/React-Fabric » BaseViewProps.cpp

⚠️  (ios/Pods/Headers/Public/React-renderercss/react/renderer/css/CSSSyntaxParser.h:150:13)

  148 |    * https://www.w3.org/TR/css-syntax-3/#consume-component-value
  149 |    *
> 150 |    * @param <ReturnT> caller-specified return type of visitors. This type will
      |             ^ parameter '<ReturnT>' not found in the function declaration [-Wdocumentation]
  151 |    * be set to its default constructed state if consuming a component value with
  152 |    * no matching visitors, or syntax error
  153 |    * @param visitors A unique list of CSSComponentValueVisitor to be called on a

› Compiling react-native Pods/React-Fabric » BaseViewEventEmitter.cpp
› Packaging react-native Pods/React-Fabric » libReact-Fabric.a
› Executing react-native Pods/React-FabricComponents » [CP-User] [RN]Check rncore
› Compiling react-native Pods/React-ImageManager » ImageManager.mm
› Compiling react-native Pods/React-NativeModulesApple » RCTInteropTurboModule.mm
› Compiling react-native Pods/React-ImageManager » RCTImageManager.mm
› Compiling react-native Pods/React-ImageManager » RCTSyncImageManager.mm
› Compiling react-native Pods/React-NativeModulesApple » RCTTurboModuleManager.mm

⚠️  (node_modules/react-native/ReactCommon/react/nativemodule/core/platform/ios/ReactCommon/RCTTurboModuleManager.mm:243:55)

  241 |
  242 |       if ([_delegate respondsToSelector:@selector(extraModulesForBridge:)]) {
> 243 |         for (id<RCTBridgeModule> module in [_delegate extraModulesForBridge:nil]) {
      |                                                       ^ 'extraModulesForBridge:' is deprecated: Please make all native modules returned from this method TurboModule-compatible. [-Wdeprecated-declarations]
  244 |           if (!isTurboModuleInstance(module)) {
  245 |             [legacyInitializedModules setObject:module forKey:RCTBridgeModuleNameForClass([module class])];
  246 |           }


⚠️  (node_modules/react-native/ReactCommon/react/nativemodule/core/platform/ios/ReactCommon/RCTTurboModuleManager.mm:409:50)

  407 |     } else if ([module respondsToSelector:@selector(installJSIBindingsWithRuntime:)]) {
  408 |       // Old API without CallInvoker (deprecated)
> 409 |       [(id<RCTTurboModuleWithJSIBindings>)module installJSIBindingsWithRuntime:*runtime];
      |                                                  ^ 'installJSIBindingsWithRuntime:' is deprecated: Use 'installJSIBindingsWithRuntime:callInvoker:' instead [-Wdeprecated-declarations]
  410 |     }
  411 |     return turboModule;
  412 |   }

› Compiling react-native Pods/React-NativeModulesApple » RCTTurboModule.mm
› Packaging react-native Pods/React-ImageManager » libReact-ImageManager.a
› Packaging react-native Pods/React-NativeModulesApple » libReact-NativeModulesApple.a
› Compiling react-native Pods/React-FabricComponents » ModalHostViewUtils.mm
› Compiling react-native Pods/React-FabricComponents » TextInputState.cpp
› Compiling react-native Pods/React-FabricComponents » TextInputShadowNode.cpp
› Compiling react-native Pods/React-FabricComponents » TextLayoutManager.mm
› Compiling react-native Pods/React-FabricComponents » TextInputProps.cpp
› Compiling react-native Pods/React-FabricComponents » TextInputEventEmitter.cpp
› Compiling react-native Pods/React-FabricComponents » States.cpp
› Compiling react-native Pods/React-FabricComponents » TextLayoutManager.cpp
› Compiling react-native Pods/React-FabricComponents » TextMeasureCache.cpp
› Compiling react-native Pods/React-FabricComponents » UnimplementedViewProps.cpp
› Executing react-native Pods/React-RCTFBReactNativeSpec » [CP-User] [RN]Check FBReactNativeSpec
› Compiling react-native Pods/React-FabricComponents » UnimplementedViewShadowNode.cpp
› Compiling react-native Pods/React-FabricComponents » UnimplementedViewComponentDescriptor.cpp
› Compiling react-native Pods/React-FabricComponents » TextShadowNode.cpp
› Compiling react-native Pods/React-FabricComponents » TextProps.cpp
› Compiling react-native Pods/React-FabricComponents » ShadowNodes.cpp
› Compiling react-native Pods/React-FabricComponents » ScrollViewState.cpp
› Compiling react-native Pods/React-FabricComponents » ScrollViewShadowNode.cpp
› Compiling react-native Pods/React-FabricComponents » ScrollViewProps.cpp
› Compiling react-native Pods/React-FabricComponents » ScrollViewEventEmitter.cpp
› Compiling react-native Pods/React-FabricComponents » ScrollEvent.cpp
› Compiling react-native Pods/React-FabricComponents » SafeAreaViewState.cpp
› Compiling react-native Pods/React-FabricComponents » SafeAreaViewShadowNode.cpp
› Compiling react-native Pods/React-FabricComponents » RawTextShadowNode.cpp
› Compiling react-native Pods/React-FabricComponents » RawTextProps.cpp
› Compiling react-native Pods/React-FabricComponents » RCTTextLayoutManager.mm
› Compiling react-native Pods/React-FabricComponents » RCTFontUtils.mm
› Compiling react-native Pods/React-FabricComponents » RCTAttributedTextUtils.mm
› Compiling react-native Pods/React-FabricComponents » Props.cpp
› Compiling react-native Pods/React-FabricComponents » ParagraphState.cpp
› Compiling react-native Pods/React-FabricComponents » ParagraphShadowNode.cpp

⚠️  (ios/Pods/Headers/Public/React-renderercss/react/renderer/css/CSSSyntaxParser.h:150:13)

  148 |    * https://www.w3.org/TR/css-syntax-3/#consume-component-value
  149 |    *
> 150 |    * @param <ReturnT> caller-specified return type of visitors. This type will
      |             ^ parameter '<ReturnT>' not found in the function declaration [-Wdocumentation]
  151 |    * be set to its default constructed state if consuming a component value with
  152 |    * no matching visitors, or syntax error
  153 |    * @param visitors A unique list of CSSComponentValueVisitor to be called on a

› Compiling react-native Pods/React-FabricComponents » ParagraphProps.cpp
› Compiling react-native Pods/React-FabricComponents » ParagraphEventEmitter.cpp
› Compiling react-native Pods/React-FabricComponents » ParagraphComponentDescriptor.cpp
› Compiling react-native Pods/React-FabricComponents » ModalHostViewState.cpp
› Compiling react-native Pods/React-FabricComponents » ModalHostViewShadowNode.cpp
› Compiling react-native Pods/React-FabricComponents » InputAccessoryShadowNode.cpp
› Compiling react-native Pods/React-FabricComponents » EventEmitters.cpp
› Compiling react-native Pods/React-FabricComponents » ComponentDescriptors.cpp
› Compiling react-native Pods/React-FabricComponents » BaseTextShadowNode.cpp
› Compiling react-native Pods/React-FabricComponents » BaseTextProps.cpp
› Compiling react-native Pods/React-FabricComponents » BaseTextInputProps.cpp
› Compiling react-native Pods/React-FabricImage » ImageComponentDescriptor.cpp
› Compiling react-native Pods/React-FabricImage » ImageShadowNode.cpp
› Compiling react-native Pods/React-FabricImage » ImageProps.cpp
› Compiling react-native Pods/React-FabricImage » ImageState.cpp
› Compiling react-native Pods/React-FabricImage » ImageEventEmitter.cpp
› Packaging react-native Pods/React-FabricComponents » libReact-FabricComponents.a
› Packaging react-native Pods/React-FabricImage » libReact-FabricImage.a
› Compiling react-native Pods/React-RCTFBReactNativeSpec » FBReactNativeSpecJSI-generated.cpp
› Compiling react-native Pods/React-RCTFBReactNativeSpec » FBReactNativeSpec-generated.mm
› Packaging react-native Pods/React-RCTFBReactNativeSpec » libReact-RCTFBReactNativeSpec.a
› Compiling react-native Pods/React-RCTAnimation » RCTAdditionAnimatedNode.mm
› Compiling react-native Pods/React-RCTNetwork » RCTDataRequestHandler.mm
› Compiling react-native Pods/React-RCTAnimation » RCTAnimationUtils.mm
› Compiling react-native Pods/React-RCTAnimation » RCTDecayAnimation.mm
› Compiling react-native Pods/React-RCTAnimation » RCTColorAnimatedNode.mm
› Compiling react-native Pods/React-RCTAnimation » RCTAnimationPlugins.mm
› Compiling react-native Pods/React-RCTAnimation » RCTValueAnimatedNode.mm
› Compiling react-native Pods/React-RCTAnimation » RCTTrackingAnimatedNode.mm
› Compiling react-native Pods/React-RCTAnimation » RCTSubtractionAnimatedNode.mm
› Compiling react-native Pods/React-RCTAnimation » RCTStyleAnimatedNode.mm
› Compiling react-native Pods/React-RCTAnimation » RCTTransformAnimatedNode.mm
› Compiling react-native Pods/React-RCTAnimation » RCTSpringAnimation.mm
› Compiling react-native Pods/React-RCTAnimation » RCTPropsAnimatedNode.mm
› Compiling react-native Pods/React-RCTAnimation » RCTObjectAnimatedNode.mm
› Compiling react-native Pods/React-RCTAnimation » RCTNativeAnimatedTurboModule.mm
› Compiling react-native Pods/React-RCTAnimation » RCTNativeAnimatedNodesManager.mm
› Compiling react-native Pods/React-RCTAnimation » RCTNativeAnimatedModule.mm
› Compiling react-native Pods/React-RCTNetwork » RCTNetworking.mm
› Compiling react-native Pods/React-RCTNetwork » RCTNetworkTask.mm
› Compiling react-native Pods/React-RCTNetwork » RCTNetworkPlugins.mm
› Compiling react-native Pods/React-RCTNetwork » RCTHTTPRequestHandler.mm
› Compiling react-native Pods/React-RCTNetwork » RCTFileRequestHandler.mm

⚠️  (node_modules/react-native/Libraries/Network/RCTFileRequestHandler.mm:70:9)

  68 |     NSString *fileExtension = [request.URL pathExtension];
  69 |     NSString *UTI = (__bridge_transfer NSString *)UTTypeCreatePreferredIdentifierForTag(
> 70 |         kUTTagClassFilenameExtension, (__bridge CFStringRef)fileExtension, NULL);
     |         ^ 'kUTTagClassFilenameExtension' is deprecated: first deprecated in iOS 15.0 - Use UTTagClassFilenameExtension instead. [-Wdeprecated-declarations]
  71 |     NSString *contentType =
  72 |         (__bridge_transfer NSString *)UTTypeCopyPreferredTagWithClass((__bridge CFStringRef)UTI, kUTTagClassMIMEType);
  73 |


⚠️  (node_modules/react-native/Libraries/Network/RCTFileRequestHandler.mm:69:51)

  67 |     // Get mime type
  68 |     NSString *fileExtension = [request.URL pathExtension];
> 69 |     NSString *UTI = (__bridge_transfer NSString *)UTTypeCreatePreferredIdentifierForTag(
     |                                                   ^ 'UTTypeCreatePreferredIdentifierForTag' is deprecated: first deprecated in iOS 15.0 - Use the UTType class instead. [-Wdeprecated-declarations]
  70 |         kUTTagClassFilenameExtension, (__bridge CFStringRef)fileExtension, NULL);
  71 |     NSString *contentType =
  72 |         (__bridge_transfer NSString *)UTTypeCopyPreferredTagWithClass((__bridge CFStringRef)UTI, kUTTagClassMIMEType);


⚠️  (node_modules/react-native/Libraries/Network/RCTFileRequestHandler.mm:72:98)

  70 |         kUTTagClassFilenameExtension, (__bridge CFStringRef)fileExtension, NULL);
  71 |     NSString *contentType =
> 72 |         (__bridge_transfer NSString *)UTTypeCopyPreferredTagWithClass((__bridge CFStringRef)UTI, kUTTagClassMIMEType);
     |                                                                                                  ^ 'kUTTagClassMIMEType' is deprecated: first deprecated in iOS 15.0 - Use UTTagClassMIMEType instead. [-Wdeprecated-declarations]
  73 |
  74 |     // Send response
  75 |     NSURLResponse *response = [[NSURLResponse alloc] initWithURL:request.URL


⚠️  (node_modules/react-native/Libraries/Network/RCTFileRequestHandler.mm:72:39)

  70 |         kUTTagClassFilenameExtension, (__bridge CFStringRef)fileExtension, NULL);
  71 |     NSString *contentType =
> 72 |         (__bridge_transfer NSString *)UTTypeCopyPreferredTagWithClass((__bridge CFStringRef)UTI, kUTTagClassMIMEType);
     |                                       ^ 'UTTypeCopyPreferredTagWithClass' is deprecated: first deprecated in iOS 15.0 - Use the UTType class instead. [-Wdeprecated-declarations]
  73 |
  74 |     // Send response
  75 |     NSURLResponse *response = [[NSURLResponse alloc] initWithURL:request.URL

› Compiling react-native Pods/React-RCTAnimation » RCTMultiplicationAnimatedNode.mm
› Compiling react-native Pods/React-RCTAnimation » RCTModuloAnimatedNode.mm
› Compiling react-native Pods/React-RCTAnimation » RCTInterpolationAnimatedNode.mm
› Compiling react-native Pods/React-RCTAnimation » RCTFrameAnimation.mm
› Compiling react-native Pods/React-RCTAnimation » RCTEventAnimation.mm
› Compiling react-native Pods/React-RCTAnimation » RCTDivisionAnimatedNode.mm
› Compiling react-native Pods/React-RCTAnimation » RCTDiffClampAnimatedNode.mm
› Compiling react-native Pods/React-RCTAnimation » RCTAnimatedNode.mm
› Packaging react-native Pods/React-RCTNetwork » libReact-RCTNetwork.a
› Compiling react-native Pods/React-RCTBlob » RCTBlobCollector.mm
› Packaging react-native Pods/React-RCTAnimation » libReact-RCTAnimation.a
› Compiling react-native Pods/React-RCTImage » RCTAnimatedImage.mm
› Compiling react-native Pods/React-RCTBlob » RCTFileReaderModule.mm
› Compiling react-native Pods/React-RCTBlob » RCTBlobPlugins.mm
› Compiling react-native Pods/React-RCTBlob » RCTBlobManager.mm
› Compiling react-native Pods/React-RCTImage » RCTGIFImageDecoder.mm
› Compiling react-native Pods/React-RCTImage » RCTDisplayWeakRefreshable.mm
› Compiling react-native Pods/React-RCTImage » RCTImageBlurUtils.mm
› Compiling react-native Pods/React-RCTImage » RCTImageURLLoaderWithAttribution.mm
› Compiling react-native Pods/React-RCTImage » RCTImageCache.mm
› Compiling react-native Pods/React-RCTImage » RCTImageStoreManager.mm

⚠️  (node_modules/react-native/Libraries/Image/RCTImageStoreManager.mm:205:93)

  203 |     CFRelease(sourceRef);
  204 |
> 205 |     NSString *MIMEType = (__bridge_transfer NSString *)UTTypeCopyPreferredTagWithClass(UTI, kUTTagClassMIMEType);
      |                                                                                             ^ 'kUTTagClassMIMEType' is deprecated: first deprecated in iOS 15.0 - Use UTTagClassMIMEType instead. [-Wdeprecated-declarations]
  206 |     NSURLResponse *response = [[NSURLResponse alloc] initWithURL:request.URL
  207 |                                                         MIMEType:MIMEType
  208 |                                            expectedContentLength:imageData.length


⚠️  (node_modules/react-native/Libraries/Image/RCTImageStoreManager.mm:205:56)

  203 |     CFRelease(sourceRef);
  204 |
> 205 |     NSString *MIMEType = (__bridge_transfer NSString *)UTTypeCopyPreferredTagWithClass(UTI, kUTTagClassMIMEType);
      |                                                        ^ 'UTTypeCopyPreferredTagWithClass' is deprecated: first deprecated in iOS 15.0 - Use the UTType class instead. [-Wdeprecated-declarations]
  206 |     NSURLResponse *response = [[NSURLResponse alloc] initWithURL:request.URL
  207 |                                                         MIMEType:MIMEType
  208 |                                            expectedContentLength:imageData.length

› Compiling react-native Pods/React-RCTImage » RCTImageShadowView.mm
› Compiling react-native Pods/React-RCTImage » RCTUIImageViewAnimated.mm
› Compiling react-native Pods/React-RCTImage » RCTResizeMode.mm
› Compiling react-native Pods/React-RCTImage » RCTLocalAssetImageLoader.mm

⚠️  (node_modules/react-native/Libraries/Image/RCTLocalAssetImageLoader.mm:21:17)

  19 | @end
  20 |
> 21 | @implementation RCTLocalAssetImageLoader
     |                 ^ implementing deprecated class [-Wdeprecated-implementations]
  22 |
  23 | RCT_EXPORT_MODULE()
  24 |


⚠️  (node_modules/react-native/Libraries/Image/RCTLocalAssetImageLoader.mm:82:10)

  80 | Class RCTLocalAssetImageLoaderCls(void)
  81 | {
> 82 |   return RCTLocalAssetImageLoader.class;
     |          ^ 'RCTLocalAssetImageLoader' is deprecated: Use RCTBundleAssetImageLoader instead [-Wdeprecated-declarations]
  83 | }
  84 |

› Compiling react-native Pods/React-RCTImage » RCTImageViewManager.mm
› Compiling react-native Pods/React-RCTImage » RCTImageView.mm
› Compiling react-native Pods/React-RCTImage » RCTImageUtils.mm

⚠️  (node_modules/react-native/Libraries/Image/RCTImageUtils.mm:342:63)

  340 |   if (RCTImageHasAlpha(cgImage)) {
  341 |     // get png data
> 342 |     destination = CGImageDestinationCreateWithData(imageData, kUTTypePNG, 1, NULL);
      |                                                               ^ 'kUTTypePNG' is deprecated: first deprecated in iOS 15.0 - Use UTTypePNG or UTType.png instead. [-Wdeprecated-declarations]
  343 |   } else {
  344 |     // get jpeg data
  345 |     destination = CGImageDestinationCreateWithData(imageData, kUTTypeJPEG, 1, NULL);


⚠️  (node_modules/react-native/Libraries/Image/RCTImageUtils.mm:345:63)

  343 |   } else {
  344 |     // get jpeg data
> 345 |     destination = CGImageDestinationCreateWithData(imageData, kUTTypeJPEG, 1, NULL);
      |                                                               ^ 'kUTTypeJPEG' is deprecated: first deprecated in iOS 15.0 - Use UTTypeJPEG or UTType.jpeg instead. [-Wdeprecated-declarations]
  346 |     [properties setValue:@(quality) forKey:(id)kCGImageDestinationLossyCompressionQuality];
  347 |   }
  348 |   if (!destination) {

› Compiling react-native Pods/React-RCTImage » RCTImagePlugins.mm
› Compiling react-native Pods/React-RCTImage » RCTImageLoader.mm

⚠️  (node_modules/react-native/Libraries/Image/RCTImageLoader.mm:1233:53)

  1231 |                   : (RCTPromiseRejectBlock)reject)
  1232 | {
> 1233 |   [self prefetchImageWithMetadata:uri queryRootName:nil rootTag:0 resolve:resolve reject:reject];
       |                                                     ^ null passed to a callee that requires a non-null argument [-Wnonnull]
  1234 | }
  1235 |
  1236 | RCT_EXPORT_METHOD(prefetchImageWithMetadata

› Packaging react-native Pods/React-RCTBlob » libReact-RCTBlob.a
› Compiling react-native Pods/React-RCTImage » RCTImageEditingManager.mm
› Compiling react-native Pods/React-RCTImage » RCTBundleAssetImageLoader.mm
› Packaging react-native Pods/React-RCTImage » libReact-RCTImage.a
› Compiling react-native Pods/React-CoreModules » CoreModulesPlugins.mm
› Compiling react-native Pods/React-RCTText » RCTBaseTextShadowView.mm
› Compiling react-native Pods/React-RCTText » RCTBaseTextViewManager.mm
› Compiling react-native Pods/React-RCTText » RCTBaseTextInputViewManager.mm
› Compiling react-native Pods/React-RCTText » RCTInputAccessoryShadowView.mm
› Compiling react-native Pods/React-RCTText » RCTDynamicTypeRamp.mm
› Compiling react-native Pods/React-RCTText » RCTInputAccessoryView.mm
› Compiling react-native Pods/React-RCTText » RCTInputAccessoryViewContent.mm
› Compiling react-native Pods/React-RCTText » RCTInputAccessoryViewManager.mm
› Compiling react-native Pods/React-RCTText » RCTMultilineTextInputView.mm
› Compiling react-native Pods/React-RCTText » RCTVirtualTextViewManager.mm
› Compiling react-native Pods/React-RCTText » RCTVirtualTextView.mm
› Compiling react-native Pods/React-RCTText » RCTVirtualTextShadowView.mm
› Compiling react-native Pods/React-RCTText » RCTUITextView.mm
› Compiling react-native Pods/React-RCTText » RCTUITextField.mm
› Compiling react-native Pods/React-RCTText » RCTTextViewManager.mm
› Compiling react-native Pods/React-RCTText » RCTTextView.mm

⚠️  (node_modules/react-native/Libraries/Text/Text/RCTTextView.mm:285:36)

  283 |
  284 |   if (rtf) {
> 285 |     [item setObject:rtf forKey:(id)kUTTypeFlatRTFD];
      |                                    ^ 'kUTTypeFlatRTFD' is deprecated: first deprecated in iOS 15.0 - Use UTTypeFlatRTFD or UTType.flatRTFD instead. [-Wdeprecated-declarations]
  286 |   }
  287 |
  288 |   [item setObject:attributedText.string forKey:(id)kUTTypeUTF8PlainText];


⚠️  (node_modules/react-native/Libraries/Text/Text/RCTTextView.mm:288:52)

  286 |   }
  287 |
> 288 |   [item setObject:attributedText.string forKey:(id)kUTTypeUTF8PlainText];
      |                                                    ^ 'kUTTypeUTF8PlainText' is deprecated: first deprecated in iOS 15.0 - Use UTTypeUTF8PlainText or UTType.utf8PlainText instead. [-Wdeprecated-declarations]
  289 |
  290 |   UIPasteboard *pasteboard = [UIPasteboard generalPasteboard];
  291 |   pasteboard.items = @[ item ];

› Compiling react-native Pods/React-RCTText » RCTTextShadowView.mm
› Compiling react-native Pods/React-RCTText » RCTTextSelection.mm
› Compiling react-native Pods/React-RCTText » RCTTextAttributes.mm
› Compiling react-native Pods/React-RCTText » RCTSinglelineTextInputViewManager.mm
› Compiling react-native Pods/React-RCTText » RCTSinglelineTextInputView.mm
› Compiling react-native Pods/React-RCTText » RCTRawTextViewManager.mm
› Compiling react-native Pods/React-RCTText » RCTRawTextShadowView.mm
› Compiling react-native Pods/React-RCTText » RCTMultilineTextInputViewManager.mm
› Compiling react-native Pods/React-RCTText » RCTConvert+Text.mm
› Compiling react-native Pods/React-RCTText » RCTBaseTextInputView.mm
› Compiling react-native Pods/React-RCTText » RCTBaseTextInputShadowView.mm
› Compiling react-native Pods/React-RCTText » RCTBackedTextInputDelegateAdapter.mm
› Compiling react-native Pods/React-RCTText » NSTextStorage+FontScaling.m
› Compiling react-native Pods/React-CoreModules » RCTWebSocketModule.mm
› Compiling react-native Pods/React-CoreModules » RCTTiming.mm
› Compiling react-native Pods/React-CoreModules » RCTStatusBarManager.mm
› Compiling react-native Pods/React-CoreModules » RCTSourceCode.mm
› Compiling react-native Pods/React-CoreModules » RCTRedBox.mm
› Compiling react-native Pods/React-CoreModules » RCTPlatform.mm
› Compiling react-native Pods/React-CoreModules » RCTPerfMonitor.mm
› Compiling react-native Pods/React-CoreModules » RCTLogBoxView.mm
› Compiling react-native Pods/React-CoreModules » RCTLogBox.mm
› Compiling react-native Pods/React-CoreModules » RCTKeyboardObserver.mm
› Packaging react-native Pods/React-RCTText » libReact-RCTText.a
› Compiling react-native Pods/React-CoreModules » RCTI18nManager.mm
› Compiling react-native Pods/React-CoreModules » RCTFPSGraph.mm
› Compiling react-native Pods/React-CoreModules » RCTExceptionsManager.mm
› Compiling react-native Pods/React-CoreModules » RCTEventDispatcher.mm

⚠️  (node_modules/react-native/React/CoreModules/RCTEventDispatcher.mm:70:1)

  68 | }
  69 |
> 70 | - (void)sendAppEventWithName:(NSString *)name body:(id)body
     | ^ implementing deprecated method [-Wdeprecated-implementations]
  71 | {
  72 |   [_callableJSModules invokeModule:@"RCTNativeAppEventEmitter"
  73 |                             method:@"emit"


⚠️  (node_modules/react-native/React/CoreModules/RCTEventDispatcher.mm:77:1)

  75 | }
  76 |
> 77 | - (void)sendDeviceEventWithName:(NSString *)name body:(id)body
     | ^ implementing deprecated method [-Wdeprecated-implementations]
  78 | {
  79 |   [_callableJSModules invokeModule:@"RCTDeviceEventEmitter" method:@"emit" withArgs:body ? @[ name, body ] : @[ name ]];
  80 | }

› Compiling react-native Pods/React-CoreModules » RCTDeviceInfo.mm
› Compiling react-native Pods/React-CoreModules » RCTDevToolsRuntimeSettingsModule.mm
› Compiling react-native Pods/React-CoreModules » RCTDevSettings.mm
› Compiling react-native Pods/React-CoreModules » RCTDevMenu.mm
› Compiling react-native Pods/React-CoreModules » RCTDevLoadingView.mm
› Compiling react-native Pods/React-CoreModules » RCTClipboard.mm
› Compiling react-native Pods/React-CoreModules » RCTAppearance.mm
› Compiling react-native Pods/React-CoreModules » RCTAppState.mm
› Compiling react-native Pods/React-CoreModules » RCTAlertManager.mm
› Compiling react-native Pods/React-CoreModules » RCTAlertController.mm
› Compiling react-native Pods/React-CoreModules » RCTActionSheetManager.mm
› Compiling react-native Pods/React-CoreModules » RCTAccessibilityManager.mm
› Compiling react-native Pods/React-RCTFabric » UIView+ComponentViewProtocol.mm
› Compiling react-native Pods/React-RCTFabric » RCTViewFinder.mm
› Compiling react-native Pods/React-RCTFabric » RCTViewComponentView.mm
› Compiling react-native Pods/React-RCTFabric » RCTUnimplementedViewComponentView.mm
› Compiling react-native Pods/React-RCTFabric » RCTUnimplementedNativeComponentView.mm
› Compiling react-native Pods/React-RCTFabric » RCTTextInputUtils.mm
› Compiling react-native Pods/React-RCTFabric » RCTTextInputComponentView.mm
› Compiling react-native Pods/React-RCTFabric » RCTSwitchComponentView.mm
› Compiling react-native Pods/React-RCTFabric » RCTSurfaceTouchHandler.mm
› Compiling react-native Pods/React-RCTFabric » RCTSurfaceRegistry.mm
› Packaging react-native Pods/React-CoreModules » libReact-CoreModules.a
› Compiling react-native Pods/React-RCTFabric » RCTSurfacePresenterBridgeAdapter.mm
› Compiling react-native Pods/React-RCTFabric » RCTSurfacePresenter.mm
› Compiling react-native Pods/React-RCTFabric » RCTSurfacePointerHandler.mm
› Compiling react-native Pods/React-RCTFabric » RCTScrollViewComponentView.mm
› Compiling react-native Pods/React-RCTFabric » RCTScheduler.mm
› Compiling react-native Pods/React-RCTFabric » RCTSafeAreaViewComponentView.mm
› Compiling react-native Pods/React-RCTFabric » RCTRootComponentView.mm
› Compiling react-native Pods/React-RCTFabric » RCTReactTaggedView.mm
› Compiling react-native Pods/React-RCTFabric » RCTPullToRefreshViewComponentView.mm
› Compiling react-native Pods/React-RCTFabric » RCTParagraphComponentView.mm

⚠️  (node_modules/react-native/React/Fabric/Mounting/ComponentViews/Text/RCTParagraphComponentView.mm:309:36)

  307 |
  308 |   if (rtf) {
> 309 |     [item setObject:rtf forKey:(id)kUTTypeFlatRTFD];
      |                                    ^ 'kUTTypeFlatRTFD' is deprecated: first deprecated in iOS 15.0 - Use UTTypeFlatRTFD or UTType.flatRTFD instead. [-Wdeprecated-declarations]
  310 |   }
  311 |
  312 |   [item setObject:attributedText.string forKey:(id)kUTTypeUTF8PlainText];


⚠️  (node_modules/react-native/React/Fabric/Mounting/ComponentViews/Text/RCTParagraphComponentView.mm:312:52)

  310 |   }
  311 |
> 312 |   [item setObject:attributedText.string forKey:(id)kUTTypeUTF8PlainText];
      |                                                    ^ 'kUTTypeUTF8PlainText' is deprecated: first deprecated in iOS 15.0 - Use UTTypeUTF8PlainText or UTType.utf8PlainText instead. [-Wdeprecated-declarations]
  313 |
  314 |   UIPasteboard *pasteboard = [UIPasteboard generalPasteboard];
  315 |   pasteboard.items = @[ item ];

› Compiling react-native Pods/React-RCTFabric » RCTParagraphComponentAccessibilityProvider.mm
› Compiling react-native Pods/React-RCTFabric » RCTMountingTransactionObserverCoordinator.mm
› Compiling react-native Pods/React-RCTFabric » RCTMountingManager.mm
› Compiling react-native Pods/React-RCTFabric » RCTModalHostViewComponentView.mm
› Compiling react-native Pods/React-RCTFabric » RCTLocalizationProvider.mm
› Compiling react-native Pods/React-RCTFabric » RCTLinearGradient.mm

⚠️  (node_modules/react-native/React/Fabric/Utils/RCTLinearGradient.mm:48:23)

  46 |     CGContextRef context = rendererContext.CGContext;
  47 |     NSMutableArray *colors = [NSMutableArray array];
> 48 |     CGFloat locations[colorStops.size()];
     |                       ^ variable length arrays in C++ are a Clang extension [-Wvla-cxx-extension]
  49 |
  50 |     for (size_t i = 0; i < colorStops.size(); ++i) {
  51 |       const auto &colorStop = colorStops[i];

› Compiling react-native Pods/React-RCTFabric » RCTLegacyViewManagerInteropCoordinatorAdapter.mm
› Compiling react-native Pods/React-RCTFabric » RCTLegacyViewManagerInteropComponentView.mm
› Compiling react-native Pods/React-RCTFabric » RCTInputAccessoryContentView.mm
› Compiling react-native Pods/React-RCTFabric » RCTInputAccessoryComponentView.mm
› Compiling react-native Pods/React-RCTFabric » RCTImageResponseObserverProxy.mm
› Compiling react-native Pods/React-RCTFabric » RCTImageComponentView.mm
› Compiling react-native Pods/React-RCTFabric » RCTGenericDelegateSplitter.mm
› Compiling react-native Pods/React-RCTFabric » RCTFabricSurface.mm
› Compiling react-native Pods/React-RCTFabric » RCTFabricModalHostViewController.mm
› Compiling react-native Pods/React-RCTFabric » RCTFabricComponentsPlugins.mm
› Compiling react-native Pods/React-RCTFabric » RCTEnhancedScrollView.mm
› Compiling react-native Pods/React-RCTFabric » RCTDebuggingOverlayComponentView.mm
› Compiling react-native Pods/React-RCTFabric » RCTComponentViewRegistry.mm
› Compiling react-native Pods/React-RCTFabric » RCTComponentViewFactory.mm
› Compiling react-native Pods/React-RCTFabric » RCTColorSpaceUtils.mm
› Compiling react-native Pods/React-RCTFabric » RCTBoxShadow.mm
› Compiling react-native Pods/React-RCTFabric » RCTActivityIndicatorViewComponentView.mm
› Compiling react-native Pods/React-RCTFabric » RCTAccessibilityElement.mm
› Compiling react-native Pods/React-RCTFabric » PlatformRunLoopObserver.mm
› Compiling react-native Pods/React-RCTFabric » AppleEventBeat.cpp
› Packaging react-native Pods/React-RCTFabric » libReact-RCTFabric.a
› Compiling react-native Pods/React-Mapbuffer » MapBuffer.cpp
› Compiling react-native Pods/React-Mapbuffer » MapBufferBuilder.cpp
› Packaging react-native Pods/React-Mapbuffer » libReact-Mapbuffer.a
› Compiling react-native Pods/React-jserrorhandler » JsErrorHandler.cpp
› Compiling react-native Pods/React-jserrorhandler » StackTraceParser.cpp
› Packaging react-native Pods/React-jserrorhandler » libReact-jserrorhandler.a
› Compiling react-native Pods/React-RuntimeCore » BridgelessNativeMethodCallInvoker.cpp
› Compiling react-native Pods/React-RuntimeCore » LegacyUIManagerConstantsProviderBinding.cpp
› Compiling react-native Pods/React-RuntimeCore » ReactInstance.cpp
› Compiling react-native Pods/React-RuntimeCore » TimerManager.cpp
› Compiling react-native Pods/React-RuntimeCore » BufferedRuntimeExecutor.cpp
› Packaging react-native Pods/React-RuntimeCore » libReact-RuntimeCore.a
› Compiling react-native Pods/React-RuntimeHermes » HermesInstance.cpp
› Packaging react-native Pods/React-RuntimeHermes » libReact-RuntimeHermes.a
› Compiling react-native Pods/React-RuntimeApple » ObjCTimerRegistry.mm
› Compiling react-native Pods/React-RuntimeApple » RCTPerformanceLoggerUtils.mm
› Compiling react-native Pods/React-RuntimeApple » RCTHost.mm

⚠️  (node_modules/react-native/ReactCommon/react/runtime/platform/ios/ReactCommon/RCTHost.mm:309:1)

  307 | #pragma mark - RCTInstanceDelegate
  308 |
> 309 | - (BOOL)instance:(RCTInstance *)instance
      | ^ implementing deprecated method [-Wdeprecated-implementations]
  310 |     didReceiveJSErrorStack:(NSArray<NSDictionary<NSString *, id> *> *)stack
  311 |                    message:(NSString *)message
  312 |            originalMessage:(NSString *_Nullable)originalMessage


⚠️  (node_modules/react-native/ReactCommon/react/runtime/platform/ios/ReactCommon/RCTHost.mm:325:18)

  323 |   }
  324 |
> 325 |   [_hostDelegate host:self
      |                  ^ 'host:didReceiveJSErrorStack:message:originalMessage:name:componentStack:exceptionId:isFatal:extraData:' is deprecated [-Wdeprecated-declarations]
  326 |       didReceiveJSErrorStack:stack
  327 |                      message:message
  328 |              originalMessage:originalMessage

› Compiling react-native Pods/React-RuntimeApple » RCTJSThreadManager.mm
› Compiling react-native Pods/React-RuntimeApple » RCTInstance.mm

⚠️  (ios/Pods/Headers/Public/RCTTypeSafety/RCTTypeSafety/RCTConvertHelpers.h:27:24)

  25 |   for (size_t i = 0, size = vec.size(); i < size; ++i) {
  26 |     id object = convertor(vec[i]);
> 27 |     array[i] = object ?: (id)kCFNull;
     |                        ^ use of GNU ?: conditional expression extension, omitting middle operand [-Wgnu-conditional-omitted-operand]
  28 |   }
  29 |   return array;
  30 | }


⚠️  (node_modules/react-native/ReactCommon/react/runtime/platform/ios/ReactCommon/RCTInstance.mm:229:1)

  227 | }
  228 |
> 229 | - (NSArray<id<RCTBridgeModule>> *)extraModulesForBridge:(RCTBridge *)bridge
      | ^ implementing deprecated method [-Wdeprecated-implementations]
  230 | {
  231 |   if ([_appTMMDelegate respondsToSelector:@selector(extraModulesForBridge:)]) {
  232 |     return [_appTMMDelegate extraModulesForBridge:nil];


⚠️  (node_modules/react-native/ReactCommon/react/runtime/platform/ios/ReactCommon/RCTInstance.mm:232:29)

  230 | {
  231 |   if ([_appTMMDelegate respondsToSelector:@selector(extraModulesForBridge:)]) {
> 232 |     return [_appTMMDelegate extraModulesForBridge:nil];
      |                             ^ 'extraModulesForBridge:' is deprecated: Please make all native modules returned from this method TurboModule-compatible. [-Wdeprecated-declarations]
  233 |   }
  234 |
  235 |   return @[];


⚠️  (node_modules/react-native/ReactCommon/react/runtime/platform/ios/ReactCommon/RCTInstance.mm:543:19)

  541 |   }
  542 |
> 543 |   if (![_delegate instance:self
      |                   ^ 'instance:didReceiveJSErrorStack:message:originalMessage:name:componentStack:exceptionId:isFatal:extraData:' is deprecated [-Wdeprecated-declarations]
  544 |           didReceiveJSErrorStack:errorData[@"stack"]
  545 |                          message:errorData[@"message"]
  546 |                  originalMessage:errorData[@"originalMessage"]

› Compiling react-native Pods/React-RuntimeApple » RCTLegacyUIManagerConstantsProvider.mm
› Compiling react-native Pods/React-RuntimeApple » RCTHermesInstance.mm
› Packaging react-native Pods/React-RuntimeApple » libReact-RuntimeApple.a
› Compiling react-native Pods/React-RCTRuntime » RCTHermesInstanceFactory.mm
› Packaging react-native Pods/React-RCTRuntime » libReact-RCTRuntime.a
› Compiling react-native Pods/React-domnativemodule » NativeDOM.cpp

⚠️  (ios/Pods/Headers/Public/React-Fabric/react/renderer/mounting/ShadowViewMutation.h:47:7)

  45 |   /**
  46 |    * Creates and returns an `Insert` mutation.
> 47 |    * @deprecated Pass parentTag instead of parentShadowView.
     |       ^ declaration is marked with '@deprecated' command but does not have a deprecation attribute [-Wdocumentation-deprecated-sync]
  48 |    */
  49 |   static ShadowViewMutation InsertMutation(
  50 |       const ShadowView& parentShadowView,


⚠️  (ios/Pods/Headers/Public/React-Fabric/react/renderer/mounting/ShadowViewMutation.h:64:7)

  62 |   /**
  63 |    * Creates and returns a `Remove` mutation.
> 64 |    * @deprecated Pass parentTag instead of parentShadowView.
     |       ^ declaration is marked with '@deprecated' command but does not have a deprecation attribute [-Wdocumentation-deprecated-sync]
  65 |    */
  66 |   static ShadowViewMutation RemoveMutation(
  67 |       const ShadowView& parentShadowView,


⚠️  (ios/Pods/Headers/Public/React-Fabric/react/renderer/mounting/ShadowViewMutation.h:83:7)

  81 |   /**
  82 |    * Creates and returns an `Update` mutation.
> 83 |    * @deprecated Pass parentTag instead of parentShadowView.
     |       ^ declaration is marked with '@deprecated' command but does not have a deprecation attribute [-Wdocumentation-deprecated-sync]
  84 |    */
  85 |   static ShadowViewMutation UpdateMutation(
  86 |       ShadowView oldChildShadowView,

› Packaging react-native Pods/React-domnativemodule » libReact-domnativemodule.a
› Compiling react-native Pods/React-featureflagsnativemodule » NativeReactNativeFeatureFlags.cpp
› Packaging react-native Pods/React-featureflagsnativemodule » libReact-featureflagsnativemodule.a
› Compiling react-native Pods/React-idlecallbacksnativemodule » NativeIdleCallbacks.cpp
› Packaging react-native Pods/React-idlecallbacksnativemodule » libReact-idlecallbacksnativemodule.a
› Compiling react-native Pods/React-microtasksnativemodule » NativeMicrotasks.cpp
› Packaging react-native Pods/React-microtasksnativemodule » libReact-microtasksnativemodule.a
› Compiling react-native Pods/React-defaultsnativemodule » DefaultTurboModules.cpp
› Packaging react-native Pods/React-defaultsnativemodule » libReact-defaultsnativemodule.a
› Compiling react-native Pods/React-RCTAppDelegate » RCTAppDelegate.mm

⚠️  (node_modules/react-native/Libraries/AppDelegate/RCTAppDelegate.mm:30:17)

  28 | using namespace facebook::react;
  29 |
> 30 | @implementation RCTAppDelegate
     |                 ^ implementing deprecated class [-Wdeprecated-implementations]
  31 |
  32 | - (instancetype)init
  33 | {

› Compiling react-native Pods/React-RCTAppDelegate » RCTDefaultReactNativeFactoryDelegate.mm

⚠️  (node_modules/react-native/Libraries/AppDelegate/RCTDefaultReactNativeFactoryDelegate.mm:66:28)

  64 |                            initProps:(NSDictionary *)initProps
  65 | {
> 66 |   BOOL enableFabric = self.fabricEnabled;
     |                            ^ 'fabricEnabled' is deprecated: Use newArchEnabled instead [-Wdeprecated-declarations]
  67 |   UIView *rootView = RCTAppSetupDefaultRootView(bridge, moduleName, initProps, enableFabric);
  68 |
  69 |   rootView.backgroundColor = [UIColor systemBackgroundColor];


⚠️  (node_modules/react-native/Libraries/AppDelegate/RCTDefaultReactNativeFactoryDelegate.mm:66:28)

  64 |                            initProps:(NSDictionary *)initProps
  65 | {
> 66 |   BOOL enableFabric = self.fabricEnabled;
     |                            ^ 'fabricEnabled' is deprecated: Use newArchEnabled instead [-Wdeprecated-declarations]
  67 |   UIView *rootView = RCTAppSetupDefaultRootView(bridge, moduleName, initProps, enableFabric);
  68 |
  69 |   rootView.backgroundColor = [UIColor systemBackgroundColor];


⚠️  (node_modules/react-native/Libraries/AppDelegate/RCTDefaultReactNativeFactoryDelegate.mm:118:1)

  116 | }
  117 |
> 118 | - (BOOL)bridgelessEnabled
      | ^ implementing deprecated method [-Wdeprecated-implementations]
  119 | {
  120 |   return self.newArchEnabled;
  121 | }


⚠️  (node_modules/react-native/Libraries/AppDelegate/RCTDefaultReactNativeFactoryDelegate.mm:123:1)

  121 | }
  122 |
> 123 | - (BOOL)fabricEnabled
      | ^ implementing deprecated method [-Wdeprecated-implementations]
  124 | {
  125 |   return self.newArchEnabled;
  126 | }


⚠️  (node_modules/react-native/Libraries/AppDelegate/RCTDefaultReactNativeFactoryDelegate.mm:128:1)

  126 | }
  127 |
> 128 | - (BOOL)turboModuleEnabled
      | ^ implementing deprecated method [-Wdeprecated-implementations]
  129 | {
  130 |   return self.newArchEnabled;
  131 | }

› Compiling react-native Pods/React-RCTAppDelegate » RCTRootViewFactory.mm

⚠️  (node_modules/react-native/Libraries/AppDelegate/RCTRootViewFactory.mm:41:16)

  39 | - (instancetype)initWithBundleURL:(NSURL *)bundleURL newArchEnabled:(BOOL)newArchEnabled
  40 | {
> 41 |   return [self initWithBundleURL:bundleURL
     |                ^ 'initWithBundleURL:newArchEnabled:turboModuleEnabled:bridgelessEnabled:' is deprecated [-Wdeprecated-declarations]
  42 |                   newArchEnabled:newArchEnabled
  43 |               turboModuleEnabled:newArchEnabled
  44 |                bridgelessEnabled:newArchEnabled];


⚠️  (node_modules/react-native/Libraries/AppDelegate/RCTRootViewFactory.mm:49:16)

  47 | - (instancetype)initWithBundleURLBlock:(RCTBundleURLBlock)bundleURLBlock newArchEnabled:(BOOL)newArchEnabled
  48 | {
> 49 |   return [self initWithBundleURLBlock:bundleURLBlock
     |                ^ 'initWithBundleURLBlock:newArchEnabled:turboModuleEnabled:bridgelessEnabled:' is deprecated [-Wdeprecated-declarations]
  50 |                        newArchEnabled:newArchEnabled
  51 |                    turboModuleEnabled:newArchEnabled
  52 |                     bridgelessEnabled:newArchEnabled];


⚠️  (node_modules/react-native/Libraries/AppDelegate/RCTRootViewFactory.mm:37:17)

  35 | #import <react/runtime/JSRuntimeFactoryCAPI.h>
  36 |
> 37 | @implementation RCTRootViewFactoryConfiguration
     |                 ^ method override for the designated initializer of the superclass '-init' not found [-Wobjc-designated-initializers]
  38 |
  39 | - (instancetype)initWithBundleURL:(NSURL *)bundleURL newArchEnabled:(BOOL)newArchEnabled
  40 | {

› Compiling react-native Pods/React-RCTAppDelegate » RCTReactNativeFactory.mm

⚠️  (node_modules/react-native/Libraries/AppDelegate/RCTReactNativeFactory.mm:138:22)

  136 | {
  137 |   if ([_delegate respondsToSelector:@selector(fabricEnabled)]) {
> 138 |     return _delegate.fabricEnabled;
      |                      ^ 'fabricEnabled' is deprecated: Use newArchEnabled instead [-Wdeprecated-declarations]
  139 |   }
  140 |
  141 |   return [self newArchEnabled];


⚠️  (node_modules/react-native/Libraries/AppDelegate/RCTReactNativeFactory.mm:147:22)

  145 | {
  146 |   if ([_delegate respondsToSelector:@selector(turboModuleEnabled)]) {
> 147 |     return _delegate.turboModuleEnabled;
      |                      ^ 'turboModuleEnabled' is deprecated: Use newArchEnabled instead [-Wdeprecated-declarations]
  148 |   }
  149 |
  150 |   return [self newArchEnabled];


⚠️  (node_modules/react-native/Libraries/AppDelegate/RCTReactNativeFactory.mm:156:22)

  154 | {
  155 |   if ([_delegate respondsToSelector:@selector(bridgelessEnabled)]) {
> 156 |     return _delegate.bridgelessEnabled;
      |                      ^ 'bridgelessEnabled' is deprecated: Use newArchEnabled instead [-Wdeprecated-declarations]
  157 |   }
  158 |
  159 |   return [self newArchEnabled];


⚠️  (node_modules/react-native/Libraries/AppDelegate/RCTReactNativeFactory.mm:196:1)

  194 | }
  195 |
> 196 | - (NSArray<id<RCTBridgeModule>> *)extraModulesForBridge:(RCTBridge *)bridge
      | ^ implementing deprecated method [-Wdeprecated-implementations]
  197 | {
  198 |   if ([_delegate respondsToSelector:@selector(extraModulesForBridge:)]) {
  199 |     return [_delegate extraModulesForBridge:bridge];


⚠️  (node_modules/react-native/Libraries/AppDelegate/RCTReactNativeFactory.mm:234:48)

  232 |
  233 |   RCTRootViewFactoryConfiguration *configuration =
> 234 |       [[RCTRootViewFactoryConfiguration alloc] initWithBundleURLBlock:bundleUrlBlock
      |                                                ^ 'initWithBundleURLBlock:newArchEnabled:turboModuleEnabled:bridgelessEnabled:' is deprecated [-Wdeprecated-declarations]
  235 |                                                        newArchEnabled:self.fabricEnabled
  236 |                                                    turboModuleEnabled:self.turboModuleEnabled
  237 |                                                     bridgelessEnabled:self.bridgelessEnabled];

› Compiling react-native Pods/React-RCTAppDelegate » RCTAppSetupUtils.mm
› Packaging react-native Pods/React-RCTAppDelegate » libReact-RCTAppDelegate.a
› Executing formcam Pods/ReactCodegen » [CP-User] Generate Specs
› Compiling formcam Pods/ReactCodegen » rngesturehandler_codegenJSI-generated.cpp
› Compiling formcam Pods/ReactCodegen » rnasyncstorageJSI-generated.cpp
› Compiling formcam Pods/ReactCodegen » rngesturehandler_codegen-generated.mm
› Compiling formcam Pods/ReactCodegen » rnasyncstorage-generated.mm
› Compiling formcam Pods/ReactCodegen » expo-media-libraryJSI-generated.cpp
› Compiling formcam Pods/ReactCodegen » expo-media-library-generated.mm

⚠️  (ios/build/generated/ios/expo-media-library/expo-media-library.h:19:13)

  17 |
  18 | // Avoid multiple includes of expo-media-library symbols
> 19 | #ifndef expo-media-library_H
     |             ^ extra tokens at end of #ifndef directive [-Wextra-tokens]
  20 | #define expo-media-library_H
  21 |
  22 | #import <Foundation/Foundation.h>


⚠️  (ios/build/generated/ios/expo-media-library/expo-media-library.h:20:13)

  18 | // Avoid multiple includes of expo-media-library symbols
  19 | #ifndef expo-media-library_H
> 20 | #define expo-media-library_H
     |             ^ ISO C99 requires whitespace after the macro name [-Wc99-extensions]
  21 |
  22 | #import <Foundation/Foundation.h>
  23 | #import <RCTRequired/RCTRequired.h>

› Compiling formcam Pods/ReactCodegen » States.cpp
› Compiling formcam Pods/ReactCodegen » States.cpp
› Compiling formcam Pods/ReactCodegen » States.cpp
› Compiling formcam Pods/ReactCodegen » safeareacontextJSI-generated.cpp
› Compiling formcam Pods/ReactCodegen » safeareacontext-generated.mm
› Compiling formcam Pods/ReactCodegen » rnscreensJSI-generated.cpp
› Compiling formcam Pods/ReactCodegen » rnscreens-generated.mm
› Compiling formcam Pods/ReactCodegen » rnreanimatedJSI-generated.cpp
› Compiling formcam Pods/ReactCodegen » rnreanimated-generated.mm
› Compiling formcam Pods/ReactCodegen » States.cpp
› Compiling formcam Pods/ReactCodegen » ShadowNodes.cpp
› Compiling formcam Pods/ReactCodegen » ShadowNodes.cpp
› Compiling formcam Pods/ReactCodegen » ShadowNodes.cpp
› Compiling formcam Pods/ReactCodegen » ShadowNodes.cpp
› Compiling formcam Pods/ReactCodegen » RNVectorIconsSpecJSI-generated.cpp
› Compiling formcam Pods/ReactCodegen » RNVectorIconsSpec-generated.mm
› Compiling formcam Pods/ReactCodegen » RNDateTimePickerCGenJSI-generated.cpp
› Compiling formcam Pods/ReactCodegen » RNDateTimePickerCGen-generated.mm
› Compiling formcam Pods/ReactCodegen » RCTThirdPartyComponentsProvider.mm
› Compiling formcam Pods/ReactCodegen » RCTModulesConformingToProtocolsProvider.mm
› Compiling formcam Pods/ReactCodegen » RCTModuleProviders.mm
› Compiling formcam Pods/ReactCodegen » Props.cpp
› Compiling formcam Pods/ReactCodegen » Props.cpp
› Compiling formcam Pods/ReactCodegen » Props.cpp
› Compiling formcam Pods/ReactCodegen » Props.cpp
› Compiling formcam Pods/ReactCodegen » EventEmitters.cpp
› Compiling formcam Pods/ReactCodegen » EventEmitters.cpp
› Compiling formcam Pods/ReactCodegen » EventEmitters.cpp
› Compiling formcam Pods/ReactCodegen » EventEmitters.cpp
› Compiling formcam Pods/ReactCodegen » ComponentDescriptors.cpp
› Compiling formcam Pods/ReactCodegen » ComponentDescriptors.cpp
› Compiling formcam Pods/ReactCodegen » ComponentDescriptors.cpp
› Compiling formcam Pods/ReactCodegen » ComponentDescriptors.cpp
› Packaging formcam Pods/ReactCodegen » libReactCodegen.a

⚠️  (node_modules/expo-modules-core/ios/Legacy/NativeModulesProxy/EXNativeModulesProxy.h:13:4)

  11 | @interface EXModulesProxyConfig : NSObject
  12 |
> 13 | - (instancetype)initWithConstants:(nonnull NSDictionary *)constants
     |    ^ pointer is missing a nullability type specifier 
  14 |                       methodNames:(nonnull NSDictionary *)methodNames
  15 |                      viewManagers:(nonnull NSDictionary *)viewManagerMetadata;
  16 |


⚠️  (node_modules/expo-modules-core/ios/Core/DynamicTypes/DynamicDataType.swift:14:17)

  12 |
  13 |   func equals(_ type: AnyDynamicType) -> Bool {
> 14 |     return type is Data.Type
     |                 ^ cast from 'any AnyDynamicType' to unrelated type 'Data.Type' always fails
  15 |   }
  16 |
  17 |   /**


⚠️  (node_modules/expo-modules-core/ios/Core/DynamicTypes/DynamicRawType.swift:10:14)

   8 |   let innerType: InnerType.Type
   9 |
> 10 |   func wraps<InnerType>(_ type: InnerType.Type) -> Bool {
     |              ^ generic parameter 'InnerType' shadows generic parameter from outer scope with the same name; this is an error in the Swift 6 language mode
  11 |     return type == innerType
  12 |   }
  13 |


⚠️  (node_modules/expo-modules-core/ios/Core/DynamicTypes/DynamicValueOrUndefinedType.swift:7:14)

   5 |   let dynamicInnerType: AnyDynamicType = InnerType.getDynamicType()
   6 |
>  7 |   func wraps<InnerType>(_ type: InnerType.Type) -> Bool {
     |              ^ generic parameter 'InnerType' shadows generic parameter from outer scope with the same name; this is an error in the Swift 6 language mode
   8 |     return innerType == type
   9 |   }
  10 |


⚠️  (node_modules/expo-modules-core/ios/AppDelegates/ExpoAppDelegateSubscriberManager.swift:401:52)

  399 |     performFetchWithCompletionHandler completionHandler: @escaping (UIBackgroundFetchResult) -> Void
  400 |   ) {
> 401 |     let selector = #selector(UIApplicationDelegate.application(_:performFetchWithCompletionHandler:))
      |                                                    ^ 'application' was deprecated in iOS 13.0: Use a BGAppRefreshTask in the BackgroundTasks framework instead
  402 |     let subs = ExpoAppDelegateSubscriberRepository.subscribers.filter { $0.responds(to: selector) }
  403 |     var subscribersLeft = subs.count
  404 |     let dispatchQueue = DispatchQueue(label: "expo.application.performFetch", qos: .userInteractive)


⚠️  (node_modules/expo-modules-core/ios/AppDelegates/ExpoAppDelegateSubscriberManager.swift:434:20)

  432 |     } else {
  433 |       subs.forEach { subscriber in
> 434 |         subscriber.application?(application, performFetchWithCompletionHandler: handler)
      |                    ^ 'application' was deprecated in iOS 13.0: Use a BGAppRefreshTask in the BackgroundTasks framework instead
  435 |       }
  436 |     }
  437 |   }


⚠️  (node_modules/expo-modules-core/ios/Fabric/ExpoFabricView.swift:168:14)

  166 |   internal static func inject(appContext: AppContext) {
  167 |     // Keep it weak so we don't leak the app context.
> 168 |     weak var weakAppContext = appContext
      |              ^ weak variable 'weakAppContext' was never mutated; consider changing to 'let' constant
  169 |     let appContextBlock: @convention(block) () -> AppContext? = { weakAppContext }
  170 |     let appContextBlockImp: IMP = imp_implementationWithBlock(appContextBlock)
  171 |     class_replaceMethod(object_getClass(ExpoFabricView.self), #selector(appContextFromClass), appContextBlockImp, "@@:")


⚠️  (node_modules/expo-modules-core/ios/Fabric/ExpoFabricView.swift:195:53)

  193 |     }
  194 |     let newBlockImp: IMP = imp_implementationWithBlock(newBlock)
> 195 |     class_replaceMethod(object_getClass(viewClass), Selector("new"), newBlockImp, "@@:")
      |                                                     ^ use '#selector' instead of explicitly constructing a 'Selector'
  196 |   }
  197 |
  198 |   // swiftlint:disable unavailable_function


⚠️  (node_modules/expo-modules-core/ios/Core/Events/LegacyEventEmitterCompat.swift:27:66)

  25 |       for holder in moduleHoldersWithEvent {
  26 |         if let jsObject = holder.javaScriptObject {
> 27 |           JSIUtils.emitEvent(name, to: jsObject, withArguments: [body], in: runtime)
     |                                                                  ^ coercion of implicitly unwrappable value of type 'Any?' to 'Any' does not unwrap optional
  28 |         }
  29 |       }
  30 |     }


⚠️  (node_modules/expo-modules-core/ios/DevTools/ModuleDefinitionEncoder.swift:133:14)

  131 |       try container.encodeNil(forKey: .value)
  132 |       try container.encode("null", forKey: .type)
> 133 |     case let value as Dictionary<String, Any>:
      |              ^ immutable value 'value' was never used; consider replacing with '_' or removing it
  134 |       try container.encodeNil(forKey: .value)
  135 |       try container.encode("object", forKey: .type)
  136 |     case let value as Array<Any>:


⚠️  (node_modules/expo-modules-core/ios/DevTools/ModuleDefinitionEncoder.swift:136:14)

  134 |       try container.encodeNil(forKey: .value)
  135 |       try container.encode("object", forKey: .type)
> 136 |     case let value as Array<Any>:
      |              ^ immutable value 'value' was never used; consider replacing with '_' or removing it
  137 |       try container.encodeNil(forKey: .value)
  138 |       try container.encode("array", forKey: .type)
  139 |     default:


⚠️  (node_modules/expo-modules-core/ios/Legacy/NativeModulesProxy/NativeModulesProxyModule.swift:9:5)

   7 |     Name(Self.moduleName)
   8 |
>  9 |     Constants { () -> [String: Any?] in
     |     ^ 'Constants' is deprecated: Use `Constant` or `Property` instead
  10 |       guard let config = self.appContext?.legacyModulesProxy?.nativeModulesConfig else {
  11 |         // TODO: Throw, but what?
  12 |         return [:]


⚠️  (node_modules/expo-modules-core/ios/Core/Logging/PersistentFileLog.swift:121:9)

  119 |       if let fileHandle = FileHandle(forWritingAtPath: filePath) {
  120 |         fileHandle.seekToEndOfFile()
> 121 |         try fileHandle.write(data)
      |         ^ no calls to throwing functions occur within 'try' expression
  122 |         fileHandle.closeFile()
  123 |       }
  124 |     }


⚠️  (node_modules/expo-modules-core/ios/Core/Views/ViewModuleWrapper.swift:93:15)

  91 |   @objc
  92 |   public func viewName() -> String {
> 93 |     guard let moduleHolder, let viewDefinition else {
     |               ^ immutable value 'moduleHolder' was never used; consider replacing with '_' or removing it
  94 |       fatalError("Failed to create ModuleHolder or a viewDefinition")
  95 |     }
  96 |     return self.isDefaultModuleView ? DEFAULT_MODULE_VIEW : viewDefinition.name

› Compiling expo-modules-core Pods/ExpoModulesCore » JSIUtils.cpp
› Compiling expo-modules-core Pods/ExpoModulesCore » ObjectDeallocator.cpp
› Compiling expo-modules-core Pods/ExpoModulesCore » TypedArray.cpp
› Compiling expo-modules-core Pods/ExpoModulesCore » SwiftUIVirtualViewObjC.mm
› Compiling expo-modules-core Pods/ExpoModulesCore » SharedObject.cpp
› Compiling expo-modules-core Pods/ExpoModulesCore » SharedRef.cpp
› Compiling expo-modules-core Pods/ExpoModulesCore » NativeModule.cpp
› Compiling expo-modules-core Pods/ExpoModulesCore » MainThreadInvoker.mm
› Compiling expo-modules-core Pods/ExpoModulesCore » LazyObject.cpp
› Compiling expo-modules-core Pods/ExpoModulesCore » ExpoViewShadowNode.cpp
› Compiling expo-modules-core Pods/ExpoModulesCore » ExpoViewProps.cpp
› Compiling expo-modules-core Pods/ExpoModulesCore » ExpoViewEventEmitter.cpp
› Compiling expo-modules-core Pods/ExpoModulesCore » ExpoViewComponentDescriptor.cpp
› Compiling expo-modules-core Pods/ExpoModulesCore » ExpoModulesHostObject.mm

⚠️  (node_modules/expo-modules-core/ios/Legacy/NativeModulesProxy/EXNativeModulesProxy.h:13:4)

  11 | @interface EXModulesProxyConfig : NSObject
  12 |
> 13 | - (instancetype)initWithConstants:(nonnull NSDictionary *)constants
     |    ^ pointer is missing a nullability type specifier [-Wnullability-completeness]
  14 |                       methodNames:(nonnull NSDictionary *)methodNames
  15 |                      viewManagers:(nonnull NSDictionary *)viewManagerMetadata;
  16 |


⚠️  (node_modules/expo-modules-core/ios/Legacy/NativeModulesProxy/EXNativeModulesProxy.h:29:61)

  27 | @interface EXNativeModulesProxy : NSObject <RCTBridgeModule>
  28 |
> 29 | @property(nonatomic, strong, readonly) EXModulesProxyConfig *nativeModulesConfig;
     |                                                             ^ pointer is missing a nullability type specifier [-Wnullability-completeness]
  30 |
  31 | - (nonnull instancetype)init;
  32 | - (nonnull instancetype)initWithModuleRegistry:(nullable EXModuleRegistry *)moduleRegistry;


⚠️  (node_modules/expo-modules-core/ios/Legacy/NativeModulesProxy/EXNativeModulesProxy.h:35:30)

  33 | - (nonnull instancetype)initWithCustomModuleRegistry:(nonnull EXModuleRegistry *)moduleRegistry;
  34 |
> 35 | - (void)callMethod:(NSString *)moduleName methodNameOrKey:(id)methodNameOrKey arguments:(NSArray *)arguments resolver:(RCTPromiseResolveBlock)resolve rejecter:(RCTPromiseRejectBlock)reject;
     |                              ^ pointer is missing a nullability type specifier [-Wnullability-completeness]
  36 |
  37 | @end
  38 |


⚠️  (node_modules/expo-modules-core/ios/Legacy/NativeModulesProxy/EXNativeModulesProxy.h:35:60)

  33 | - (nonnull instancetype)initWithCustomModuleRegistry:(nonnull EXModuleRegistry *)moduleRegistry;
  34 |
> 35 | - (void)callMethod:(NSString *)moduleName methodNameOrKey:(id)methodNameOrKey arguments:(NSArray *)arguments resolver:(RCTPromiseResolveBlock)resolve rejecter:(RCTPromiseRejectBlock)reject;
     |                                                            ^ pointer is missing a nullability type specifier [-Wnullability-completeness]
  36 |
  37 | @end
  38 |


⚠️  (node_modules/expo-modules-core/ios/Legacy/NativeModulesProxy/EXNativeModulesProxy.h:35:98)

  33 | - (nonnull instancetype)initWithCustomModuleRegistry:(nonnull EXModuleRegistry *)moduleRegistry;
  34 |
> 35 | - (void)callMethod:(NSString *)moduleName methodNameOrKey:(id)methodNameOrKey arguments:(NSArray *)arguments resolver:(RCTPromiseResolveBlock)resolve rejecter:(RCTPromiseRejectBlock)reject;
     |                                                                                                  ^ pointer is missing a nullability type specifier [-Wnullability-completeness]
  36 |
  37 | @end
  38 |


⚠️  (node_modules/expo-modules-core/ios/Legacy/NativeModulesProxy/EXNativeModulesProxy.h:35:120)

  33 | - (nonnull instancetype)initWithCustomModuleRegistry:(nonnull EXModuleRegistry *)moduleRegistry;
  34 |
> 35 | - (void)callMethod:(NSString *)moduleName methodNameOrKey:(id)methodNameOrKey arguments:(NSArray *)arguments resolver:(RCTPromiseResolveBlock)resolve rejecter:(RCTPromiseRejectBlock)reject;
     |                                                                                                                        ^ block pointer is missing a nullability type specifier [-Wnullability-completeness]
  36 |
  37 | @end
  38 |


⚠️  (node_modules/expo-modules-core/ios/Legacy/NativeModulesProxy/EXNativeModulesProxy.h:35:161)

  33 | - (nonnull instancetype)initWithCustomModuleRegistry:(nonnull EXModuleRegistry *)moduleRegistry;
  34 |
> 35 | - (void)callMethod:(NSString *)moduleName methodNameOrKey:(id)methodNameOrKey arguments:(NSArray *)arguments resolver:(RCTPromiseResolveBlock)resolve rejecter:(RCTPromiseRejectBlock)reject;
     |                                                                                                                                                                 ^ block pointer is missing a nullability type specifier [-Wnullability-completeness]
  36 |
  37 | @end
  38 |


⚠️  (node_modules/expo-modules-core/ios/EXLegacyExpoViewProtocol.h:11:4)

   9 | @protocol EXLegacyExpoViewProtocol
  10 |
> 11 | - (instancetype)initWithModuleRegistry:(nullable EXModuleRegistry *)moduleRegistry;
     |    ^ pointer is missing a nullability type specifier [-Wnullability-completeness]
  12 |
  13 | @end
  14 |


⚠️  (node_modules/expo-modules-core/ios/Interfaces/FileSystem/EXFileSystemInterface.h:14:42)

  12 | @protocol EXFileSystemInterface
  13 |
> 14 | @property (nonatomic, readonly) NSString *documentDirectory;
     |                                          ^ pointer is missing a nullability type specifier [-Wnullability-completeness]
  15 | @property (nonatomic, readonly) NSString *cachesDirectory;
  16 | @property (nonatomic, readonly) NSString *applicationSupportDirectory;
  17 |


⚠️  (node_modules/expo-modules-core/ios/Interfaces/FileSystem/EXFileSystemInterface.h:20:57)

  18 | // TODO: Move permissionsForURI to EXFileSystemManagerInterface
  19 | - (EXFileSystemPermissionFlags)permissionsForURI:(NSURL *)uri;
> 20 | - (nonnull NSString *)generatePathInDirectory:(NSString *)directory withExtension:(NSString *)extension;
     |                                                         ^ pointer is missing a nullability type specifier [-Wnullability-completeness]
  21 | - (BOOL)ensureDirExistsWithPath:(NSString *)path;
  22 |
  23 | @end


⚠️  (node_modules/expo-modules-core/ios/Interfaces/FileSystem/EXFileSystemInterface.h:20:93)

  18 | // TODO: Move permissionsForURI to EXFileSystemManagerInterface
  19 | - (EXFileSystemPermissionFlags)permissionsForURI:(NSURL *)uri;
> 20 | - (nonnull NSString *)generatePathInDirectory:(NSString *)directory withExtension:(NSString *)extension;
     |                                                                                             ^ pointer is missing a nullability type specifier [-Wnullability-completeness]
  21 | - (BOOL)ensureDirExistsWithPath:(NSString *)path;
  22 |
  23 | @end


⚠️  (node_modules/expo-modules-core/ios/Interfaces/FileSystem/EXFileSystemInterface.h:21:43)

  19 | - (EXFileSystemPermissionFlags)permissionsForURI:(NSURL *)uri;
  20 | - (nonnull NSString *)generatePathInDirectory:(NSString *)directory withExtension:(NSString *)extension;
> 21 | - (BOOL)ensureDirExistsWithPath:(NSString *)path;
     |                                           ^ pointer is missing a nullability type specifier [-Wnullability-completeness]
  22 |
  23 | @end
  24 |


⚠️  (node_modules/expo-modules-core/ios/JSI/EXJSIInstaller.h:39:79)

  37 |  Installs the base class for shared objects, i.e. `global.expo.SharedObject`.
  38 |  */
> 39 | + (void)installSharedObjectClass:(nonnull EXRuntime *)runtime releaser:(void (^)(long))releaser;
     |                                                                               ^ block pointer is missing a nullability type specifier [-Wnullability-completeness]
  40 |
  41 | /**
  42 |  Installs the base class for shared refs, i.e. `global.expo.SharedRef`.


⚠️  (node_modules/expo-modules-core/ios/JSI/EXJSIUtils.h:20:45)

  18 | #pragma mark - Promises
  19 |
> 20 |     using PromiseInvocationBlock = void (^)(RCTPromiseResolveBlock resolveWrapper, RCTPromiseRejectBlock rejectWrapper);
     |                                             ^ block pointer is missing a nullability type specifier [-Wnullability-completeness]
  21 |
  22 |     void callPromiseSetupWithBlock(jsi::Runtime &runtime, std::shared_ptr<react::CallInvoker> jsInvoker, std::shared_ptr<react::Promise> promise, PromiseInvocationBlock setupBlock);
  23 |

› Compiling expo-modules-core Pods/ExpoModulesCore » ExpoFabricViewObjC.mm

⚠️  (node_modules/expo-modules-core/ios/Legacy/NativeModulesProxy/EXNativeModulesProxy.h:13:4)

  11 | @interface EXModulesProxyConfig : NSObject
  12 |
> 13 | - (instancetype)initWithConstants:(nonnull NSDictionary *)constants
     |    ^ pointer is missing a nullability type specifier [-Wnullability-completeness]
  14 |                       methodNames:(nonnull NSDictionary *)methodNames
  15 |                      viewManagers:(nonnull NSDictionary *)viewManagerMetadata;
  16 |


⚠️  (node_modules/expo-modules-core/ios/Legacy/NativeModulesProxy/EXNativeModulesProxy.h:29:61)

  27 | @interface EXNativeModulesProxy : NSObject <RCTBridgeModule>
  28 |
> 29 | @property(nonatomic, strong, readonly) EXModulesProxyConfig *nativeModulesConfig;
     |                                                             ^ pointer is missing a nullability type specifier [-Wnullability-completeness]
  30 |
  31 | - (nonnull instancetype)init;
  32 | - (nonnull instancetype)initWithModuleRegistry:(nullable EXModuleRegistry *)moduleRegistry;


⚠️  (node_modules/expo-modules-core/ios/Legacy/NativeModulesProxy/EXNativeModulesProxy.h:35:30)

  33 | - (nonnull instancetype)initWithCustomModuleRegistry:(nonnull EXModuleRegistry *)moduleRegistry;
  34 |
> 35 | - (void)callMethod:(NSString *)moduleName methodNameOrKey:(id)methodNameOrKey arguments:(NSArray *)arguments resolver:(RCTPromiseResolveBlock)resolve rejecter:(RCTPromiseRejectBlock)reject;
     |                              ^ pointer is missing a nullability type specifier [-Wnullability-completeness]
  36 |
  37 | @end
  38 |


⚠️  (node_modules/expo-modules-core/ios/Legacy/NativeModulesProxy/EXNativeModulesProxy.h:35:60)

  33 | - (nonnull instancetype)initWithCustomModuleRegistry:(nonnull EXModuleRegistry *)moduleRegistry;
  34 |
> 35 | - (void)callMethod:(NSString *)moduleName methodNameOrKey:(id)methodNameOrKey arguments:(NSArray *)arguments resolver:(RCTPromiseResolveBlock)resolve rejecter:(RCTPromiseRejectBlock)reject;
     |                                                            ^ pointer is missing a nullability type specifier [-Wnullability-completeness]
  36 |
  37 | @end
  38 |


⚠️  (node_modules/expo-modules-core/ios/Legacy/NativeModulesProxy/EXNativeModulesProxy.h:35:98)

  33 | - (nonnull instancetype)initWithCustomModuleRegistry:(nonnull EXModuleRegistry *)moduleRegistry;
  34 |
> 35 | - (void)callMethod:(NSString *)moduleName methodNameOrKey:(id)methodNameOrKey arguments:(NSArray *)arguments resolver:(RCTPromiseResolveBlock)resolve rejecter:(RCTPromiseRejectBlock)reject;
     |                                                                                                  ^ pointer is missing a nullability type specifier [-Wnullability-completeness]
  36 |
  37 | @end
  38 |


⚠️  (node_modules/expo-modules-core/ios/Legacy/NativeModulesProxy/EXNativeModulesProxy.h:35:120)

  33 | - (nonnull instancetype)initWithCustomModuleRegistry:(nonnull EXModuleRegistry *)moduleRegistry;
  34 |
> 35 | - (void)callMethod:(NSString *)moduleName methodNameOrKey:(id)methodNameOrKey arguments:(NSArray *)arguments resolver:(RCTPromiseResolveBlock)resolve rejecter:(RCTPromiseRejectBlock)reject;
     |                                                                                                                        ^ block pointer is missing a nullability type specifier [-Wnullability-completeness]
  36 |
  37 | @end
  38 |


⚠️  (node_modules/expo-modules-core/ios/Legacy/NativeModulesProxy/EXNativeModulesProxy.h:35:161)

  33 | - (nonnull instancetype)initWithCustomModuleRegistry:(nonnull EXModuleRegistry *)moduleRegistry;
  34 |
> 35 | - (void)callMethod:(NSString *)moduleName methodNameOrKey:(id)methodNameOrKey arguments:(NSArray *)arguments resolver:(RCTPromiseResolveBlock)resolve rejecter:(RCTPromiseRejectBlock)reject;
     |                                                                                                                                                                 ^ block pointer is missing a nullability type specifier [-Wnullability-completeness]
  36 |
  37 | @end
  38 |


⚠️  (node_modules/expo-modules-core/ios/EXLegacyExpoViewProtocol.h:11:4)

   9 | @protocol EXLegacyExpoViewProtocol
  10 |
> 11 | - (instancetype)initWithModuleRegistry:(nullable EXModuleRegistry *)moduleRegistry;
     |    ^ pointer is missing a nullability type specifier [-Wnullability-completeness]
  12 |
  13 | @end
  14 |


⚠️  (node_modules/expo-modules-core/ios/Interfaces/FileSystem/EXFileSystemInterface.h:20:57)

  18 | // TODO: Move permissionsForURI to EXFileSystemManagerInterface
  19 | - (EXFileSystemPermissionFlags)permissionsForURI:(NSURL *)uri;
> 20 | - (nonnull NSString *)generatePathInDirectory:(NSString *)directory withExtension:(NSString *)extension;
     |                                                         ^ pointer is missing a nullability type specifier [-Wnullability-completeness]
  21 | - (BOOL)ensureDirExistsWithPath:(NSString *)path;
  22 |
  23 | @end


⚠️  (node_modules/expo-modules-core/ios/Interfaces/FileSystem/EXFileSystemInterface.h:20:93)

  18 | // TODO: Move permissionsForURI to EXFileSystemManagerInterface
  19 | - (EXFileSystemPermissionFlags)permissionsForURI:(NSURL *)uri;
> 20 | - (nonnull NSString *)generatePathInDirectory:(NSString *)directory withExtension:(NSString *)extension;
     |                                                                                             ^ pointer is missing a nullability type specifier [-Wnullability-completeness]
  21 | - (BOOL)ensureDirExistsWithPath:(NSString *)path;
  22 |
  23 | @end


⚠️  (node_modules/expo-modules-core/ios/Interfaces/FileSystem/EXFileSystemInterface.h:21:43)

  19 | - (EXFileSystemPermissionFlags)permissionsForURI:(NSURL *)uri;
  20 | - (nonnull NSString *)generatePathInDirectory:(NSString *)directory withExtension:(NSString *)extension;
> 21 | - (BOOL)ensureDirExistsWithPath:(NSString *)path;
     |                                           ^ pointer is missing a nullability type specifier [-Wnullability-completeness]
  22 |
  23 | @end
  24 |


⚠️  (node_modules/expo-modules-core/ios/JSI/EXJSIInstaller.h:39:79)

  37 |  Installs the base class for shared objects, i.e. `global.expo.SharedObject`.
  38 |  */
> 39 | + (void)installSharedObjectClass:(nonnull EXRuntime *)runtime releaser:(void (^)(long))releaser;
     |                                                                               ^ block pointer is missing a nullability type specifier [-Wnullability-completeness]
  40 |
  41 | /**
  42 |  Installs the base class for shared refs, i.e. `global.expo.SharedRef`.


⚠️  (node_modules/expo-modules-core/ios/JSI/EXJSIUtils.h:20:45)

  18 | #pragma mark - Promises
  19 |
> 20 |     using PromiseInvocationBlock = void (^)(RCTPromiseResolveBlock resolveWrapper, RCTPromiseRejectBlock rejectWrapper);
     |                                             ^ block pointer is missing a nullability type specifier [-Wnullability-completeness]
  21 |
  22 |     void callPromiseSetupWithBlock(jsi::Runtime &runtime, std::shared_ptr<react::CallInvoker> jsInvoker, std::shared_ptr<react::Promise> promise, PromiseInvocationBlock setupBlock);
  23 |

› Compiling expo-modules-core Pods/ExpoModulesCore » ExpoBridgeModule.mm

⚠️  (node_modules/expo-modules-core/ios/Legacy/NativeModulesProxy/EXNativeModulesProxy.h:13:4)

  11 | @interface EXModulesProxyConfig : NSObject
  12 |
> 13 | - (instancetype)initWithConstants:(nonnull NSDictionary *)constants
     |    ^ pointer is missing a nullability type specifier [-Wnullability-completeness]
  14 |                       methodNames:(nonnull NSDictionary *)methodNames
  15 |                      viewManagers:(nonnull NSDictionary *)viewManagerMetadata;
  16 |


⚠️  (node_modules/expo-modules-core/ios/Legacy/NativeModulesProxy/EXNativeModulesProxy.h:29:61)

  27 | @interface EXNativeModulesProxy : NSObject <RCTBridgeModule>
  28 |
> 29 | @property(nonatomic, strong, readonly) EXModulesProxyConfig *nativeModulesConfig;
     |                                                             ^ pointer is missing a nullability type specifier [-Wnullability-completeness]
  30 |
  31 | - (nonnull instancetype)init;
  32 | - (nonnull instancetype)initWithModuleRegistry:(nullable EXModuleRegistry *)moduleRegistry;


⚠️  (node_modules/expo-modules-core/ios/Legacy/NativeModulesProxy/EXNativeModulesProxy.h:35:30)

  33 | - (nonnull instancetype)initWithCustomModuleRegistry:(nonnull EXModuleRegistry *)moduleRegistry;
  34 |
> 35 | - (void)callMethod:(NSString *)moduleName methodNameOrKey:(id)methodNameOrKey arguments:(NSArray *)arguments resolver:(RCTPromiseResolveBlock)resolve rejecter:(RCTPromiseRejectBlock)reject;
     |                              ^ pointer is missing a nullability type specifier [-Wnullability-completeness]
  36 |
  37 | @end
  38 |


⚠️  (node_modules/expo-modules-core/ios/Legacy/NativeModulesProxy/EXNativeModulesProxy.h:35:60)

  33 | - (nonnull instancetype)initWithCustomModuleRegistry:(nonnull EXModuleRegistry *)moduleRegistry;
  34 |
> 35 | - (void)callMethod:(NSString *)moduleName methodNameOrKey:(id)methodNameOrKey arguments:(NSArray *)arguments resolver:(RCTPromiseResolveBlock)resolve rejecter:(RCTPromiseRejectBlock)reject;
     |                                                            ^ pointer is missing a nullability type specifier [-Wnullability-completeness]
  36 |
  37 | @end
  38 |


⚠️  (node_modules/expo-modules-core/ios/Legacy/NativeModulesProxy/EXNativeModulesProxy.h:35:98)

  33 | - (nonnull instancetype)initWithCustomModuleRegistry:(nonnull EXModuleRegistry *)moduleRegistry;
  34 |
> 35 | - (void)callMethod:(NSString *)moduleName methodNameOrKey:(id)methodNameOrKey arguments:(NSArray *)arguments resolver:(RCTPromiseResolveBlock)resolve rejecter:(RCTPromiseRejectBlock)reject;
     |                                                                                                  ^ pointer is missing a nullability type specifier [-Wnullability-completeness]
  36 |
  37 | @end
  38 |


⚠️  (node_modules/expo-modules-core/ios/Legacy/NativeModulesProxy/EXNativeModulesProxy.h:35:120)

  33 | - (nonnull instancetype)initWithCustomModuleRegistry:(nonnull EXModuleRegistry *)moduleRegistry;
  34 |
> 35 | - (void)callMethod:(NSString *)moduleName methodNameOrKey:(id)methodNameOrKey arguments:(NSArray *)arguments resolver:(RCTPromiseResolveBlock)resolve rejecter:(RCTPromiseRejectBlock)reject;
     |                                                                                                                        ^ block pointer is missing a nullability type specifier [-Wnullability-completeness]
  36 |
  37 | @end
  38 |


⚠️  (node_modules/expo-modules-core/ios/Legacy/NativeModulesProxy/EXNativeModulesProxy.h:35:161)

  33 | - (nonnull instancetype)initWithCustomModuleRegistry:(nonnull EXModuleRegistry *)moduleRegistry;
  34 |
> 35 | - (void)callMethod:(NSString *)moduleName methodNameOrKey:(id)methodNameOrKey arguments:(NSArray *)arguments resolver:(RCTPromiseResolveBlock)resolve rejecter:(RCTPromiseRejectBlock)reject;
     |                                                                                                                                                                 ^ block pointer is missing a nullability type specifier [-Wnullability-completeness]
  36 |
  37 | @end
  38 |


⚠️  (node_modules/expo-modules-core/ios/EXLegacyExpoViewProtocol.h:11:4)

   9 | @protocol EXLegacyExpoViewProtocol
  10 |
> 11 | - (instancetype)initWithModuleRegistry:(nullable EXModuleRegistry *)moduleRegistry;
     |    ^ pointer is missing a nullability type specifier [-Wnullability-completeness]
  12 |
  13 | @end
  14 |


⚠️  (node_modules/expo-modules-core/ios/Interfaces/FileSystem/EXFileSystemInterface.h:14:42)

  12 | @protocol EXFileSystemInterface
  13 |
> 14 | @property (nonatomic, readonly) NSString *documentDirectory;
     |                                          ^ pointer is missing a nullability type specifier [-Wnullability-completeness]
  15 | @property (nonatomic, readonly) NSString *cachesDirectory;
  16 | @property (nonatomic, readonly) NSString *applicationSupportDirectory;
  17 |


⚠️  (node_modules/expo-modules-core/ios/Interfaces/FileSystem/EXFileSystemInterface.h:20:57)

  18 | // TODO: Move permissionsForURI to EXFileSystemManagerInterface
  19 | - (EXFileSystemPermissionFlags)permissionsForURI:(NSURL *)uri;
> 20 | - (nonnull NSString *)generatePathInDirectory:(NSString *)directory withExtension:(NSString *)extension;
     |                                                         ^ pointer is missing a nullability type specifier [-Wnullability-completeness]
  21 | - (BOOL)ensureDirExistsWithPath:(NSString *)path;
  22 |
  23 | @end


⚠️  (node_modules/expo-modules-core/ios/Interfaces/FileSystem/EXFileSystemInterface.h:20:93)

  18 | // TODO: Move permissionsForURI to EXFileSystemManagerInterface
  19 | - (EXFileSystemPermissionFlags)permissionsForURI:(NSURL *)uri;
> 20 | - (nonnull NSString *)generatePathInDirectory:(NSString *)directory withExtension:(NSString *)extension;
     |                                                                                             ^ pointer is missing a nullability type specifier [-Wnullability-completeness]
  21 | - (BOOL)ensureDirExistsWithPath:(NSString *)path;
  22 |
  23 | @end


⚠️  (node_modules/expo-modules-core/ios/Interfaces/FileSystem/EXFileSystemInterface.h:21:43)

  19 | - (EXFileSystemPermissionFlags)permissionsForURI:(NSURL *)uri;
  20 | - (nonnull NSString *)generatePathInDirectory:(NSString *)directory withExtension:(NSString *)extension;
> 21 | - (BOOL)ensureDirExistsWithPath:(NSString *)path;
     |                                           ^ pointer is missing a nullability type specifier [-Wnullability-completeness]
  22 |
  23 | @end
  24 |


⚠️  (node_modules/expo-modules-core/ios/JSI/EXJSIInstaller.h:39:79)

  37 |  Installs the base class for shared objects, i.e. `global.expo.SharedObject`.
  38 |  */
> 39 | + (void)installSharedObjectClass:(nonnull EXRuntime *)runtime releaser:(void (^)(long))releaser;
     |                                                                               ^ block pointer is missing a nullability type specifier [-Wnullability-completeness]
  40 |
  41 | /**
  42 |  Installs the base class for shared refs, i.e. `global.expo.SharedRef`.


⚠️  (node_modules/expo-modules-core/ios/JSI/EXJSIUtils.h:20:45)

  18 | #pragma mark - Promises
  19 |
> 20 |     using PromiseInvocationBlock = void (^)(RCTPromiseResolveBlock resolveWrapper, RCTPromiseRejectBlock rejectWrapper);
     |                                             ^ block pointer is missing a nullability type specifier [-Wnullability-completeness]
  21 |
  22 |     void callPromiseSetupWithBlock(jsi::Runtime &runtime, std::shared_ptr<react::CallInvoker> jsInvoker, std::shared_ptr<react::Promise> promise, PromiseInvocationBlock setupBlock);
  23 |

› Compiling expo-modules-core Pods/ExpoModulesCore » EventEmitter.cpp
› Compiling expo-modules-core Pods/ExpoModulesCore » EXStringUtils.cpp
› Compiling expo-modules-core Pods/ExpoModulesCore » EXSharedObjectUtils.mm
› Compiling expo-modules-core Pods/ExpoModulesCore » EXReactNativeAdapter.mm
› Compiling expo-modules-core Pods/ExpoModulesCore » EXReactDelegateWrapper.mm

⚠️  (node_modules/expo-modules-core/ios/Legacy/NativeModulesProxy/EXNativeModulesProxy.h:13:4)

  11 | @interface EXModulesProxyConfig : NSObject
  12 |
> 13 | - (instancetype)initWithConstants:(nonnull NSDictionary *)constants
     |    ^ pointer is missing a nullability type specifier [-Wnullability-completeness]
  14 |                       methodNames:(nonnull NSDictionary *)methodNames
  15 |                      viewManagers:(nonnull NSDictionary *)viewManagerMetadata;
  16 |


⚠️  (node_modules/expo-modules-core/ios/Legacy/NativeModulesProxy/EXNativeModulesProxy.h:29:61)

  27 | @interface EXNativeModulesProxy : NSObject <RCTBridgeModule>
  28 |
> 29 | @property(nonatomic, strong, readonly) EXModulesProxyConfig *nativeModulesConfig;
     |                                                             ^ pointer is missing a nullability type specifier [-Wnullability-completeness]
  30 |
  31 | - (nonnull instancetype)init;
  32 | - (nonnull instancetype)initWithModuleRegistry:(nullable EXModuleRegistry *)moduleRegistry;


⚠️  (node_modules/expo-modules-core/ios/Legacy/NativeModulesProxy/EXNativeModulesProxy.h:35:30)

  33 | - (nonnull instancetype)initWithCustomModuleRegistry:(nonnull EXModuleRegistry *)moduleRegistry;
  34 |
> 35 | - (void)callMethod:(NSString *)moduleName methodNameOrKey:(id)methodNameOrKey arguments:(NSArray *)arguments resolver:(RCTPromiseResolveBlock)resolve rejecter:(RCTPromiseRejectBlock)reject;
     |                              ^ pointer is missing a nullability type specifier [-Wnullability-completeness]
  36 |
  37 | @end
  38 |


⚠️  (node_modules/expo-modules-core/ios/Legacy/NativeModulesProxy/EXNativeModulesProxy.h:35:60)

  33 | - (nonnull instancetype)initWithCustomModuleRegistry:(nonnull EXModuleRegistry *)moduleRegistry;
  34 |
> 35 | - (void)callMethod:(NSString *)moduleName methodNameOrKey:(id)methodNameOrKey arguments:(NSArray *)arguments resolver:(RCTPromiseResolveBlock)resolve rejecter:(RCTPromiseRejectBlock)reject;
     |                                                            ^ pointer is missing a nullability type specifier [-Wnullability-completeness]
  36 |
  37 | @end
  38 |


⚠️  (node_modules/expo-modules-core/ios/Legacy/NativeModulesProxy/EXNativeModulesProxy.h:35:98)

  33 | - (nonnull instancetype)initWithCustomModuleRegistry:(nonnull EXModuleRegistry *)moduleRegistry;
  34 |
> 35 | - (void)callMethod:(NSString *)moduleName methodNameOrKey:(id)methodNameOrKey arguments:(NSArray *)arguments resolver:(RCTPromiseResolveBlock)resolve rejecter:(RCTPromiseRejectBlock)reject;
     |                                                                                                  ^ pointer is missing a nullability type specifier [-Wnullability-completeness]
  36 |
  37 | @end
  38 |


⚠️  (node_modules/expo-modules-core/ios/Legacy/NativeModulesProxy/EXNativeModulesProxy.h:35:120)

  33 | - (nonnull instancetype)initWithCustomModuleRegistry:(nonnull EXModuleRegistry *)moduleRegistry;
  34 |
> 35 | - (void)callMethod:(NSString *)moduleName methodNameOrKey:(id)methodNameOrKey arguments:(NSArray *)arguments resolver:(RCTPromiseResolveBlock)resolve rejecter:(RCTPromiseRejectBlock)reject;
     |                                                                                                                        ^ block pointer is missing a nullability type specifier [-Wnullability-completeness]
  36 |
  37 | @end
  38 |


⚠️  (node_modules/expo-modules-core/ios/Legacy/NativeModulesProxy/EXNativeModulesProxy.h:35:161)

  33 | - (nonnull instancetype)initWithCustomModuleRegistry:(nonnull EXModuleRegistry *)moduleRegistry;
  34 |
> 35 | - (void)callMethod:(NSString *)moduleName methodNameOrKey:(id)methodNameOrKey arguments:(NSArray *)arguments resolver:(RCTPromiseResolveBlock)resolve rejecter:(RCTPromiseRejectBlock)reject;
     |                                                                                                                                                                 ^ block pointer is missing a nullability type specifier [-Wnullability-completeness]
  36 |
  37 | @end
  38 |


⚠️  (node_modules/expo-modules-core/ios/EXLegacyExpoViewProtocol.h:11:4)

   9 | @protocol EXLegacyExpoViewProtocol
  10 |
> 11 | - (instancetype)initWithModuleRegistry:(nullable EXModuleRegistry *)moduleRegistry;
     |    ^ pointer is missing a nullability type specifier [-Wnullability-completeness]
  12 |
  13 | @end
  14 |


⚠️  (node_modules/expo-modules-core/ios/Interfaces/FileSystem/EXFileSystemInterface.h:14:42)

  12 | @protocol EXFileSystemInterface
  13 |
> 14 | @property (nonatomic, readonly) NSString *documentDirectory;
     |                                          ^ pointer is missing a nullability type specifier [-Wnullability-completeness]
  15 | @property (nonatomic, readonly) NSString *cachesDirectory;
  16 | @property (nonatomic, readonly) NSString *applicationSupportDirectory;
  17 |


⚠️  (node_modules/expo-modules-core/ios/Interfaces/FileSystem/EXFileSystemInterface.h:20:57)

  18 | // TODO: Move permissionsForURI to EXFileSystemManagerInterface
  19 | - (EXFileSystemPermissionFlags)permissionsForURI:(NSURL *)uri;
> 20 | - (nonnull NSString *)generatePathInDirectory:(NSString *)directory withExtension:(NSString *)extension;
     |                                                         ^ pointer is missing a nullability type specifier [-Wnullability-completeness]
  21 | - (BOOL)ensureDirExistsWithPath:(NSString *)path;
  22 |
  23 | @end


⚠️  (node_modules/expo-modules-core/ios/Interfaces/FileSystem/EXFileSystemInterface.h:20:93)

  18 | // TODO: Move permissionsForURI to EXFileSystemManagerInterface
  19 | - (EXFileSystemPermissionFlags)permissionsForURI:(NSURL *)uri;
> 20 | - (nonnull NSString *)generatePathInDirectory:(NSString *)directory withExtension:(NSString *)extension;
     |                                                                                             ^ pointer is missing a nullability type specifier [-Wnullability-completeness]
  21 | - (BOOL)ensureDirExistsWithPath:(NSString *)path;
  22 |
  23 | @end


⚠️  (node_modules/expo-modules-core/ios/Interfaces/FileSystem/EXFileSystemInterface.h:21:43)

  19 | - (EXFileSystemPermissionFlags)permissionsForURI:(NSURL *)uri;
  20 | - (nonnull NSString *)generatePathInDirectory:(NSString *)directory withExtension:(NSString *)extension;
> 21 | - (BOOL)ensureDirExistsWithPath:(NSString *)path;
     |                                           ^ pointer is missing a nullability type specifier [-Wnullability-completeness]
  22 |
  23 | @end
  24 |


⚠️  (node_modules/expo-modules-core/ios/JSI/EXJSIInstaller.h:39:79)

  37 |  Installs the base class for shared objects, i.e. `global.expo.SharedObject`.
  38 |  */
> 39 | + (void)installSharedObjectClass:(nonnull EXRuntime *)runtime releaser:(void (^)(long))releaser;
     |                                                                               ^ block pointer is missing a nullability type specifier [-Wnullability-completeness]
  40 |
  41 | /**
  42 |  Installs the base class for shared refs, i.e. `global.expo.SharedRef`.


⚠️  (node_modules/expo-modules-core/ios/JSI/EXJSIUtils.h:20:45)

  18 | #pragma mark - Promises
  19 |
> 20 |     using PromiseInvocationBlock = void (^)(RCTPromiseResolveBlock resolveWrapper, RCTPromiseRejectBlock rejectWrapper);
     |                                             ^ block pointer is missing a nullability type specifier [-Wnullability-completeness]
  21 |
  22 |     void callPromiseSetupWithBlock(jsi::Runtime &runtime, std::shared_ptr<react::CallInvoker> jsInvoker, std::shared_ptr<react::Promise> promise, PromiseInvocationBlock setupBlock);
  23 |

› Compiling expo-modules-core Pods/ExpoModulesCore » EXRawJavaScriptFunction.mm
› Compiling expo-modules-core Pods/ExpoModulesCore » EXNativeModulesProxy.mm

⚠️  (node_modules/expo-modules-core/ios/Legacy/NativeModulesProxy/EXNativeModulesProxy.h:13:4)

  11 | @interface EXModulesProxyConfig : NSObject
  12 |
> 13 | - (instancetype)initWithConstants:(nonnull NSDictionary *)constants
     |    ^ pointer is missing a nullability type specifier [-Wnullability-completeness]
  14 |                       methodNames:(nonnull NSDictionary *)methodNames
  15 |                      viewManagers:(nonnull NSDictionary *)viewManagerMetadata;
  16 |


⚠️  (node_modules/expo-modules-core/ios/Legacy/NativeModulesProxy/EXNativeModulesProxy.h:29:61)

  27 | @interface EXNativeModulesProxy : NSObject <RCTBridgeModule>
  28 |
> 29 | @property(nonatomic, strong, readonly) EXModulesProxyConfig *nativeModulesConfig;
     |                                                             ^ pointer is missing a nullability type specifier [-Wnullability-completeness]
  30 |
  31 | - (nonnull instancetype)init;
  32 | - (nonnull instancetype)initWithModuleRegistry:(nullable EXModuleRegistry *)moduleRegistry;


⚠️  (node_modules/expo-modules-core/ios/Legacy/NativeModulesProxy/EXNativeModulesProxy.h:35:30)

  33 | - (nonnull instancetype)initWithCustomModuleRegistry:(nonnull EXModuleRegistry *)moduleRegistry;
  34 |
> 35 | - (void)callMethod:(NSString *)moduleName methodNameOrKey:(id)methodNameOrKey arguments:(NSArray *)arguments resolver:(RCTPromiseResolveBlock)resolve rejecter:(RCTPromiseRejectBlock)reject;
     |                              ^ pointer is missing a nullability type specifier [-Wnullability-completeness]
  36 |
  37 | @end
  38 |


⚠️  (node_modules/expo-modules-core/ios/Legacy/NativeModulesProxy/EXNativeModulesProxy.h:35:60)

  33 | - (nonnull instancetype)initWithCustomModuleRegistry:(nonnull EXModuleRegistry *)moduleRegistry;
  34 |
> 35 | - (void)callMethod:(NSString *)moduleName methodNameOrKey:(id)methodNameOrKey arguments:(NSArray *)arguments resolver:(RCTPromiseResolveBlock)resolve rejecter:(RCTPromiseRejectBlock)reject;
     |                                                            ^ pointer is missing a nullability type specifier [-Wnullability-completeness]
  36 |
  37 | @end
  38 |


⚠️  (node_modules/expo-modules-core/ios/Legacy/NativeModulesProxy/EXNativeModulesProxy.h:35:98)

  33 | - (nonnull instancetype)initWithCustomModuleRegistry:(nonnull EXModuleRegistry *)moduleRegistry;
  34 |
> 35 | - (void)callMethod:(NSString *)moduleName methodNameOrKey:(id)methodNameOrKey arguments:(NSArray *)arguments resolver:(RCTPromiseResolveBlock)resolve rejecter:(RCTPromiseRejectBlock)reject;
     |                                                                                                  ^ pointer is missing a nullability type specifier [-Wnullability-completeness]
  36 |
  37 | @end
  38 |


⚠️  (node_modules/expo-modules-core/ios/Legacy/NativeModulesProxy/EXNativeModulesProxy.h:35:120)

  33 | - (nonnull instancetype)initWithCustomModuleRegistry:(nonnull EXModuleRegistry *)moduleRegistry;
  34 |
> 35 | - (void)callMethod:(NSString *)moduleName methodNameOrKey:(id)methodNameOrKey arguments:(NSArray *)arguments resolver:(RCTPromiseResolveBlock)resolve rejecter:(RCTPromiseRejectBlock)reject;
     |                                                                                                                        ^ block pointer is missing a nullability type specifier [-Wnullability-completeness]
  36 |
  37 | @end
  38 |


⚠️  (node_modules/expo-modules-core/ios/Legacy/NativeModulesProxy/EXNativeModulesProxy.h:35:161)

  33 | - (nonnull instancetype)initWithCustomModuleRegistry:(nonnull EXModuleRegistry *)moduleRegistry;
  34 |
> 35 | - (void)callMethod:(NSString *)moduleName methodNameOrKey:(id)methodNameOrKey arguments:(NSArray *)arguments resolver:(RCTPromiseResolveBlock)resolve rejecter:(RCTPromiseRejectBlock)reject;
     |                                                                                                                                                                 ^ block pointer is missing a nullability type specifier [-Wnullability-completeness]
  36 |
  37 | @end
  38 |


⚠️  (node_modules/expo-modules-core/ios/JSI/EXJSIInstaller.h:39:79)

  37 |  Installs the base class for shared objects, i.e. `global.expo.SharedObject`.
  38 |  */
> 39 | + (void)installSharedObjectClass:(nonnull EXRuntime *)runtime releaser:(void (^)(long))releaser;
     |                                                                               ^ block pointer is missing a nullability type specifier [-Wnullability-completeness]
  40 |
  41 | /**
  42 |  Installs the base class for shared refs, i.e. `global.expo.SharedRef`.


⚠️  (node_modules/expo-modules-core/ios/EXLegacyExpoViewProtocol.h:11:4)

   9 | @protocol EXLegacyExpoViewProtocol
  10 |
> 11 | - (instancetype)initWithModuleRegistry:(nullable EXModuleRegistry *)moduleRegistry;
     |    ^ pointer is missing a nullability type specifier [-Wnullability-completeness]
  12 |
  13 | @end
  14 |


⚠️  (node_modules/expo-modules-core/ios/Interfaces/FileSystem/EXFileSystemInterface.h:14:42)

  12 | @protocol EXFileSystemInterface
  13 |
> 14 | @property (nonatomic, readonly) NSString *documentDirectory;
     |                                          ^ pointer is missing a nullability type specifier [-Wnullability-completeness]
  15 | @property (nonatomic, readonly) NSString *cachesDirectory;
  16 | @property (nonatomic, readonly) NSString *applicationSupportDirectory;
  17 |


⚠️  (node_modules/expo-modules-core/ios/Interfaces/FileSystem/EXFileSystemInterface.h:20:57)

  18 | // TODO: Move permissionsForURI to EXFileSystemManagerInterface
  19 | - (EXFileSystemPermissionFlags)permissionsForURI:(NSURL *)uri;
> 20 | - (nonnull NSString *)generatePathInDirectory:(NSString *)directory withExtension:(NSString *)extension;
     |                                                         ^ pointer is missing a nullability type specifier [-Wnullability-completeness]
  21 | - (BOOL)ensureDirExistsWithPath:(NSString *)path;
  22 |
  23 | @end


⚠️  (node_modules/expo-modules-core/ios/Interfaces/FileSystem/EXFileSystemInterface.h:20:93)

  18 | // TODO: Move permissionsForURI to EXFileSystemManagerInterface
  19 | - (EXFileSystemPermissionFlags)permissionsForURI:(NSURL *)uri;
> 20 | - (nonnull NSString *)generatePathInDirectory:(NSString *)directory withExtension:(NSString *)extension;
     |                                                                                             ^ pointer is missing a nullability type specifier [-Wnullability-completeness]
  21 | - (BOOL)ensureDirExistsWithPath:(NSString *)path;
  22 |
  23 | @end


⚠️  (node_modules/expo-modules-core/ios/Interfaces/FileSystem/EXFileSystemInterface.h:21:43)

  19 | - (EXFileSystemPermissionFlags)permissionsForURI:(NSURL *)uri;
  20 | - (nonnull NSString *)generatePathInDirectory:(NSString *)directory withExtension:(NSString *)extension;
> 21 | - (BOOL)ensureDirExistsWithPath:(NSString *)path;
     |                                           ^ pointer is missing a nullability type specifier [-Wnullability-completeness]
  22 |
  23 | @end
  24 |


⚠️  (node_modules/expo-modules-core/ios/JSI/EXJSIUtils.h:20:45)

  18 | #pragma mark - Promises
  19 |
> 20 |     using PromiseInvocationBlock = void (^)(RCTPromiseResolveBlock resolveWrapper, RCTPromiseRejectBlock rejectWrapper);
     |                                             ^ block pointer is missing a nullability type specifier [-Wnullability-completeness]
  21 |
  22 |     void callPromiseSetupWithBlock(jsi::Runtime &runtime, std::shared_ptr<react::CallInvoker> jsInvoker, std::shared_ptr<react::Promise> promise, PromiseInvocationBlock setupBlock);
  23 |


⚠️  (node_modules/expo-modules-core/ios/Legacy/NativeModulesProxy/EXNativeModulesProxy.mm:43:26)

  41 | {
  42 |   if (self = [super init]) {
> 43 |     _exportedConstants = constants;
     |                          ^ incompatible pointer types assigning to 'NSMutableDictionary *' from 'NSDictionary * _Nonnull' [-Wincompatible-pointer-types]
  44 |     _methodNames = methodNames;
  45 |     _viewManagerMetadata = viewManagerMetadata;
  46 |   }


⚠️  (node_modules/expo-modules-core/ios/Legacy/NativeModulesProxy/EXNativeModulesProxy.mm:44:20)

  42 |   if (self = [super init]) {
  43 |     _exportedConstants = constants;
> 44 |     _methodNames = methodNames;
     |                    ^ incompatible pointer types assigning to 'NSMutableDictionary *' from 'NSDictionary * _Nonnull' [-Wincompatible-pointer-types]
  45 |     _viewManagerMetadata = viewManagerMetadata;
  46 |   }
  47 |   return self;


⚠️  (node_modules/expo-modules-core/ios/Legacy/NativeModulesProxy/EXNativeModulesProxy.mm:45:28)

  43 |     _exportedConstants = constants;
  44 |     _methodNames = methodNames;
> 45 |     _viewManagerMetadata = viewManagerMetadata;
     |                            ^ incompatible pointer types assigning to 'NSMutableDictionary *' from 'NSDictionary * _Nonnull' [-Wincompatible-pointer-types]
  46 |   }
  47 |   return self;
  48 | }


⚠️  (node_modules/expo-modules-core/ios/Legacy/NativeModulesProxy/EXNativeModulesProxy.mm:107:93)

  105 | {
  106 |   if (self = [super init]) {
> 107 |     _exModuleRegistry = moduleRegistry != nil ? moduleRegistry : [[EXModuleRegistryProvider new] moduleRegistry];
      |                                                                                             ^ 'new' is deprecated: Expo modules are now being automatically registered. You can remove this method call. [-Wdeprecated-declarations]
  108 |     _exportedMethodsKeys = [NSMutableDictionary dictionary];
  109 |     _exportedMethodsReverseKeys = [NSMutableDictionary dictionary];
  110 |     _ownsModuleRegistry = moduleRegistry == nil;

› Compiling expo-modules-core Pods/ExpoModulesCore » EXJavaScriptWeakObject.mm

⚠️  (node_modules/expo-modules-core/ios/JSI/EXJSIUtils.h:20:45)

  18 | #pragma mark - Promises
  19 |
> 20 |     using PromiseInvocationBlock = void (^)(RCTPromiseResolveBlock resolveWrapper, RCTPromiseRejectBlock rejectWrapper);
     |                                             ^ block pointer is missing a nullability type specifier [-Wnullability-completeness]
  21 |
  22 |     void callPromiseSetupWithBlock(jsi::Runtime &runtime, std::shared_ptr<react::CallInvoker> jsInvoker, std::shared_ptr<react::Promise> promise, PromiseInvocationBlock setupBlock);
  23 |

› Compiling expo-modules-core Pods/ExpoModulesCore » EXJavaScriptValue.mm
› Compiling expo-modules-core Pods/ExpoModulesCore » EXJavaScriptTypedArray.mm
› Compiling expo-modules-core Pods/ExpoModulesCore » EXJavaScriptSharedObjectBinding.mm
› Compiling expo-modules-core Pods/ExpoModulesCore » EXJavaScriptRuntime.mm

⚠️  (node_modules/expo-modules-core/ios/JSI/EXJSIUtils.h:20:45)

  18 | #pragma mark - Promises
  19 |
> 20 |     using PromiseInvocationBlock = void (^)(RCTPromiseResolveBlock resolveWrapper, RCTPromiseRejectBlock rejectWrapper);
     |                                             ^ block pointer is missing a nullability type specifier [-Wnullability-completeness]
  21 |
  22 |     void callPromiseSetupWithBlock(jsi::Runtime &runtime, std::shared_ptr<react::CallInvoker> jsInvoker, std::shared_ptr<react::Promise> promise, PromiseInvocationBlock setupBlock);
  23 |


⚠️  (node_modules/expo-modules-core/ios/Legacy/NativeModulesProxy/EXNativeModulesProxy.h:13:4)

  11 | @interface EXModulesProxyConfig : NSObject
  12 |
> 13 | - (instancetype)initWithConstants:(nonnull NSDictionary *)constants
     |    ^ pointer is missing a nullability type specifier [-Wnullability-completeness]
  14 |                       methodNames:(nonnull NSDictionary *)methodNames
  15 |                      viewManagers:(nonnull NSDictionary *)viewManagerMetadata;
  16 |


⚠️  (node_modules/expo-modules-core/ios/Legacy/NativeModulesProxy/EXNativeModulesProxy.h:29:61)

  27 | @interface EXNativeModulesProxy : NSObject <RCTBridgeModule>
  28 |
> 29 | @property(nonatomic, strong, readonly) EXModulesProxyConfig *nativeModulesConfig;
     |                                                             ^ pointer is missing a nullability type specifier [-Wnullability-completeness]
  30 |
  31 | - (nonnull instancetype)init;
  32 | - (nonnull instancetype)initWithModuleRegistry:(nullable EXModuleRegistry *)moduleRegistry;


⚠️  (node_modules/expo-modules-core/ios/Legacy/NativeModulesProxy/EXNativeModulesProxy.h:35:30)

  33 | - (nonnull instancetype)initWithCustomModuleRegistry:(nonnull EXModuleRegistry *)moduleRegistry;
  34 |
> 35 | - (void)callMethod:(NSString *)moduleName methodNameOrKey:(id)methodNameOrKey arguments:(NSArray *)arguments resolver:(RCTPromiseResolveBlock)resolve rejecter:(RCTPromiseRejectBlock)reject;
     |                              ^ pointer is missing a nullability type specifier [-Wnullability-completeness]
  36 |
  37 | @end
  38 |


⚠️  (node_modules/expo-modules-core/ios/Legacy/NativeModulesProxy/EXNativeModulesProxy.h:35:60)

  33 | - (nonnull instancetype)initWithCustomModuleRegistry:(nonnull EXModuleRegistry *)moduleRegistry;
  34 |
> 35 | - (void)callMethod:(NSString *)moduleName methodNameOrKey:(id)methodNameOrKey arguments:(NSArray *)arguments resolver:(RCTPromiseResolveBlock)resolve rejecter:(RCTPromiseRejectBlock)reject;
     |                                                            ^ pointer is missing a nullability type specifier [-Wnullability-completeness]
  36 |
  37 | @end
  38 |


⚠️  (node_modules/expo-modules-core/ios/Legacy/NativeModulesProxy/EXNativeModulesProxy.h:35:98)

  33 | - (nonnull instancetype)initWithCustomModuleRegistry:(nonnull EXModuleRegistry *)moduleRegistry;
  34 |
> 35 | - (void)callMethod:(NSString *)moduleName methodNameOrKey:(id)methodNameOrKey arguments:(NSArray *)arguments resolver:(RCTPromiseResolveBlock)resolve rejecter:(RCTPromiseRejectBlock)reject;
     |                                                                                                  ^ pointer is missing a nullability type specifier [-Wnullability-completeness]
  36 |
  37 | @end
  38 |


⚠️  (node_modules/expo-modules-core/ios/Legacy/NativeModulesProxy/EXNativeModulesProxy.h:35:120)

  33 | - (nonnull instancetype)initWithCustomModuleRegistry:(nonnull EXModuleRegistry *)moduleRegistry;
  34 |
> 35 | - (void)callMethod:(NSString *)moduleName methodNameOrKey:(id)methodNameOrKey arguments:(NSArray *)arguments resolver:(RCTPromiseResolveBlock)resolve rejecter:(RCTPromiseRejectBlock)reject;
     |                                                                                                                        ^ block pointer is missing a nullability type specifier [-Wnullability-completeness]
  36 |
  37 | @end
  38 |


⚠️  (node_modules/expo-modules-core/ios/Legacy/NativeModulesProxy/EXNativeModulesProxy.h:35:161)

  33 | - (nonnull instancetype)initWithCustomModuleRegistry:(nonnull EXModuleRegistry *)moduleRegistry;
  34 |
> 35 | - (void)callMethod:(NSString *)moduleName methodNameOrKey:(id)methodNameOrKey arguments:(NSArray *)arguments resolver:(RCTPromiseResolveBlock)resolve rejecter:(RCTPromiseRejectBlock)reject;
     |                                                                                                                                                                 ^ block pointer is missing a nullability type specifier [-Wnullability-completeness]
  36 |
  37 | @end
  38 |


⚠️  (node_modules/expo-modules-core/ios/EXLegacyExpoViewProtocol.h:11:4)

   9 | @protocol EXLegacyExpoViewProtocol
  10 |
> 11 | - (instancetype)initWithModuleRegistry:(nullable EXModuleRegistry *)moduleRegistry;
     |    ^ pointer is missing a nullability type specifier [-Wnullability-completeness]
  12 |
  13 | @end
  14 |


⚠️  (node_modules/expo-modules-core/ios/Interfaces/FileSystem/EXFileSystemInterface.h:14:42)

  12 | @protocol EXFileSystemInterface
  13 |
> 14 | @property (nonatomic, readonly) NSString *documentDirectory;
     |                                          ^ pointer is missing a nullability type specifier [-Wnullability-completeness]
  15 | @property (nonatomic, readonly) NSString *cachesDirectory;
  16 | @property (nonatomic, readonly) NSString *applicationSupportDirectory;
  17 |


⚠️  (node_modules/expo-modules-core/ios/Interfaces/FileSystem/EXFileSystemInterface.h:20:57)

  18 | // TODO: Move permissionsForURI to EXFileSystemManagerInterface
  19 | - (EXFileSystemPermissionFlags)permissionsForURI:(NSURL *)uri;
> 20 | - (nonnull NSString *)generatePathInDirectory:(NSString *)directory withExtension:(NSString *)extension;
     |                                                         ^ pointer is missing a nullability type specifier [-Wnullability-completeness]
  21 | - (BOOL)ensureDirExistsWithPath:(NSString *)path;
  22 |
  23 | @end


⚠️  (node_modules/expo-modules-core/ios/Interfaces/FileSystem/EXFileSystemInterface.h:20:93)

  18 | // TODO: Move permissionsForURI to EXFileSystemManagerInterface
  19 | - (EXFileSystemPermissionFlags)permissionsForURI:(NSURL *)uri;
> 20 | - (nonnull NSString *)generatePathInDirectory:(NSString *)directory withExtension:(NSString *)extension;
     |                                                                                             ^ pointer is missing a nullability type specifier [-Wnullability-completeness]
  21 | - (BOOL)ensureDirExistsWithPath:(NSString *)path;
  22 |
  23 | @end


⚠️  (node_modules/expo-modules-core/ios/Interfaces/FileSystem/EXFileSystemInterface.h:21:43)

  19 | - (EXFileSystemPermissionFlags)permissionsForURI:(NSURL *)uri;
  20 | - (nonnull NSString *)generatePathInDirectory:(NSString *)directory withExtension:(NSString *)extension;
> 21 | - (BOOL)ensureDirExistsWithPath:(NSString *)path;
     |                                           ^ pointer is missing a nullability type specifier [-Wnullability-completeness]
  22 |
  23 | @end
  24 |


⚠️  (node_modules/expo-modules-core/ios/JSI/EXJSIInstaller.h:39:79)

  37 |  Installs the base class for shared objects, i.e. `global.expo.SharedObject`.
  38 |  */
> 39 | + (void)installSharedObjectClass:(nonnull EXRuntime *)runtime releaser:(void (^)(long))releaser;
     |                                                                               ^ block pointer is missing a nullability type specifier [-Wnullability-completeness]
  40 |
  41 | /**
  42 |  Installs the base class for shared refs, i.e. `global.expo.SharedRef`.


⚠️  (node_modules/expo-modules-core/ios/JSI/EXJavaScriptRuntime.mm:14:17)

  12 | #import <ExpoModulesCore/TestingJSCallInvoker.h>
  13 |
> 14 | @implementation EXJavaScriptRuntime {
     |                 ^ method definition for 'createClass:constructor:' not found [-Wincomplete-implementation]
  15 |   std::shared_ptr<jsi::Runtime> _runtime;
  16 |   std::shared_ptr<react::CallInvoker> _jsCallInvoker;
  17 | }

› Compiling expo-modules-core Pods/ExpoModulesCore » EXJavaScriptObject.mm

⚠️  (node_modules/expo-modules-core/ios/JSI/EXJSIUtils.h:20:45)

  18 | #pragma mark - Promises
  19 |
> 20 |     using PromiseInvocationBlock = void (^)(RCTPromiseResolveBlock resolveWrapper, RCTPromiseRejectBlock rejectWrapper);
     |                                             ^ block pointer is missing a nullability type specifier [-Wnullability-completeness]
  21 |
  22 |     void callPromiseSetupWithBlock(jsi::Runtime &runtime, std::shared_ptr<react::CallInvoker> jsInvoker, std::shared_ptr<react::Promise> promise, PromiseInvocationBlock setupBlock);
  23 |

› Compiling expo-modules-core Pods/ExpoModulesCore » EXJSIUtils.mm

⚠️  (node_modules/expo-modules-core/ios/JSI/EXJSIUtils.h:20:45)

  18 | #pragma mark - Promises
  19 |
> 20 |     using PromiseInvocationBlock = void (^)(RCTPromiseResolveBlock resolveWrapper, RCTPromiseRejectBlock rejectWrapper);
     |                                             ^ block pointer is missing a nullability type specifier [-Wnullability-completeness]
  21 |
  22 |     void callPromiseSetupWithBlock(jsi::Runtime &runtime, std::shared_ptr<react::CallInvoker> jsInvoker, std::shared_ptr<react::Promise> promise, PromiseInvocationBlock setupBlock);
  23 |

› Compiling expo-modules-core Pods/ExpoModulesCore » EXJSIInstaller.mm

⚠️  (node_modules/expo-modules-core/ios/JSI/EXJSIInstaller.h:39:79)

  37 |  Installs the base class for shared objects, i.e. `global.expo.SharedObject`.
  38 |  */
> 39 | + (void)installSharedObjectClass:(nonnull EXRuntime *)runtime releaser:(void (^)(long))releaser;
     |                                                                               ^ block pointer is missing a nullability type specifier [-Wnullability-completeness]
  40 |
  41 | /**
  42 |  Installs the base class for shared refs, i.e. `global.expo.SharedRef`.


⚠️  (node_modules/expo-modules-core/ios/Legacy/NativeModulesProxy/EXNativeModulesProxy.h:13:4)

  11 | @interface EXModulesProxyConfig : NSObject
  12 |
> 13 | - (instancetype)initWithConstants:(nonnull NSDictionary *)constants
     |    ^ pointer is missing a nullability type specifier [-Wnullability-completeness]
  14 |                       methodNames:(nonnull NSDictionary *)methodNames
  15 |                      viewManagers:(nonnull NSDictionary *)viewManagerMetadata;
  16 |


⚠️  (node_modules/expo-modules-core/ios/Legacy/NativeModulesProxy/EXNativeModulesProxy.h:29:61)

  27 | @interface EXNativeModulesProxy : NSObject <RCTBridgeModule>
  28 |
> 29 | @property(nonatomic, strong, readonly) EXModulesProxyConfig *nativeModulesConfig;
     |                                                             ^ pointer is missing a nullability type specifier [-Wnullability-completeness]
  30 |
  31 | - (nonnull instancetype)init;
  32 | - (nonnull instancetype)initWithModuleRegistry:(nullable EXModuleRegistry *)moduleRegistry;


⚠️  (node_modules/expo-modules-core/ios/Legacy/NativeModulesProxy/EXNativeModulesProxy.h:35:30)

  33 | - (nonnull instancetype)initWithCustomModuleRegistry:(nonnull EXModuleRegistry *)moduleRegistry;
  34 |
> 35 | - (void)callMethod:(NSString *)moduleName methodNameOrKey:(id)methodNameOrKey arguments:(NSArray *)arguments resolver:(RCTPromiseResolveBlock)resolve rejecter:(RCTPromiseRejectBlock)reject;
     |                              ^ pointer is missing a nullability type specifier [-Wnullability-completeness]
  36 |
  37 | @end
  38 |


⚠️  (node_modules/expo-modules-core/ios/Legacy/NativeModulesProxy/EXNativeModulesProxy.h:35:60)

  33 | - (nonnull instancetype)initWithCustomModuleRegistry:(nonnull EXModuleRegistry *)moduleRegistry;
  34 |
> 35 | - (void)callMethod:(NSString *)moduleName methodNameOrKey:(id)methodNameOrKey arguments:(NSArray *)arguments resolver:(RCTPromiseResolveBlock)resolve rejecter:(RCTPromiseRejectBlock)reject;
     |                                                            ^ pointer is missing a nullability type specifier [-Wnullability-completeness]
  36 |
  37 | @end
  38 |


⚠️  (node_modules/expo-modules-core/ios/Legacy/NativeModulesProxy/EXNativeModulesProxy.h:35:98)

  33 | - (nonnull instancetype)initWithCustomModuleRegistry:(nonnull EXModuleRegistry *)moduleRegistry;
  34 |
> 35 | - (void)callMethod:(NSString *)moduleName methodNameOrKey:(id)methodNameOrKey arguments:(NSArray *)arguments resolver:(RCTPromiseResolveBlock)resolve rejecter:(RCTPromiseRejectBlock)reject;
     |                                                                                                  ^ pointer is missing a nullability type specifier [-Wnullability-completeness]
  36 |
  37 | @end
  38 |


⚠️  (node_modules/expo-modules-core/ios/Legacy/NativeModulesProxy/EXNativeModulesProxy.h:35:120)

  33 | - (nonnull instancetype)initWithCustomModuleRegistry:(nonnull EXModuleRegistry *)moduleRegistry;
  34 |
> 35 | - (void)callMethod:(NSString *)moduleName methodNameOrKey:(id)methodNameOrKey arguments:(NSArray *)arguments resolver:(RCTPromiseResolveBlock)resolve rejecter:(RCTPromiseRejectBlock)reject;
     |                                                                                                                        ^ block pointer is missing a nullability type specifier [-Wnullability-completeness]
  36 |
  37 | @end
  38 |


⚠️  (node_modules/expo-modules-core/ios/Legacy/NativeModulesProxy/EXNativeModulesProxy.h:35:161)

  33 | - (nonnull instancetype)initWithCustomModuleRegistry:(nonnull EXModuleRegistry *)moduleRegistry;
  34 |
> 35 | - (void)callMethod:(NSString *)moduleName methodNameOrKey:(id)methodNameOrKey arguments:(NSArray *)arguments resolver:(RCTPromiseResolveBlock)resolve rejecter:(RCTPromiseRejectBlock)reject;
     |                                                                                                                                                                 ^ block pointer is missing a nullability type specifier [-Wnullability-completeness]
  36 |
  37 | @end
  38 |


⚠️  (node_modules/expo-modules-core/ios/EXLegacyExpoViewProtocol.h:11:4)

   9 | @protocol EXLegacyExpoViewProtocol
  10 |
> 11 | - (instancetype)initWithModuleRegistry:(nullable EXModuleRegistry *)moduleRegistry;
     |    ^ pointer is missing a nullability type specifier [-Wnullability-completeness]
  12 |
  13 | @end
  14 |


⚠️  (node_modules/expo-modules-core/ios/Interfaces/FileSystem/EXFileSystemInterface.h:14:42)

  12 | @protocol EXFileSystemInterface
  13 |
> 14 | @property (nonatomic, readonly) NSString *documentDirectory;
     |                                          ^ pointer is missing a nullability type specifier [-Wnullability-completeness]
  15 | @property (nonatomic, readonly) NSString *cachesDirectory;
  16 | @property (nonatomic, readonly) NSString *applicationSupportDirectory;
  17 |


⚠️  (node_modules/expo-modules-core/ios/Interfaces/FileSystem/EXFileSystemInterface.h:20:57)

  18 | // TODO: Move permissionsForURI to EXFileSystemManagerInterface
  19 | - (EXFileSystemPermissionFlags)permissionsForURI:(NSURL *)uri;
> 20 | - (nonnull NSString *)generatePathInDirectory:(NSString *)directory withExtension:(NSString *)extension;
     |                                                         ^ pointer is missing a nullability type specifier [-Wnullability-completeness]
  21 | - (BOOL)ensureDirExistsWithPath:(NSString *)path;
  22 |
  23 | @end


⚠️  (node_modules/expo-modules-core/ios/Interfaces/FileSystem/EXFileSystemInterface.h:20:93)

  18 | // TODO: Move permissionsForURI to EXFileSystemManagerInterface
  19 | - (EXFileSystemPermissionFlags)permissionsForURI:(NSURL *)uri;
> 20 | - (nonnull NSString *)generatePathInDirectory:(NSString *)directory withExtension:(NSString *)extension;
     |                                                                                             ^ pointer is missing a nullability type specifier [-Wnullability-completeness]
  21 | - (BOOL)ensureDirExistsWithPath:(NSString *)path;
  22 |
  23 | @end


⚠️  (node_modules/expo-modules-core/ios/Interfaces/FileSystem/EXFileSystemInterface.h:21:43)

  19 | - (EXFileSystemPermissionFlags)permissionsForURI:(NSURL *)uri;
  20 | - (nonnull NSString *)generatePathInDirectory:(NSString *)directory withExtension:(NSString *)extension;
> 21 | - (BOOL)ensureDirExistsWithPath:(NSString *)path;
     |                                           ^ pointer is missing a nullability type specifier [-Wnullability-completeness]
  22 |
  23 | @end
  24 |


⚠️  (node_modules/expo-modules-core/ios/JSI/EXJSIUtils.h:20:45)

  18 | #pragma mark - Promises
  19 |
> 20 |     using PromiseInvocationBlock = void (^)(RCTPromiseResolveBlock resolveWrapper, RCTPromiseRejectBlock rejectWrapper);
     |                                             ^ block pointer is missing a nullability type specifier [-Wnullability-completeness]
  21 |
  22 |     void callPromiseSetupWithBlock(jsi::Runtime &runtime, std::shared_ptr<react::CallInvoker> jsInvoker, std::shared_ptr<react::Promise> promise, PromiseInvocationBlock setupBlock);
  23 |

› Compiling expo-modules-core Pods/ExpoModulesCore » EXJSIConversions.mm
› Compiling expo-modules-core Pods/ExpoModulesCore » ExpoModulesCore-dummy.m
› Compiling expo-modules-core Pods/ExpoModulesCore » EXAppDefines.m
› Compiling expo-modules-core Pods/ExpoModulesCore » CoreModuleHelper.m
› Compiling expo-modules-core Pods/ExpoModulesCore » EXExportedModule.m
› Compiling expo-modules-core Pods/ExpoModulesCore » EXModuleRegistryAdapter.m

⚠️  (node_modules/expo-modules-core/ios/Legacy/NativeModulesProxy/EXNativeModulesProxy.h:13:4)

  11 | @interface EXModulesProxyConfig : NSObject
  12 |
> 13 | - (instancetype)initWithConstants:(nonnull NSDictionary *)constants
     |    ^ pointer is missing a nullability type specifier [-Wnullability-completeness]
  14 |                       methodNames:(nonnull NSDictionary *)methodNames
  15 |                      viewManagers:(nonnull NSDictionary *)viewManagerMetadata;
  16 |


⚠️  (node_modules/expo-modules-core/ios/Legacy/NativeModulesProxy/EXNativeModulesProxy.h:29:61)

  27 | @interface EXNativeModulesProxy : NSObject <RCTBridgeModule>
  28 |
> 29 | @property(nonatomic, strong, readonly) EXModulesProxyConfig *nativeModulesConfig;
     |                                                             ^ pointer is missing a nullability type specifier [-Wnullability-completeness]
  30 |
  31 | - (nonnull instancetype)init;
  32 | - (nonnull instancetype)initWithModuleRegistry:(nullable EXModuleRegistry *)moduleRegistry;


⚠️  (node_modules/expo-modules-core/ios/Legacy/NativeModulesProxy/EXNativeModulesProxy.h:35:30)

  33 | - (nonnull instancetype)initWithCustomModuleRegistry:(nonnull EXModuleRegistry *)moduleRegistry;
  34 |
> 35 | - (void)callMethod:(NSString *)moduleName methodNameOrKey:(id)methodNameOrKey arguments:(NSArray *)arguments resolver:(RCTPromiseResolveBlock)resolve rejecter:(RCTPromiseRejectBlock)reject;
     |                              ^ pointer is missing a nullability type specifier [-Wnullability-completeness]
  36 |
  37 | @end
  38 |


⚠️  (node_modules/expo-modules-core/ios/Legacy/NativeModulesProxy/EXNativeModulesProxy.h:35:60)

  33 | - (nonnull instancetype)initWithCustomModuleRegistry:(nonnull EXModuleRegistry *)moduleRegistry;
  34 |
> 35 | - (void)callMethod:(NSString *)moduleName methodNameOrKey:(id)methodNameOrKey arguments:(NSArray *)arguments resolver:(RCTPromiseResolveBlock)resolve rejecter:(RCTPromiseRejectBlock)reject;
     |                                                            ^ pointer is missing a nullability type specifier [-Wnullability-completeness]
  36 |
  37 | @end
  38 |


⚠️  (node_modules/expo-modules-core/ios/Legacy/NativeModulesProxy/EXNativeModulesProxy.h:35:98)

  33 | - (nonnull instancetype)initWithCustomModuleRegistry:(nonnull EXModuleRegistry *)moduleRegistry;
  34 |
> 35 | - (void)callMethod:(NSString *)moduleName methodNameOrKey:(id)methodNameOrKey arguments:(NSArray *)arguments resolver:(RCTPromiseResolveBlock)resolve rejecter:(RCTPromiseRejectBlock)reject;
     |                                                                                                  ^ pointer is missing a nullability type specifier [-Wnullability-completeness]
  36 |
  37 | @end
  38 |


⚠️  (node_modules/expo-modules-core/ios/Legacy/NativeModulesProxy/EXNativeModulesProxy.h:35:120)

  33 | - (nonnull instancetype)initWithCustomModuleRegistry:(nonnull EXModuleRegistry *)moduleRegistry;
  34 |
> 35 | - (void)callMethod:(NSString *)moduleName methodNameOrKey:(id)methodNameOrKey arguments:(NSArray *)arguments resolver:(RCTPromiseResolveBlock)resolve rejecter:(RCTPromiseRejectBlock)reject;
     |                                                                                                                        ^ block pointer is missing a nullability type specifier [-Wnullability-completeness]
  36 |
  37 | @end
  38 |


⚠️  (node_modules/expo-modules-core/ios/Legacy/NativeModulesProxy/EXNativeModulesProxy.h:35:161)

  33 | - (nonnull instancetype)initWithCustomModuleRegistry:(nonnull EXModuleRegistry *)moduleRegistry;
  34 |
> 35 | - (void)callMethod:(NSString *)moduleName methodNameOrKey:(id)methodNameOrKey arguments:(NSArray *)arguments resolver:(RCTPromiseResolveBlock)resolve rejecter:(RCTPromiseRejectBlock)reject;
     |                                                                                                                                                                 ^ block pointer is missing a nullability type specifier [-Wnullability-completeness]
  36 |
  37 | @end
  38 |

› Compiling expo-modules-core Pods/ExpoModulesCore » EXLogManager.m
› Compiling expo-modules-core Pods/ExpoModulesCore » EXUtilities.m

⚠️  (node_modules/expo-modules-core/ios/Legacy/EXUtilities.m:49:70)

  47 |   }
  48 |
> 49 |   UIViewController *controller = [[[UIApplication sharedApplication] keyWindow] rootViewController];
     |                                                                      ^ 'keyWindow' is deprecated: first deprecated in iOS 13.0 - Should not be used for applications that support multiple scenes as it returns a key window across all connected scenes [-Wdeprecated-declarations]
  50 |   UIViewController *presentedController = controller.presentedViewController;
  51 |
  52 |   while (presentedController && ![presentedController isBeingDismissed]) {

› Compiling expo-modules-core Pods/ExpoModulesCore » EXSingletonModule.m
› Compiling expo-modules-core Pods/ExpoModulesCore » EXReactNativeUserNotificationCenterProxy.m
› Compiling expo-modules-core Pods/ExpoModulesCore » EXReactLogHandler.m
› Compiling expo-modules-core Pods/ExpoModulesCore » EXPermissionsService.m
› Compiling expo-modules-core Pods/ExpoModulesCore » EXPermissionsMethodsDelegate.m
› Compiling expo-modules-core Pods/ExpoModulesCore » EXModuleRegistryHolderReactModule.m

⚠️  (node_modules/expo-modules-core/ios/Legacy/ModuleRegistryAdapter/EXModuleRegistryHolderReactModule.h:7:58)

   5 | #import <ExpoModulesCore/EXModuleRegistry.h>
   6 |
>  7 | @interface EXModuleRegistryHolderReactModule : NSObject <RCTBridgeModule>
     |                                                          ^ cannot find protocol definition for 'RCTBridgeModule'
   8 |
   9 | - (nonnull instancetype)initWithModuleRegistry:(nonnull EXModuleRegistry *)moduleRegistry;
  10 | - (nullable EXModuleRegistry *)exModuleRegistry;

› Compiling expo-modules-core Pods/ExpoModulesCore » EXModuleRegistryProvider.m

⚠️  (node_modules/expo-modules-core/ios/Legacy/NativeModulesProxy/EXNativeModulesProxy.h:13:4)

  11 | @interface EXModulesProxyConfig : NSObject
  12 |
> 13 | - (instancetype)initWithConstants:(nonnull NSDictionary *)constants
     |    ^ pointer is missing a nullability type specifier [-Wnullability-completeness]
  14 |                       methodNames:(nonnull NSDictionary *)methodNames
  15 |                      viewManagers:(nonnull NSDictionary *)viewManagerMetadata;
  16 |


⚠️  (node_modules/expo-modules-core/ios/Legacy/NativeModulesProxy/EXNativeModulesProxy.h:29:61)

  27 | @interface EXNativeModulesProxy : NSObject <RCTBridgeModule>
  28 |
> 29 | @property(nonatomic, strong, readonly) EXModulesProxyConfig *nativeModulesConfig;
     |                                                             ^ pointer is missing a nullability type specifier [-Wnullability-completeness]
  30 |
  31 | - (nonnull instancetype)init;
  32 | - (nonnull instancetype)initWithModuleRegistry:(nullable EXModuleRegistry *)moduleRegistry;


⚠️  (node_modules/expo-modules-core/ios/Legacy/NativeModulesProxy/EXNativeModulesProxy.h:35:30)

  33 | - (nonnull instancetype)initWithCustomModuleRegistry:(nonnull EXModuleRegistry *)moduleRegistry;
  34 |
> 35 | - (void)callMethod:(NSString *)moduleName methodNameOrKey:(id)methodNameOrKey arguments:(NSArray *)arguments resolver:(RCTPromiseResolveBlock)resolve rejecter:(RCTPromiseRejectBlock)reject;
     |                              ^ pointer is missing a nullability type specifier [-Wnullability-completeness]
  36 |
  37 | @end
  38 |


⚠️  (node_modules/expo-modules-core/ios/Legacy/NativeModulesProxy/EXNativeModulesProxy.h:35:60)

  33 | - (nonnull instancetype)initWithCustomModuleRegistry:(nonnull EXModuleRegistry *)moduleRegistry;
  34 |
> 35 | - (void)callMethod:(NSString *)moduleName methodNameOrKey:(id)methodNameOrKey arguments:(NSArray *)arguments resolver:(RCTPromiseResolveBlock)resolve rejecter:(RCTPromiseRejectBlock)reject;
     |                                                            ^ pointer is missing a nullability type specifier [-Wnullability-completeness]
  36 |
  37 | @end
  38 |


⚠️  (node_modules/expo-modules-core/ios/Legacy/NativeModulesProxy/EXNativeModulesProxy.h:35:98)

  33 | - (nonnull instancetype)initWithCustomModuleRegistry:(nonnull EXModuleRegistry *)moduleRegistry;
  34 |
> 35 | - (void)callMethod:(NSString *)moduleName methodNameOrKey:(id)methodNameOrKey arguments:(NSArray *)arguments resolver:(RCTPromiseResolveBlock)resolve rejecter:(RCTPromiseRejectBlock)reject;
     |                                                                                                  ^ pointer is missing a nullability type specifier [-Wnullability-completeness]
  36 |
  37 | @end
  38 |


⚠️  (node_modules/expo-modules-core/ios/Legacy/NativeModulesProxy/EXNativeModulesProxy.h:35:120)

  33 | - (nonnull instancetype)initWithCustomModuleRegistry:(nonnull EXModuleRegistry *)moduleRegistry;
  34 |
> 35 | - (void)callMethod:(NSString *)moduleName methodNameOrKey:(id)methodNameOrKey arguments:(NSArray *)arguments resolver:(RCTPromiseResolveBlock)resolve rejecter:(RCTPromiseRejectBlock)reject;
     |                                                                                                                        ^ block pointer is missing a nullability type specifier [-Wnullability-completeness]
  36 |
  37 | @end
  38 |


⚠️  (node_modules/expo-modules-core/ios/Legacy/NativeModulesProxy/EXNativeModulesProxy.h:35:161)

  33 | - (nonnull instancetype)initWithCustomModuleRegistry:(nonnull EXModuleRegistry *)moduleRegistry;
  34 |
> 35 | - (void)callMethod:(NSString *)moduleName methodNameOrKey:(id)methodNameOrKey arguments:(NSArray *)arguments resolver:(RCTPromiseResolveBlock)resolve rejecter:(RCTPromiseRejectBlock)reject;
     |                                                                                                                                                                 ^ block pointer is missing a nullability type specifier [-Wnullability-completeness]
  36 |
  37 | @end
  38 |


⚠️  (node_modules/expo-modules-core/ios/EXLegacyExpoViewProtocol.h:11:4)

   9 | @protocol EXLegacyExpoViewProtocol
  10 |
> 11 | - (instancetype)initWithModuleRegistry:(nullable EXModuleRegistry *)moduleRegistry;
     |    ^ pointer is missing a nullability type specifier [-Wnullability-completeness]
  12 |
  13 | @end
  14 |


⚠️  (node_modules/expo-modules-core/ios/Interfaces/FileSystem/EXFileSystemInterface.h:14:42)

  12 | @protocol EXFileSystemInterface
  13 |
> 14 | @property (nonatomic, readonly) NSString *documentDirectory;
     |                                          ^ pointer is missing a nullability type specifier [-Wnullability-completeness]
  15 | @property (nonatomic, readonly) NSString *cachesDirectory;
  16 | @property (nonatomic, readonly) NSString *applicationSupportDirectory;
  17 |


⚠️  (node_modules/expo-modules-core/ios/Interfaces/FileSystem/EXFileSystemInterface.h:20:57)

  18 | // TODO: Move permissionsForURI to EXFileSystemManagerInterface
  19 | - (EXFileSystemPermissionFlags)permissionsForURI:(NSURL *)uri;
> 20 | - (nonnull NSString *)generatePathInDirectory:(NSString *)directory withExtension:(NSString *)extension;
     |                                                         ^ pointer is missing a nullability type specifier [-Wnullability-completeness]
  21 | - (BOOL)ensureDirExistsWithPath:(NSString *)path;
  22 |
  23 | @end


⚠️  (node_modules/expo-modules-core/ios/Interfaces/FileSystem/EXFileSystemInterface.h:20:93)

  18 | // TODO: Move permissionsForURI to EXFileSystemManagerInterface
  19 | - (EXFileSystemPermissionFlags)permissionsForURI:(NSURL *)uri;
> 20 | - (nonnull NSString *)generatePathInDirectory:(NSString *)directory withExtension:(NSString *)extension;
     |                                                                                             ^ pointer is missing a nullability type specifier [-Wnullability-completeness]
  21 | - (BOOL)ensureDirExistsWithPath:(NSString *)path;
  22 |
  23 | @end


⚠️  (node_modules/expo-modules-core/ios/Interfaces/FileSystem/EXFileSystemInterface.h:21:43)

  19 | - (EXFileSystemPermissionFlags)permissionsForURI:(NSURL *)uri;
  20 | - (nonnull NSString *)generatePathInDirectory:(NSString *)directory withExtension:(NSString *)extension;
> 21 | - (BOOL)ensureDirExistsWithPath:(NSString *)path;
     |                                           ^ pointer is missing a nullability type specifier [-Wnullability-completeness]
  22 |
  23 | @end
  24 |


⚠️  (node_modules/expo-modules-core/ios/JSI/EXJSIInstaller.h:39:79)

  37 |  Installs the base class for shared objects, i.e. `global.expo.SharedObject`.
  38 |  */
> 39 | + (void)installSharedObjectClass:(nonnull EXRuntime *)runtime releaser:(void (^)(long))releaser;
     |                                                                               ^ block pointer is missing a nullability type specifier [-Wnullability-completeness]
  40 |
  41 | /**
  42 |  Installs the base class for shared refs, i.e. `global.expo.SharedRef`.

› Compiling expo-modules-core Pods/ExpoModulesCore » RCTComponentData+Privates.m

⚠️  (node_modules/expo-modules-core/ios/RCTComponentData+Privates.m:14:81)

  12 |                              eventDispatcher:(nullable id<RCTEventDispatcherProtocol>)eventDispatcher
  13 | {
> 14 |   return [super initWithManagerClass:managerClass bridge:bridge eventDispatcher:nil];
     |                                                                                 ^ null passed to a callee that requires a non-null argument [-Wnonnull]
  15 | }
  16 |
  17 | @end

› Compiling expo-modules-core Pods/ExpoModulesCore » EXReactNativeEventEmitter.m

⚠️  (node_modules/expo-modules-core/ios/Legacy/NativeModulesProxy/EXNativeModulesProxy.h:13:4)

  11 | @interface EXModulesProxyConfig : NSObject
  12 |
> 13 | - (instancetype)initWithConstants:(nonnull NSDictionary *)constants
     |    ^ pointer is missing a nullability type specifier [-Wnullability-completeness]
  14 |                       methodNames:(nonnull NSDictionary *)methodNames
  15 |                      viewManagers:(nonnull NSDictionary *)viewManagerMetadata;
  16 |


⚠️  (node_modules/expo-modules-core/ios/Legacy/NativeModulesProxy/EXNativeModulesProxy.h:29:61)

  27 | @interface EXNativeModulesProxy : NSObject <RCTBridgeModule>
  28 |
> 29 | @property(nonatomic, strong, readonly) EXModulesProxyConfig *nativeModulesConfig;
     |                                                             ^ pointer is missing a nullability type specifier [-Wnullability-completeness]
  30 |
  31 | - (nonnull instancetype)init;
  32 | - (nonnull instancetype)initWithModuleRegistry:(nullable EXModuleRegistry *)moduleRegistry;


⚠️  (node_modules/expo-modules-core/ios/Legacy/NativeModulesProxy/EXNativeModulesProxy.h:35:30)

  33 | - (nonnull instancetype)initWithCustomModuleRegistry:(nonnull EXModuleRegistry *)moduleRegistry;
  34 |
> 35 | - (void)callMethod:(NSString *)moduleName methodNameOrKey:(id)methodNameOrKey arguments:(NSArray *)arguments resolver:(RCTPromiseResolveBlock)resolve rejecter:(RCTPromiseRejectBlock)reject;
     |                              ^ pointer is missing a nullability type specifier [-Wnullability-completeness]
  36 |
  37 | @end
  38 |


⚠️  (node_modules/expo-modules-core/ios/Legacy/NativeModulesProxy/EXNativeModulesProxy.h:35:60)

  33 | - (nonnull instancetype)initWithCustomModuleRegistry:(nonnull EXModuleRegistry *)moduleRegistry;
  34 |
> 35 | - (void)callMethod:(NSString *)moduleName methodNameOrKey:(id)methodNameOrKey arguments:(NSArray *)arguments resolver:(RCTPromiseResolveBlock)resolve rejecter:(RCTPromiseRejectBlock)reject;
     |                                                            ^ pointer is missing a nullability type specifier [-Wnullability-completeness]
  36 |
  37 | @end
  38 |


⚠️  (node_modules/expo-modules-core/ios/Legacy/NativeModulesProxy/EXNativeModulesProxy.h:35:98)

  33 | - (nonnull instancetype)initWithCustomModuleRegistry:(nonnull EXModuleRegistry *)moduleRegistry;
  34 |
> 35 | - (void)callMethod:(NSString *)moduleName methodNameOrKey:(id)methodNameOrKey arguments:(NSArray *)arguments resolver:(RCTPromiseResolveBlock)resolve rejecter:(RCTPromiseRejectBlock)reject;
     |                                                                                                  ^ pointer is missing a nullability type specifier [-Wnullability-completeness]
  36 |
  37 | @end
  38 |


⚠️  (node_modules/expo-modules-core/ios/Legacy/NativeModulesProxy/EXNativeModulesProxy.h:35:120)

  33 | - (nonnull instancetype)initWithCustomModuleRegistry:(nonnull EXModuleRegistry *)moduleRegistry;
  34 |
> 35 | - (void)callMethod:(NSString *)moduleName methodNameOrKey:(id)methodNameOrKey arguments:(NSArray *)arguments resolver:(RCTPromiseResolveBlock)resolve rejecter:(RCTPromiseRejectBlock)reject;
     |                                                                                                                        ^ block pointer is missing a nullability type specifier [-Wnullability-completeness]
  36 |
  37 | @end
  38 |


⚠️  (node_modules/expo-modules-core/ios/Legacy/NativeModulesProxy/EXNativeModulesProxy.h:35:161)

  33 | - (nonnull instancetype)initWithCustomModuleRegistry:(nonnull EXModuleRegistry *)moduleRegistry;
  34 |
> 35 | - (void)callMethod:(NSString *)moduleName methodNameOrKey:(id)methodNameOrKey arguments:(NSArray *)arguments resolver:(RCTPromiseResolveBlock)resolve rejecter:(RCTPromiseRejectBlock)reject;
     |                                                                                                                                                                 ^ block pointer is missing a nullability type specifier [-Wnullability-completeness]
  36 |
  37 | @end
  38 |


⚠️  (node_modules/expo-modules-core/ios/EXLegacyExpoViewProtocol.h:11:4)

   9 | @protocol EXLegacyExpoViewProtocol
  10 |
> 11 | - (instancetype)initWithModuleRegistry:(nullable EXModuleRegistry *)moduleRegistry;
     |    ^ pointer is missing a nullability type specifier [-Wnullability-completeness]
  12 |
  13 | @end
  14 |


⚠️  (node_modules/expo-modules-core/ios/Interfaces/FileSystem/EXFileSystemInterface.h:14:42)

  12 | @protocol EXFileSystemInterface
  13 |
> 14 | @property (nonatomic, readonly) NSString *documentDirectory;
     |                                          ^ pointer is missing a nullability type specifier [-Wnullability-completeness]
  15 | @property (nonatomic, readonly) NSString *cachesDirectory;
  16 | @property (nonatomic, readonly) NSString *applicationSupportDirectory;
  17 |


⚠️  (node_modules/expo-modules-core/ios/Interfaces/FileSystem/EXFileSystemInterface.h:20:57)

  18 | // TODO: Move permissionsForURI to EXFileSystemManagerInterface
  19 | - (EXFileSystemPermissionFlags)permissionsForURI:(NSURL *)uri;
> 20 | - (nonnull NSString *)generatePathInDirectory:(NSString *)directory withExtension:(NSString *)extension;
     |                                                         ^ pointer is missing a nullability type specifier [-Wnullability-completeness]
  21 | - (BOOL)ensureDirExistsWithPath:(NSString *)path;
  22 |
  23 | @end


⚠️  (node_modules/expo-modules-core/ios/Interfaces/FileSystem/EXFileSystemInterface.h:20:93)

  18 | // TODO: Move permissionsForURI to EXFileSystemManagerInterface
  19 | - (EXFileSystemPermissionFlags)permissionsForURI:(NSURL *)uri;
> 20 | - (nonnull NSString *)generatePathInDirectory:(NSString *)directory withExtension:(NSString *)extension;
     |                                                                                             ^ pointer is missing a nullability type specifier [-Wnullability-completeness]
  21 | - (BOOL)ensureDirExistsWithPath:(NSString *)path;
  22 |
  23 | @end


⚠️  (node_modules/expo-modules-core/ios/Interfaces/FileSystem/EXFileSystemInterface.h:21:43)

  19 | - (EXFileSystemPermissionFlags)permissionsForURI:(NSURL *)uri;
  20 | - (nonnull NSString *)generatePathInDirectory:(NSString *)directory withExtension:(NSString *)extension;
> 21 | - (BOOL)ensureDirExistsWithPath:(NSString *)path;
     |                                           ^ pointer is missing a nullability type specifier [-Wnullability-completeness]
  22 |
  23 | @end
  24 |


⚠️  (node_modules/expo-modules-core/ios/JSI/EXJSIInstaller.h:39:79)

  37 |  Installs the base class for shared objects, i.e. `global.expo.SharedObject`.
  38 |  */
> 39 | + (void)installSharedObjectClass:(nonnull EXRuntime *)runtime releaser:(void (^)(long))releaser;
     |                                                                               ^ block pointer is missing a nullability type specifier [-Wnullability-completeness]
  40 |
  41 | /**
  42 |  Installs the base class for shared refs, i.e. `global.expo.SharedRef`.

› Compiling expo-modules-core Pods/ExpoModulesCore » EXModuleRegistry.m

⚠️  (node_modules/expo-modules-core/ios/Legacy/NativeModulesProxy/EXNativeModulesProxy.h:13:4)

  11 | @interface EXModulesProxyConfig : NSObject
  12 |
> 13 | - (instancetype)initWithConstants:(nonnull NSDictionary *)constants
     |    ^ pointer is missing a nullability type specifier [-Wnullability-completeness]
  14 |                       methodNames:(nonnull NSDictionary *)methodNames
  15 |                      viewManagers:(nonnull NSDictionary *)viewManagerMetadata;
  16 |


⚠️  (node_modules/expo-modules-core/ios/Legacy/NativeModulesProxy/EXNativeModulesProxy.h:29:61)

  27 | @interface EXNativeModulesProxy : NSObject <RCTBridgeModule>
  28 |
> 29 | @property(nonatomic, strong, readonly) EXModulesProxyConfig *nativeModulesConfig;
     |                                                             ^ pointer is missing a nullability type specifier [-Wnullability-completeness]
  30 |
  31 | - (nonnull instancetype)init;
  32 | - (nonnull instancetype)initWithModuleRegistry:(nullable EXModuleRegistry *)moduleRegistry;


⚠️  (node_modules/expo-modules-core/ios/Legacy/NativeModulesProxy/EXNativeModulesProxy.h:35:30)

  33 | - (nonnull instancetype)initWithCustomModuleRegistry:(nonnull EXModuleRegistry *)moduleRegistry;
  34 |
> 35 | - (void)callMethod:(NSString *)moduleName methodNameOrKey:(id)methodNameOrKey arguments:(NSArray *)arguments resolver:(RCTPromiseResolveBlock)resolve rejecter:(RCTPromiseRejectBlock)reject;
     |                              ^ pointer is missing a nullability type specifier [-Wnullability-completeness]
  36 |
  37 | @end
  38 |


⚠️  (node_modules/expo-modules-core/ios/Legacy/NativeModulesProxy/EXNativeModulesProxy.h:35:60)

  33 | - (nonnull instancetype)initWithCustomModuleRegistry:(nonnull EXModuleRegistry *)moduleRegistry;
  34 |
> 35 | - (void)callMethod:(NSString *)moduleName methodNameOrKey:(id)methodNameOrKey arguments:(NSArray *)arguments resolver:(RCTPromiseResolveBlock)resolve rejecter:(RCTPromiseRejectBlock)reject;
     |                                                            ^ pointer is missing a nullability type specifier [-Wnullability-completeness]
  36 |
  37 | @end
  38 |


⚠️  (node_modules/expo-modules-core/ios/Legacy/NativeModulesProxy/EXNativeModulesProxy.h:35:98)

  33 | - (nonnull instancetype)initWithCustomModuleRegistry:(nonnull EXModuleRegistry *)moduleRegistry;
  34 |
> 35 | - (void)callMethod:(NSString *)moduleName methodNameOrKey:(id)methodNameOrKey arguments:(NSArray *)arguments resolver:(RCTPromiseResolveBlock)resolve rejecter:(RCTPromiseRejectBlock)reject;
     |                                                                                                  ^ pointer is missing a nullability type specifier [-Wnullability-completeness]
  36 |
  37 | @end
  38 |


⚠️  (node_modules/expo-modules-core/ios/Legacy/NativeModulesProxy/EXNativeModulesProxy.h:35:120)

  33 | - (nonnull instancetype)initWithCustomModuleRegistry:(nonnull EXModuleRegistry *)moduleRegistry;
  34 |
> 35 | - (void)callMethod:(NSString *)moduleName methodNameOrKey:(id)methodNameOrKey arguments:(NSArray *)arguments resolver:(RCTPromiseResolveBlock)resolve rejecter:(RCTPromiseRejectBlock)reject;
     |                                                                                                                        ^ block pointer is missing a nullability type specifier [-Wnullability-completeness]
  36 |
  37 | @end
  38 |


⚠️  (node_modules/expo-modules-core/ios/Legacy/NativeModulesProxy/EXNativeModulesProxy.h:35:161)

  33 | - (nonnull instancetype)initWithCustomModuleRegistry:(nonnull EXModuleRegistry *)moduleRegistry;
  34 |
> 35 | - (void)callMethod:(NSString *)moduleName methodNameOrKey:(id)methodNameOrKey arguments:(NSArray *)arguments resolver:(RCTPromiseResolveBlock)resolve rejecter:(RCTPromiseRejectBlock)reject;
     |                                                                                                                                                                 ^ block pointer is missing a nullability type specifier [-Wnullability-completeness]
  36 |
  37 | @end
  38 |


⚠️  (node_modules/expo-modules-core/ios/EXLegacyExpoViewProtocol.h:11:4)

   9 | @protocol EXLegacyExpoViewProtocol
  10 |
> 11 | - (instancetype)initWithModuleRegistry:(nullable EXModuleRegistry *)moduleRegistry;
     |    ^ pointer is missing a nullability type specifier [-Wnullability-completeness]
  12 |
  13 | @end
  14 |


⚠️  (node_modules/expo-modules-core/ios/Interfaces/FileSystem/EXFileSystemInterface.h:14:42)

  12 | @protocol EXFileSystemInterface
  13 |
> 14 | @property (nonatomic, readonly) NSString *documentDirectory;
     |                                          ^ pointer is missing a nullability type specifier [-Wnullability-completeness]
  15 | @property (nonatomic, readonly) NSString *cachesDirectory;
  16 | @property (nonatomic, readonly) NSString *applicationSupportDirectory;
  17 |


⚠️  (node_modules/expo-modules-core/ios/Interfaces/FileSystem/EXFileSystemInterface.h:20:57)

  18 | // TODO: Move permissionsForURI to EXFileSystemManagerInterface
  19 | - (EXFileSystemPermissionFlags)permissionsForURI:(NSURL *)uri;
> 20 | - (nonnull NSString *)generatePathInDirectory:(NSString *)directory withExtension:(NSString *)extension;
     |                                                         ^ pointer is missing a nullability type specifier [-Wnullability-completeness]
  21 | - (BOOL)ensureDirExistsWithPath:(NSString *)path;
  22 |
  23 | @end


⚠️  (node_modules/expo-modules-core/ios/Interfaces/FileSystem/EXFileSystemInterface.h:20:93)

  18 | // TODO: Move permissionsForURI to EXFileSystemManagerInterface
  19 | - (EXFileSystemPermissionFlags)permissionsForURI:(NSURL *)uri;
> 20 | - (nonnull NSString *)generatePathInDirectory:(NSString *)directory withExtension:(NSString *)extension;
     |                                                                                             ^ pointer is missing a nullability type specifier [-Wnullability-completeness]
  21 | - (BOOL)ensureDirExistsWithPath:(NSString *)path;
  22 |
  23 | @end


⚠️  (node_modules/expo-modules-core/ios/Interfaces/FileSystem/EXFileSystemInterface.h:21:43)

  19 | - (EXFileSystemPermissionFlags)permissionsForURI:(NSURL *)uri;
  20 | - (nonnull NSString *)generatePathInDirectory:(NSString *)directory withExtension:(NSString *)extension;
> 21 | - (BOOL)ensureDirExistsWithPath:(NSString *)path;
     |                                           ^ pointer is missing a nullability type specifier [-Wnullability-completeness]
  22 |
  23 | @end
  24 |


⚠️  (node_modules/expo-modules-core/ios/JSI/EXJSIInstaller.h:39:79)

  37 |  Installs the base class for shared objects, i.e. `global.expo.SharedObject`.
  38 |  */
> 39 | + (void)installSharedObjectClass:(nonnull EXRuntime *)runtime releaser:(void (^)(long))releaser;
     |                                                                               ^ block pointer is missing a nullability type specifier [-Wnullability-completeness]
  40 |
  41 | /**
  42 |  Installs the base class for shared refs, i.e. `global.expo.SharedRef`.

› Packaging expo-modules-core Pods/ExpoModulesCore » libExpoModulesCore.a
› Executing expo-modules-core Pods/ExpoModulesCore » Copy generated compatibility header
› Compiling expo-image-loader Pods/EXImageLoader » EXImageLoader-dummy.m
› Compiling expo-image-loader Pods/EXImageLoader » EXImageLoader.m
› Packaging expo-image-loader Pods/EXImageLoader » libEXImageLoader.a
› Preparing Pods/SDWebImage-SDWebImage » ResourceBundle-SDWebImage-SDWebImage-Info.plist

⚠️  (ios/Pods/Headers/Public/ExpoModulesCore/ExpoModulesCore/EXNativeModulesProxy.h:13:4)

  11 | @interface EXModulesProxyConfig : NSObject
  12 |
> 13 | - (instancetype)initWithConstants:(nonnull NSDictionary *)constants
     |    ^ pointer is missing a nullability type specifier 
  14 |                       methodNames:(nonnull NSDictionary *)methodNames
  15 |                      viewManagers:(nonnull NSDictionary *)viewManagerMetadata;
  16 |


⚠️  (node_modules/expo-image-manipulator/ios/ImageManipulatorUtils.swift:87:18)

  85 |     return PHAsset.fetchAssets(withLocalIdentifiers: [identifier], options: nil).firstObject
  86 |   }
> 87 |   return PHAsset.fetchAssets(withALAssetURLs: [url], options: nil).firstObject
     |                  ^ 'fetchAssets' was deprecated in iOS 11: Will be removed in a future release
  88 | }
  89 |
  90 | /**

› Compiling expo-image-manipulator Pods/ExpoImageManipulator » ExpoImageManipulator-dummy.m
› Packaging expo-image-manipulator Pods/ExpoImageManipulator » libExpoImageManipulator.a
› Executing expo-image-manipulator Pods/ExpoImageManipulator » Copy generated compatibility header
› Preparing Pods/ExpoMediaLibrary-ExpoMediaLibrary_privacy » ResourceBundle-ExpoMediaLibrary_privacy-ExpoMediaLibrary-Info.plist
› Preparing Pods/ExpoSystemUI-ExpoSystemUI_privacy » ResourceBundle-ExpoSystemUI_privacy-ExpoSystemUI-Info.plist
› Copying   ExpoMediaLibrary/ExpoMediaLibrary_privacy.bundle/PrivacyInfo.xcprivacy ➜ node_modules/expo-media-library/ios/PrivacyInfo.xcprivacy
› Compiling @react-native-async-storage/async-storage Pods/RNCAsyncStorage » RNCAsyncStorage.mm
› Compiling react-native Pods/React-RCTLinking » RCTLinkingManager.mm
› Compiling react-native-safe-area-context Pods/react-native-safe-area-context » RNCSafeAreaViewState.cpp
› Compiling formcam Pods/ReactAppDependencyProvider » RCTAppDependencyProvider.mm

⚠️  (node_modules/expo-web-browser/ios/WebAuthSession.swift:9:33)

   7 |   func presentationAnchor(for session: ASWebAuthenticationSession) -> ASPresentationAnchor {
   8 |     #if os(iOS)
>  9 |     return UIApplication.shared.keyWindow ?? ASPresentationAnchor()
     |                                 ^ 'keyWindow' was deprecated in iOS 13.0: Should not be used for applications that support multiple scenes as it returns a key window across all connected scenes
  10 |     #else
  11 |     return NSApp.mainWindow ?? ASPresentationAnchor()
  12 |     #endif


⚠️  (node_modules/expo-web-browser/ios/WebBrowserSession.swift:33:54)

  31 |
  32 |   func open() {
> 33 |     var currentViewController = UIApplication.shared.keyWindow?.rootViewController
     |                                                      ^ 'keyWindow' was deprecated in iOS 13.0: Should not be used for applications that support multiple scenes as it returns a key window across all connected scenes
  34 |     while currentViewController?.presentedViewController != nil {
  35 |       currentViewController = currentViewController?.presentedViewController
  36 |     }

› Compiling react-native Pods/React-RCTVibration » RCTVibration.mm
› Compiling react-native Pods/React-RCTSettings » RCTSettingsManager.mm
› Compiling react-native-vector-icons Pods/RNVectorIcons » RNVectorIconsManager.mm

⚠️  (node_modules/expo-media-library/ios/TestSupport.swift:4:7)

  2 | import Photos
  3 |
> 4 | class MockPHAsset: PHAsset {
    |       ^ class 'MockPHAsset' must restate inherited '@unchecked Sendable' conformance
  5 |   private var id: Int
  6 |
  7 |   init(id: Int) {


⚠️  (node_modules/expo-media-library/ios/TestSupport.swift:17:7)

  15 |
  16 | // we override exactly those methods that `getAssets()` uses, imitating Apple's implementation
> 17 | class MockFetchResult: PHFetchResult<PHAsset> {
     |       ^ class 'MockFetchResult' must restate inherited '@unchecked Sendable' conformance
  18 |   private var assets: [PHAsset]
  19 |
  20 |   init(assets: [PHAsset]) {

› Compiling react-native-screens Pods/RNScreens » RCTImageComponentView+RNSScreenStackHeaderConfig.mm
› Packaging formcam Pods/ReactAppDependencyProvider » libReactAppDependencyProvider.a
› Compiling react-native-reanimated Pods/RNReanimated » AnimatedSensorModule.cpp
› Compiling react-native-safe-area-context Pods/react-native-safe-area-context » RNCSafeAreaViewShadowNode.cpp

⚠️  (ios/Pods/Headers/Public/React-renderercss/react/renderer/css/CSSSyntaxParser.h:150:13)

  148 |    * https://www.w3.org/TR/css-syntax-3/#consume-component-value
  149 |    *
> 150 |    * @param <ReturnT> caller-specified return type of visitors. This type will
      |             ^ parameter '<ReturnT>' not found in the function declaration [-Wdocumentation]
  151 |    * be set to its default constructed state if consuming a component value with
  152 |    * no matching visitors, or syntax error
  153 |    * @param visitors A unique list of CSSComponentValueVisitor to be called on a

› Compiling react-native-safe-area-context Pods/react-native-safe-area-context » RNCSafeAreaViewComponentView.mm
› Compiling react-native-safe-area-context Pods/react-native-safe-area-context » RNCSafeAreaProviderComponentView.mm
› Compiling react-native-safe-area-context Pods/react-native-safe-area-context » RNCSafeAreaContext.mm
› Compiling react-native-safe-area-context Pods/react-native-safe-area-context » RNCOnInsetsChangeEvent.m
› Compiling @react-native-community/netinfo Pods/react-native-netinfo » RNCNetInfo.m

⚠️  (node_modules/@react-native-community/netinfo/ios/RNCNetInfo.m:153:33)

  151 | #else
  152 |   CTTelephonyNetworkInfo *netinfo = [[CTTelephonyNetworkInfo alloc] init];
> 153 |   CTCarrier *carrier = [netinfo subscriberCellularProvider];
      |                                 ^ 'subscriberCellularProvider' is deprecated: first deprecated in iOS 12.0 [-Wdeprecated-declarations]
  154 |   return carrier.carrierName;
  155 | #endif
  156 | }

› Compiling react-native Pods/React-RCTVibration » RCTVibrationPlugins.mm
› Compiling react-native Pods/React-RCTLinking » RCTLinkingPlugins.mm
› Compiling react-native-reanimated Pods/RNReanimated » WorkletsModuleProxySpec.cpp
› Compiling react-native-reanimated Pods/RNReanimated » WorkletsModuleProxy.cpp
› Compiling react-native Pods/React-RCTSettings » RCTSettingsPlugins.mm
› Packaging react-native-vector-icons Pods/RNVectorIcons » libRNVectorIcons.a
› Compiling react-native-screens Pods/RNScreens » UIWindow+RNScreens.mm
› Compiling react-native-screens Pods/RNScreens » UIViewController+RNScreens.mm
› Packaging react-native Pods/React-RCTVibration » libReact-RCTVibration.a
› Packaging react-native Pods/React-RCTLinking » libReact-RCTLinking.a
› Compiling react-native-screens Pods/RNScreens » UIView+RNSUtility.mm
› Compiling react-native-screens Pods/RNScreens » UINavigationBar+RNSUtility.mm
› Compiling react-native-screens Pods/RNScreens » RNScreensTurboModule.cpp
› Compiling react-native-screens Pods/RNScreens » RNSUIBarButtonItem.mm
› Compiling react-native-screens Pods/RNScreens » RNSSearchBar.mm
› Packaging react-native Pods/React-RCTSettings » libReact-RCTSettings.a
› Compiling react-native-screens Pods/RNScreens » RNSScreenWindowTraits.mm

⚠️  (node_modules/react-native-screens/ios/RNSScreenWindowTraits.mm:158:77)

  156 |         // `attemptRotationToDeviceOrientation` is deprecated for modern OS versions
  157 |         // so we need to use `setNeedsUpdateOfSupportedInterfaceOrientations`
> 158 |         UIViewController *topController = [UIApplication sharedApplication].keyWindow.rootViewController;
      |                                                                             ^ 'keyWindow' is deprecated: first deprecated in iOS 13.0 - Should not be used for applications that support multiple scenes as it returns a key window across all connected scenes [-Wdeprecated-declarations]
  159 |         while (topController.presentedViewController) {
  160 |           topController = topController.presentedViewController;
  161 |         }

› Compiling react-native-screens Pods/RNScreens » RNSScreenViewEvent.mm
› Compiling react-native-screens Pods/RNScreens » RNSScreenState.cpp
› Compiling react-native-screens Pods/RNScreens » RNSScreenStackHeaderSubviewState.cpp
› Compiling react-native-screens Pods/RNScreens » RNSScreenStackHeaderSubviewShadowNode.cpp
› Compiling react-native-screens Pods/RNScreens » RNSScreenStackHeaderSubview.mm
› Compiling react-native-screens Pods/RNScreens » RNSScreenStackHeaderConfigState.cpp
› Compiling react-native-screens Pods/RNScreens » RNSScreenStackHeaderConfigShadowNode.cpp
› Compiling react-native-screens Pods/RNScreens » RNSScreenStackHeaderConfig.mm

⚠️  (ios/Pods/Headers/Public/React-Fabric/react/renderer/mounting/ShadowViewMutation.h:47:7)

  45 |   /**
  46 |    * Creates and returns an `Insert` mutation.
> 47 |    * @deprecated Pass parentTag instead of parentShadowView.
     |       ^ declaration is marked with '@deprecated' command but does not have a deprecation attribute [-Wdocumentation-deprecated-sync]
  48 |    */
  49 |   static ShadowViewMutation InsertMutation(
  50 |       const ShadowView& parentShadowView,


⚠️  (ios/Pods/Headers/Public/React-Fabric/react/renderer/mounting/ShadowViewMutation.h:64:7)

  62 |   /**
  63 |    * Creates and returns a `Remove` mutation.
> 64 |    * @deprecated Pass parentTag instead of parentShadowView.
     |       ^ declaration is marked with '@deprecated' command but does not have a deprecation attribute [-Wdocumentation-deprecated-sync]
  65 |    */
  66 |   static ShadowViewMutation RemoveMutation(
  67 |       const ShadowView& parentShadowView,


⚠️  (ios/Pods/Headers/Public/React-Fabric/react/renderer/mounting/ShadowViewMutation.h:83:7)

  81 |   /**
  82 |    * Creates and returns an `Update` mutation.
> 83 |    * @deprecated Pass parentTag instead of parentShadowView.
     |       ^ declaration is marked with '@deprecated' command but does not have a deprecation attribute [-Wdocumentation-deprecated-sync]
  84 |    */
  85 |   static ShadowViewMutation UpdateMutation(
  86 |       ShadowView oldChildShadowView,

› Compiling react-native-screens Pods/RNScreens » RNSScreenStackAnimator.mm
› Compiling react-native-screens Pods/RNScreens » RNSScreenStack.mm

⚠️  (ios/Pods/Headers/Public/React-Fabric/react/renderer/mounting/ShadowViewMutation.h:47:7)

  45 |   /**
  46 |    * Creates and returns an `Insert` mutation.
> 47 |    * @deprecated Pass parentTag instead of parentShadowView.
     |       ^ declaration is marked with '@deprecated' command but does not have a deprecation attribute [-Wdocumentation-deprecated-sync]
  48 |    */
  49 |   static ShadowViewMutation InsertMutation(
  50 |       const ShadowView& parentShadowView,


⚠️  (ios/Pods/Headers/Public/React-Fabric/react/renderer/mounting/ShadowViewMutation.h:64:7)

  62 |   /**
  63 |    * Creates and returns a `Remove` mutation.
> 64 |    * @deprecated Pass parentTag instead of parentShadowView.
     |       ^ declaration is marked with '@deprecated' command but does not have a deprecation attribute [-Wdocumentation-deprecated-sync]
  65 |    */
  66 |   static ShadowViewMutation RemoveMutation(
  67 |       const ShadowView& parentShadowView,


⚠️  (ios/Pods/Headers/Public/React-Fabric/react/renderer/mounting/ShadowViewMutation.h:83:7)

  81 |   /**
  82 |    * Creates and returns an `Update` mutation.
> 83 |    * @deprecated Pass parentTag instead of parentShadowView.
     |       ^ declaration is marked with '@deprecated' command but does not have a deprecation attribute [-Wdocumentation-deprecated-sync]
  84 |    */
  85 |   static ShadowViewMutation UpdateMutation(
  86 |       ShadowView oldChildShadowView,

› Compiling react-native-screens Pods/RNScreens » RNSScreenShadowNode.cpp
› Compiling react-native-screens Pods/RNScreens » RNSScreenRemovalListener.cpp

⚠️  (ios/Pods/Headers/Public/React-Fabric/react/renderer/mounting/ShadowViewMutation.h:47:7)

  45 |   /**
  46 |    * Creates and returns an `Insert` mutation.
> 47 |    * @deprecated Pass parentTag instead of parentShadowView.
     |       ^ declaration is marked with '@deprecated' command but does not have a deprecation attribute [-Wdocumentation-deprecated-sync]
  48 |    */
  49 |   static ShadowViewMutation InsertMutation(
  50 |       const ShadowView& parentShadowView,


⚠️  (ios/Pods/Headers/Public/React-Fabric/react/renderer/mounting/ShadowViewMutation.h:64:7)

  62 |   /**
  63 |    * Creates and returns a `Remove` mutation.
> 64 |    * @deprecated Pass parentTag instead of parentShadowView.
     |       ^ declaration is marked with '@deprecated' command but does not have a deprecation attribute [-Wdocumentation-deprecated-sync]
  65 |    */
  66 |   static ShadowViewMutation RemoveMutation(
  67 |       const ShadowView& parentShadowView,


⚠️  (ios/Pods/Headers/Public/React-Fabric/react/renderer/mounting/ShadowViewMutation.h:83:7)

  81 |   /**
  82 |    * Creates and returns an `Update` mutation.
> 83 |    * @deprecated Pass parentTag instead of parentShadowView.
     |       ^ declaration is marked with '@deprecated' command but does not have a deprecation attribute [-Wdocumentation-deprecated-sync]
  84 |    */
  85 |   static ShadowViewMutation UpdateMutation(
  86 |       ShadowView oldChildShadowView,

› Compiling react-native-screens Pods/RNScreens » RNSScreenNavigationContainer.mm
› Compiling react-native-screens Pods/RNScreens » RNSScreenFooter.mm
› Compiling react-native-screens Pods/RNScreens » RNSScreenContentWrapper.mm

⚠️  (ios/Pods/Headers/Public/React-Fabric/react/renderer/mounting/ShadowViewMutation.h:47:7)

  45 |   /**
  46 |    * Creates and returns an `Insert` mutation.
> 47 |    * @deprecated Pass parentTag instead of parentShadowView.
     |       ^ declaration is marked with '@deprecated' command but does not have a deprecation attribute [-Wdocumentation-deprecated-sync]
  48 |    */
  49 |   static ShadowViewMutation InsertMutation(
  50 |       const ShadowView& parentShadowView,


⚠️  (ios/Pods/Headers/Public/React-Fabric/react/renderer/mounting/ShadowViewMutation.h:64:7)

  62 |   /**
  63 |    * Creates and returns a `Remove` mutation.
> 64 |    * @deprecated Pass parentTag instead of parentShadowView.
     |       ^ declaration is marked with '@deprecated' command but does not have a deprecation attribute [-Wdocumentation-deprecated-sync]
  65 |    */
  66 |   static ShadowViewMutation RemoveMutation(
  67 |       const ShadowView& parentShadowView,


⚠️  (ios/Pods/Headers/Public/React-Fabric/react/renderer/mounting/ShadowViewMutation.h:83:7)

  81 |   /**
  82 |    * Creates and returns an `Update` mutation.
> 83 |    * @deprecated Pass parentTag instead of parentShadowView.
     |       ^ declaration is marked with '@deprecated' command but does not have a deprecation attribute [-Wdocumentation-deprecated-sync]
  84 |    */
  85 |   static ShadowViewMutation UpdateMutation(
  86 |       ShadowView oldChildShadowView,

› Compiling react-native-screens Pods/RNScreens » RNSScreenContainer.mm
› Compiling react-native-screens Pods/RNScreens » RNSScreen.mm

⚠️  (ios/Pods/Headers/Public/React-Fabric/react/renderer/mounting/ShadowViewMutation.h:47:7)

  45 |   /**
  46 |    * Creates and returns an `Insert` mutation.
> 47 |    * @deprecated Pass parentTag instead of parentShadowView.
     |       ^ declaration is marked with '@deprecated' command but does not have a deprecation attribute [-Wdocumentation-deprecated-sync]
  48 |    */
  49 |   static ShadowViewMutation InsertMutation(
  50 |       const ShadowView& parentShadowView,


⚠️  (ios/Pods/Headers/Public/React-Fabric/react/renderer/mounting/ShadowViewMutation.h:64:7)

  62 |   /**
  63 |    * Creates and returns a `Remove` mutation.
> 64 |    * @deprecated Pass parentTag instead of parentShadowView.
     |       ^ declaration is marked with '@deprecated' command but does not have a deprecation attribute [-Wdocumentation-deprecated-sync]
  65 |    */
  66 |   static ShadowViewMutation RemoveMutation(
  67 |       const ShadowView& parentShadowView,


⚠️  (ios/Pods/Headers/Public/React-Fabric/react/renderer/mounting/ShadowViewMutation.h:83:7)

  81 |   /**
  82 |    * Creates and returns an `Update` mutation.
> 83 |    * @deprecated Pass parentTag instead of parentShadowView.
     |       ^ declaration is marked with '@deprecated' command but does not have a deprecation attribute [-Wdocumentation-deprecated-sync]
  84 |    */
  85 |   static ShadowViewMutation UpdateMutation(
  86 |       ShadowView oldChildShadowView,


⚠️  (node_modules/react-native-screens/ios/RNSScreen.mm:1577:69)

  1575 | {
  1576 | #if !TARGET_OS_TV && !TARGET_OS_VISION
> 1577 |   CGSize fallbackStatusBarSize = [[UIApplication sharedApplication] statusBarFrame].size;
       |                                                                     ^ 'statusBarFrame' is deprecated: first deprecated in iOS 13.0 - Use the statusBarManager property of the window scene instead. [-Wdeprecated-declarations]
  1578 |
  1579 |   CGSize primaryStatusBarSize = self.view.window.windowScene.statusBarManager.statusBarFrame.size;
  1580 |   if (primaryStatusBarSize.height == 0 || primaryStatusBarSize.width == 0) {

› Compiling react-native-screens Pods/RNScreens » RNSPercentDrivenInteractiveTransition.mm
› Compiling react-native-screens Pods/RNScreens » RNSModule.mm
› Compiling react-native-screens Pods/RNScreens » RNSModalScreenShadowNode.cpp
› Compiling react-native-screens Pods/RNScreens » RNSModalScreen.mm
› Compiling react-native-screens Pods/RNScreens » RNSHeaderHeightChangeEvent.mm
› Compiling react-native-screens Pods/RNScreens » RNSFullWindowOverlayShadowNode.cpp
› Compiling react-native-screens Pods/RNScreens » RNSFullWindowOverlay.mm
› Compiling react-native-screens Pods/RNScreens » RNSConvert.mm
› Compiling react-native-screens Pods/RNScreens » RCTTouchHandler+RNSUtility.mm
› Compiling react-native-screens Pods/RNScreens » RCTSurfaceTouchHandler+RNSUtility.mm
› Compiling react-native-reanimated Pods/RNReanimated » WorkletsModule.mm
› Compiling react-native-reanimated Pods/RNReanimated » WorkletsMessageThread.mm
› Compiling react-native-reanimated Pods/RNReanimated » WorkletRuntimeRegistry.cpp
› Compiling react-native-reanimated Pods/RNReanimated » WorkletRuntimeDecorator.cpp
› Compiling react-native-reanimated Pods/RNReanimated » WorkletRuntime.cpp
› Compiling react-native-reanimated Pods/RNReanimated » WorkletEventHandler.cpp
› Compiling react-native-reanimated Pods/RNReanimated » UIScheduler.cpp
› Compiling react-native-reanimated Pods/RNReanimated » UIRuntimeDecorator.cpp
› Compiling react-native-reanimated Pods/RNReanimated » Shareables.cpp
› Compiling react-native-reanimated Pods/RNReanimated » ShadowTreeCloner.cpp
› Compiling react-native-reanimated Pods/RNReanimated » ReanimatedVersion.cpp
› Compiling react-native-reanimated Pods/RNReanimated » ReanimatedRuntime.cpp
› Compiling react-native-reanimated Pods/RNReanimated » ReanimatedMountHook.cpp
› Compiling react-native-reanimated Pods/RNReanimated » ReanimatedModuleProxySpec.cpp
› Compiling react-native-reanimated Pods/RNReanimated » ReanimatedModuleProxy.cpp
› Compiling react-native-reanimated Pods/RNReanimated » ReanimatedJSIUtils.cpp
› Compiling react-native-reanimated Pods/RNReanimated » ReanimatedHermesRuntime.cpp
› Packaging react-native-screens Pods/RNScreens » libRNScreens.a
› Compiling react-native-reanimated Pods/RNReanimated » ReanimatedCommitHook.cpp
› Compiling react-native-reanimated Pods/RNReanimated » RNRuntimeWorkletDecorator.cpp
› Compiling react-native-reanimated Pods/RNReanimated » RNRuntimeDecorator.cpp
› Compiling react-native-reanimated Pods/RNReanimated » REASwizzledUIManager.mm

⚠️  (ios/Pods/Headers/Private/RNReanimated/reanimated/apple/REANodesManager.h:12:55)

  10 | @class REAModule;
  11 |
> 12 | typedef void (^REAOnAnimationCallback)(READisplayLink *displayLink);
     |                                                       ^ pointer is missing a nullability type specifier [-Wnullability-completeness]
  13 | typedef void (^REANativeAnimationOp)(RCTUIManager *uiManager);
  14 | typedef void (^REAEventHandler)(id<RCTEvent> event);
  15 | typedef void (^CADisplayLinkOperation)(READisplayLink *displayLink);


⚠️  (ios/Pods/Headers/Private/RNReanimated/reanimated/apple/REANodesManager.h:31:51)

  29 |
  30 | #ifdef RCT_NEW_ARCH_ENABLED
> 31 | - (nonnull instancetype)initWithModule:(REAModule *)reanimatedModule
     |                                                   ^ pointer is missing a nullability type specifier [-Wnullability-completeness]
  32 |                                 bridge:(RCTBridge *)bridge
  33 |                       surfacePresenter:(id<RCTSurfacePresenterStub>)surfacePresenter;
  34 | #else


⚠️  (ios/Pods/Headers/Private/RNReanimated/reanimated/apple/REANodesManager.h:32:51)

  30 | #ifdef RCT_NEW_ARCH_ENABLED
  31 | - (nonnull instancetype)initWithModule:(REAModule *)reanimatedModule
> 32 |                                 bridge:(RCTBridge *)bridge
     |                                                   ^ pointer is missing a nullability type specifier [-Wnullability-completeness]
  33 |                       surfacePresenter:(id<RCTSurfacePresenterStub>)surfacePresenter;
  34 | #else
  35 | - (instancetype)initWithModule:(REAModule *)reanimatedModule uiManager:(RCTUIManager *)uiManager;


⚠️  (ios/Pods/Headers/Private/RNReanimated/reanimated/apple/REANodesManager.h:33:41)

  31 | - (nonnull instancetype)initWithModule:(REAModule *)reanimatedModule
  32 |                                 bridge:(RCTBridge *)bridge
> 33 |                       surfacePresenter:(id<RCTSurfacePresenterStub>)surfacePresenter;
     |                                         ^ pointer is missing a nullability type specifier [-Wnullability-completeness]
  34 | #else
  35 | - (instancetype)initWithModule:(REAModule *)reanimatedModule uiManager:(RCTUIManager *)uiManager;
  36 | #endif // RCT_NEW_ARCH_ENABLED


⚠️  (ios/Pods/Headers/Private/RNReanimated/reanimated/apple/REANodesManager.h:40:26)

  38 | - (void)operationsBatchDidComplete;
  39 |
> 40 | - (void)postOnAnimation:(REAOnAnimationCallback)clb;
     |                          ^ block pointer is missing a nullability type specifier [-Wnullability-completeness]
  41 | - (void)registerEventHandler:(REAEventHandler)eventHandler;
  42 | - (void)dispatchEvent:(id<RCTEvent>)event;
  43 |


⚠️  (ios/Pods/Headers/Private/RNReanimated/reanimated/apple/REANodesManager.h:41:31)

  39 |
  40 | - (void)postOnAnimation:(REAOnAnimationCallback)clb;
> 41 | - (void)registerEventHandler:(REAEventHandler)eventHandler;
     |                               ^ block pointer is missing a nullability type specifier [-Wnullability-completeness]
  42 | - (void)dispatchEvent:(id<RCTEvent>)event;
  43 |
  44 | #ifdef RCT_NEW_ARCH_ENABLED


⚠️  (ios/Pods/Headers/Private/RNReanimated/reanimated/apple/REANodesManager.h:42:24)

  40 | - (void)postOnAnimation:(REAOnAnimationCallback)clb;
  41 | - (void)registerEventHandler:(REAEventHandler)eventHandler;
> 42 | - (void)dispatchEvent:(id<RCTEvent>)event;
     |                        ^ pointer is missing a nullability type specifier [-Wnullability-completeness]
  43 |
  44 | #ifdef RCT_NEW_ARCH_ENABLED
  45 | - (void)registerPerformOperations:(REAPerformOperations)performOperations;


⚠️  (ios/Pods/Headers/Private/RNReanimated/reanimated/apple/REANodesManager.h:45:36)

  43 |
  44 | #ifdef RCT_NEW_ARCH_ENABLED
> 45 | - (void)registerPerformOperations:(REAPerformOperations)performOperations;
     |                                    ^ block pointer is missing a nullability type specifier [-Wnullability-completeness]
  46 | #else
  47 | - (void)configureUiProps:(nonnull NSSet<NSString *> *)uiPropsSet
  48 |           andNativeProps:(nonnull NSSet<NSString *> *)nativePropsSet;


⚠️  (node_modules/react-native-reanimated/apple/reanimated/apple/LayoutReanimation/REASwizzledUIManager.mm:19:17)

  17 | @end
  18 |
> 19 | @implementation RCTUIManager (Reanimated)
     |                 ^ method definition for '_childrenToRemoveFromContainer:atIndices:' not found [-Wincomplete-implementation]
  20 | @dynamic animationsManager;
  21 | - (void)setAnimationsManager:(REAAnimationsManager *)animationsManager
  22 | {


⚠️  (node_modules/react-native-reanimated/apple/reanimated/apple/LayoutReanimation/REASwizzledUIManager.mm:48:44)

  46 |       return hasPendingBlocks || isFlushingBlocks > 0;
  47 |     });
> 48 |     class_addMethod([RCTUIManager class], @selector(isExecutingUpdatesBatch), isExecutingUpdatesBatchImpl, "");
     |                                            ^ undeclared selector 'isExecutingUpdatesBatch' [-Wundeclared-selector]
  49 |   }
  50 |   return self;
  51 | }


⚠️  (node_modules/react-native-reanimated/apple/reanimated/apple/LayoutReanimation/REASwizzledUIManager.mm:57:30)

  55 |   static dispatch_once_t onceToken;
  56 |   dispatch_once(&onceToken, ^{
> 57 |     [REAUtils swizzleMethod:@selector(uiBlockWithLayoutUpdateForRootView:)
     |                              ^ undeclared selector 'uiBlockWithLayoutUpdateForRootView:' [-Wundeclared-selector]
  58 |                    forClass:[RCTUIManager class]
  59 |                        with:@selector(reanimated_uiBlockWithLayoutUpdateForRootView:)
  60 |                   fromClass:[self class]];


⚠️  (node_modules/react-native-reanimated/apple/reanimated/apple/LayoutReanimation/REASwizzledUIManager.mm:61:35)

  59 |                        with:@selector(reanimated_uiBlockWithLayoutUpdateForRootView:)
  60 |                   fromClass:[self class]];
> 61 |     SEL manageChildrenOriginal = @selector
     |                                   ^ undeclared selector '_manageChildren:moveFromIndices:moveToIndices:addChildReactTags:addAtIndices:removeAtIndices:registry:' [-Wundeclared-selector]
  62 |         (_manageChildren:moveFromIndices:moveToIndices:addChildReactTags:addAtIndices:removeAtIndices:registry:);
  63 |     SEL manageChildrenReanimated =
  64 |         @selector(reanimated_manageChildren:


⚠️  (node_modules/react-native-reanimated/apple/reanimated/apple/LayoutReanimation/REASwizzledUIManager.mm:78:30)

  76 |                        with:@selector(reanimated_prependUIBlock:)
  77 |                   fromClass:[self class]];
> 78 |     [REAUtils swizzleMethod:@selector(flushUIBlocksWithCompletion:)
     |                              ^ undeclared selector 'flushUIBlocksWithCompletion:' [-Wundeclared-selector]
  79 |                    forClass:[RCTUIManager class]
  80 |                        with:@selector(reanimated_flushUIBlocksWithCompletion:)
  81 |                   fromClass:[self class]];

› Compiling react-native-reanimated Pods/RNReanimated » REASlowAnimations.mm
› Compiling react-native-reanimated Pods/RNReanimated » REANodesManager.mm

⚠️  (ios/Pods/Headers/Private/RNReanimated/reanimated/apple/REANodesManager.h:12:55)

  10 | @class REAModule;
  11 |
> 12 | typedef void (^REAOnAnimationCallback)(READisplayLink *displayLink);
     |                                                       ^ pointer is missing a nullability type specifier [-Wnullability-completeness]
  13 | typedef void (^REANativeAnimationOp)(RCTUIManager *uiManager);
  14 | typedef void (^REAEventHandler)(id<RCTEvent> event);
  15 | typedef void (^CADisplayLinkOperation)(READisplayLink *displayLink);


⚠️  (ios/Pods/Headers/Private/RNReanimated/reanimated/apple/REANodesManager.h:31:51)

  29 |
  30 | #ifdef RCT_NEW_ARCH_ENABLED
> 31 | - (nonnull instancetype)initWithModule:(REAModule *)reanimatedModule
     |                                                   ^ pointer is missing a nullability type specifier [-Wnullability-completeness]
  32 |                                 bridge:(RCTBridge *)bridge
  33 |                       surfacePresenter:(id<RCTSurfacePresenterStub>)surfacePresenter;
  34 | #else


⚠️  (ios/Pods/Headers/Private/RNReanimated/reanimated/apple/REANodesManager.h:32:51)

  30 | #ifdef RCT_NEW_ARCH_ENABLED
  31 | - (nonnull instancetype)initWithModule:(REAModule *)reanimatedModule
> 32 |                                 bridge:(RCTBridge *)bridge
     |                                                   ^ pointer is missing a nullability type specifier [-Wnullability-completeness]
  33 |                       surfacePresenter:(id<RCTSurfacePresenterStub>)surfacePresenter;
  34 | #else
  35 | - (instancetype)initWithModule:(REAModule *)reanimatedModule uiManager:(RCTUIManager *)uiManager;


⚠️  (ios/Pods/Headers/Private/RNReanimated/reanimated/apple/REANodesManager.h:33:41)

  31 | - (nonnull instancetype)initWithModule:(REAModule *)reanimatedModule
  32 |                                 bridge:(RCTBridge *)bridge
> 33 |                       surfacePresenter:(id<RCTSurfacePresenterStub>)surfacePresenter;
     |                                         ^ pointer is missing a nullability type specifier [-Wnullability-completeness]
  34 | #else
  35 | - (instancetype)initWithModule:(REAModule *)reanimatedModule uiManager:(RCTUIManager *)uiManager;
  36 | #endif // RCT_NEW_ARCH_ENABLED


⚠️  (ios/Pods/Headers/Private/RNReanimated/reanimated/apple/REANodesManager.h:40:26)

  38 | - (void)operationsBatchDidComplete;
  39 |
> 40 | - (void)postOnAnimation:(REAOnAnimationCallback)clb;
     |                          ^ block pointer is missing a nullability type specifier [-Wnullability-completeness]
  41 | - (void)registerEventHandler:(REAEventHandler)eventHandler;
  42 | - (void)dispatchEvent:(id<RCTEvent>)event;
  43 |


⚠️  (ios/Pods/Headers/Private/RNReanimated/reanimated/apple/REANodesManager.h:41:31)

  39 |
  40 | - (void)postOnAnimation:(REAOnAnimationCallback)clb;
> 41 | - (void)registerEventHandler:(REAEventHandler)eventHandler;
     |                               ^ block pointer is missing a nullability type specifier [-Wnullability-completeness]
  42 | - (void)dispatchEvent:(id<RCTEvent>)event;
  43 |
  44 | #ifdef RCT_NEW_ARCH_ENABLED


⚠️  (ios/Pods/Headers/Private/RNReanimated/reanimated/apple/REANodesManager.h:42:24)

  40 | - (void)postOnAnimation:(REAOnAnimationCallback)clb;
  41 | - (void)registerEventHandler:(REAEventHandler)eventHandler;
> 42 | - (void)dispatchEvent:(id<RCTEvent>)event;
     |                        ^ pointer is missing a nullability type specifier [-Wnullability-completeness]
  43 |
  44 | #ifdef RCT_NEW_ARCH_ENABLED
  45 | - (void)registerPerformOperations:(REAPerformOperations)performOperations;


⚠️  (ios/Pods/Headers/Private/RNReanimated/reanimated/apple/REANodesManager.h:45:36)

  43 |
  44 | #ifdef RCT_NEW_ARCH_ENABLED
> 45 | - (void)registerPerformOperations:(REAPerformOperations)performOperations;
     |                                    ^ block pointer is missing a nullability type specifier [-Wnullability-completeness]
  46 | #else
  47 | - (void)configureUiProps:(nonnull NSSet<NSString *> *)uiPropsSet
  48 |           andNativeProps:(nonnull NSSet<NSString *> *)nativePropsSet;

› Compiling react-native-reanimated Pods/RNReanimated » REAModule.mm

⚠️  (ios/Pods/Headers/Private/RNReanimated/reanimated/apple/REANodesManager.h:12:55)

  10 | @class REAModule;
  11 |
> 12 | typedef void (^REAOnAnimationCallback)(READisplayLink *displayLink);
     |                                                       ^ pointer is missing a nullability type specifier [-Wnullability-completeness]
  13 | typedef void (^REANativeAnimationOp)(RCTUIManager *uiManager);
  14 | typedef void (^REAEventHandler)(id<RCTEvent> event);
  15 | typedef void (^CADisplayLinkOperation)(READisplayLink *displayLink);


⚠️  (ios/Pods/Headers/Private/RNReanimated/reanimated/apple/REANodesManager.h:31:51)

  29 |
  30 | #ifdef RCT_NEW_ARCH_ENABLED
> 31 | - (nonnull instancetype)initWithModule:(REAModule *)reanimatedModule
     |                                                   ^ pointer is missing a nullability type specifier [-Wnullability-completeness]
  32 |                                 bridge:(RCTBridge *)bridge
  33 |                       surfacePresenter:(id<RCTSurfacePresenterStub>)surfacePresenter;
  34 | #else


⚠️  (ios/Pods/Headers/Private/RNReanimated/reanimated/apple/REANodesManager.h:32:51)

  30 | #ifdef RCT_NEW_ARCH_ENABLED
  31 | - (nonnull instancetype)initWithModule:(REAModule *)reanimatedModule
> 32 |                                 bridge:(RCTBridge *)bridge
     |                                                   ^ pointer is missing a nullability type specifier [-Wnullability-completeness]
  33 |                       surfacePresenter:(id<RCTSurfacePresenterStub>)surfacePresenter;
  34 | #else
  35 | - (instancetype)initWithModule:(REAModule *)reanimatedModule uiManager:(RCTUIManager *)uiManager;


⚠️  (ios/Pods/Headers/Private/RNReanimated/reanimated/apple/REANodesManager.h:33:41)

  31 | - (nonnull instancetype)initWithModule:(REAModule *)reanimatedModule
  32 |                                 bridge:(RCTBridge *)bridge
> 33 |                       surfacePresenter:(id<RCTSurfacePresenterStub>)surfacePresenter;
     |                                         ^ pointer is missing a nullability type specifier [-Wnullability-completeness]
  34 | #else
  35 | - (instancetype)initWithModule:(REAModule *)reanimatedModule uiManager:(RCTUIManager *)uiManager;
  36 | #endif // RCT_NEW_ARCH_ENABLED


⚠️  (ios/Pods/Headers/Private/RNReanimated/reanimated/apple/REANodesManager.h:40:26)

  38 | - (void)operationsBatchDidComplete;
  39 |
> 40 | - (void)postOnAnimation:(REAOnAnimationCallback)clb;
     |                          ^ block pointer is missing a nullability type specifier [-Wnullability-completeness]
  41 | - (void)registerEventHandler:(REAEventHandler)eventHandler;
  42 | - (void)dispatchEvent:(id<RCTEvent>)event;
  43 |


⚠️  (ios/Pods/Headers/Private/RNReanimated/reanimated/apple/REANodesManager.h:41:31)

  39 |
  40 | - (void)postOnAnimation:(REAOnAnimationCallback)clb;
> 41 | - (void)registerEventHandler:(REAEventHandler)eventHandler;
     |                               ^ block pointer is missing a nullability type specifier [-Wnullability-completeness]
  42 | - (void)dispatchEvent:(id<RCTEvent>)event;
  43 |
  44 | #ifdef RCT_NEW_ARCH_ENABLED


⚠️  (ios/Pods/Headers/Private/RNReanimated/reanimated/apple/REANodesManager.h:42:24)

  40 | - (void)postOnAnimation:(REAOnAnimationCallback)clb;
  41 | - (void)registerEventHandler:(REAEventHandler)eventHandler;
> 42 | - (void)dispatchEvent:(id<RCTEvent>)event;
     |                        ^ pointer is missing a nullability type specifier [-Wnullability-completeness]
  43 |
  44 | #ifdef RCT_NEW_ARCH_ENABLED
  45 | - (void)registerPerformOperations:(REAPerformOperations)performOperations;


⚠️  (ios/Pods/Headers/Private/RNReanimated/reanimated/apple/REANodesManager.h:45:36)

  43 |
  44 | #ifdef RCT_NEW_ARCH_ENABLED
> 45 | - (void)registerPerformOperations:(REAPerformOperations)performOperations;
     |                                    ^ block pointer is missing a nullability type specifier [-Wnullability-completeness]
  46 | #else
  47 | - (void)configureUiProps:(nonnull NSSet<NSString *> *)uiPropsSet
  48 |           andNativeProps:(nonnull NSSet<NSString *> *)nativePropsSet;

› Compiling react-native-reanimated Pods/RNReanimated » REAKeyboardEventObserver.mm

⚠️  (node_modules/react-native-reanimated/apple/reanimated/apple/keyboardObserver/REAKeyboardEventObserver.mm:415:68)

  413 |     return _keyboardView;
  414 |   }
> 415 |   NSArray<UIWindow *> *windows = [UIApplication sharedApplication].windows;
      |                                                                    ^ 'windows' is deprecated: first deprecated in iOS 15.0 - Use UIWindowScene.windows on a relevant window scene instead [-Wdeprecated-declarations]
  416 |   auto window = [self findClass:@"UITextEffectsWindow" inViewsList:windows];
  417 |   auto keyboardContainer = [self findClass:@"UIInputSetContainerView" inViewsList:window.subviews];
  418 |   _keyboardView = [self findClass:@"UIInputSetHostView" inViewsList:keyboardContainer.subviews];

› Compiling react-native-reanimated Pods/RNReanimated » PropsRegistry.cpp
› Compiling react-native-reanimated Pods/RNReanimated » PlatformLogger.mm
› Compiling react-native-reanimated Pods/RNReanimated » PlatformDepMethodsHolderImpl.mm

⚠️  (ios/Pods/Headers/Private/RNReanimated/reanimated/apple/REANodesManager.h:12:55)

  10 | @class REAModule;
  11 |
> 12 | typedef void (^REAOnAnimationCallback)(READisplayLink *displayLink);
     |                                                       ^ pointer is missing a nullability type specifier [-Wnullability-completeness]
  13 | typedef void (^REANativeAnimationOp)(RCTUIManager *uiManager);
  14 | typedef void (^REAEventHandler)(id<RCTEvent> event);
  15 | typedef void (^CADisplayLinkOperation)(READisplayLink *displayLink);


⚠️  (ios/Pods/Headers/Private/RNReanimated/reanimated/apple/REANodesManager.h:31:51)

  29 |
  30 | #ifdef RCT_NEW_ARCH_ENABLED
> 31 | - (nonnull instancetype)initWithModule:(REAModule *)reanimatedModule
     |                                                   ^ pointer is missing a nullability type specifier [-Wnullability-completeness]
  32 |                                 bridge:(RCTBridge *)bridge
  33 |                       surfacePresenter:(id<RCTSurfacePresenterStub>)surfacePresenter;
  34 | #else


⚠️  (ios/Pods/Headers/Private/RNReanimated/reanimated/apple/REANodesManager.h:32:51)

  30 | #ifdef RCT_NEW_ARCH_ENABLED
  31 | - (nonnull instancetype)initWithModule:(REAModule *)reanimatedModule
> 32 |                                 bridge:(RCTBridge *)bridge
     |                                                   ^ pointer is missing a nullability type specifier [-Wnullability-completeness]
  33 |                       surfacePresenter:(id<RCTSurfacePresenterStub>)surfacePresenter;
  34 | #else
  35 | - (instancetype)initWithModule:(REAModule *)reanimatedModule uiManager:(RCTUIManager *)uiManager;


⚠️  (ios/Pods/Headers/Private/RNReanimated/reanimated/apple/REANodesManager.h:33:41)

  31 | - (nonnull instancetype)initWithModule:(REAModule *)reanimatedModule
  32 |                                 bridge:(RCTBridge *)bridge
> 33 |                       surfacePresenter:(id<RCTSurfacePresenterStub>)surfacePresenter;
     |                                         ^ pointer is missing a nullability type specifier [-Wnullability-completeness]
  34 | #else
  35 | - (instancetype)initWithModule:(REAModule *)reanimatedModule uiManager:(RCTUIManager *)uiManager;
  36 | #endif // RCT_NEW_ARCH_ENABLED


⚠️  (ios/Pods/Headers/Private/RNReanimated/reanimated/apple/REANodesManager.h:40:26)

  38 | - (void)operationsBatchDidComplete;
  39 |
> 40 | - (void)postOnAnimation:(REAOnAnimationCallback)clb;
     |                          ^ block pointer is missing a nullability type specifier [-Wnullability-completeness]
  41 | - (void)registerEventHandler:(REAEventHandler)eventHandler;
  42 | - (void)dispatchEvent:(id<RCTEvent>)event;
  43 |


⚠️  (ios/Pods/Headers/Private/RNReanimated/reanimated/apple/REANodesManager.h:41:31)

  39 |
  40 | - (void)postOnAnimation:(REAOnAnimationCallback)clb;
> 41 | - (void)registerEventHandler:(REAEventHandler)eventHandler;
     |                               ^ block pointer is missing a nullability type specifier [-Wnullability-completeness]
  42 | - (void)dispatchEvent:(id<RCTEvent>)event;
  43 |
  44 | #ifdef RCT_NEW_ARCH_ENABLED


⚠️  (ios/Pods/Headers/Private/RNReanimated/reanimated/apple/REANodesManager.h:42:24)

  40 | - (void)postOnAnimation:(REAOnAnimationCallback)clb;
  41 | - (void)registerEventHandler:(REAEventHandler)eventHandler;
> 42 | - (void)dispatchEvent:(id<RCTEvent>)event;
     |                        ^ pointer is missing a nullability type specifier [-Wnullability-completeness]
  43 |
  44 | #ifdef RCT_NEW_ARCH_ENABLED
  45 | - (void)registerPerformOperations:(REAPerformOperations)performOperations;


⚠️  (ios/Pods/Headers/Private/RNReanimated/reanimated/apple/REANodesManager.h:45:36)

  43 |
  44 | #ifdef RCT_NEW_ARCH_ENABLED
> 45 | - (void)registerPerformOperations:(REAPerformOperations)performOperations;
     |                                    ^ block pointer is missing a nullability type specifier [-Wnullability-completeness]
  46 | #else
  47 | - (void)configureUiProps:(nonnull NSSet<NSString *> *)uiPropsSet
  48 |           andNativeProps:(nonnull NSSet<NSString *> *)nativePropsSet;


⚠️  (node_modules/react-native-reanimated/apple/reanimated/apple/native/PlatformDepMethodsHolderImpl.mm:48:15)

  46 | using namespace react;
  47 |
> 48 | static NSSet *convertProps(jsi::Runtime &rt, const jsi::Value &props)
     |               ^ unused function 'convertProps' [-Wunused-function]
  49 | {
  50 |   NSMutableSet *propsSet = [[NSMutableSet alloc] init];
  51 |   jsi::Array propsNames = props.asObject(rt).asArray(rt);

› Compiling react-native-reanimated Pods/RNReanimated » NativeProxy.mm

⚠️  (ios/Pods/Headers/Private/RNReanimated/reanimated/apple/REANodesManager.h:12:55)

  10 | @class REAModule;
  11 |
> 12 | typedef void (^REAOnAnimationCallback)(READisplayLink *displayLink);
     |                                                       ^ pointer is missing a nullability type specifier [-Wnullability-completeness]
  13 | typedef void (^REANativeAnimationOp)(RCTUIManager *uiManager);
  14 | typedef void (^REAEventHandler)(id<RCTEvent> event);
  15 | typedef void (^CADisplayLinkOperation)(READisplayLink *displayLink);


⚠️  (ios/Pods/Headers/Private/RNReanimated/reanimated/apple/REANodesManager.h:31:51)

  29 |
  30 | #ifdef RCT_NEW_ARCH_ENABLED
> 31 | - (nonnull instancetype)initWithModule:(REAModule *)reanimatedModule
     |                                                   ^ pointer is missing a nullability type specifier [-Wnullability-completeness]
  32 |                                 bridge:(RCTBridge *)bridge
  33 |                       surfacePresenter:(id<RCTSurfacePresenterStub>)surfacePresenter;
  34 | #else


⚠️  (ios/Pods/Headers/Private/RNReanimated/reanimated/apple/REANodesManager.h:32:51)

  30 | #ifdef RCT_NEW_ARCH_ENABLED
  31 | - (nonnull instancetype)initWithModule:(REAModule *)reanimatedModule
> 32 |                                 bridge:(RCTBridge *)bridge
     |                                                   ^ pointer is missing a nullability type specifier [-Wnullability-completeness]
  33 |                       surfacePresenter:(id<RCTSurfacePresenterStub>)surfacePresenter;
  34 | #else
  35 | - (instancetype)initWithModule:(REAModule *)reanimatedModule uiManager:(RCTUIManager *)uiManager;


⚠️  (ios/Pods/Headers/Private/RNReanimated/reanimated/apple/REANodesManager.h:33:41)

  31 | - (nonnull instancetype)initWithModule:(REAModule *)reanimatedModule
  32 |                                 bridge:(RCTBridge *)bridge
> 33 |                       surfacePresenter:(id<RCTSurfacePresenterStub>)surfacePresenter;
     |                                         ^ pointer is missing a nullability type specifier [-Wnullability-completeness]
  34 | #else
  35 | - (instancetype)initWithModule:(REAModule *)reanimatedModule uiManager:(RCTUIManager *)uiManager;
  36 | #endif // RCT_NEW_ARCH_ENABLED


⚠️  (ios/Pods/Headers/Private/RNReanimated/reanimated/apple/REANodesManager.h:40:26)

  38 | - (void)operationsBatchDidComplete;
  39 |
> 40 | - (void)postOnAnimation:(REAOnAnimationCallback)clb;
     |                          ^ block pointer is missing a nullability type specifier [-Wnullability-completeness]
  41 | - (void)registerEventHandler:(REAEventHandler)eventHandler;
  42 | - (void)dispatchEvent:(id<RCTEvent>)event;
  43 |


⚠️  (ios/Pods/Headers/Private/RNReanimated/reanimated/apple/REANodesManager.h:41:31)

  39 |
  40 | - (void)postOnAnimation:(REAOnAnimationCallback)clb;
> 41 | - (void)registerEventHandler:(REAEventHandler)eventHandler;
     |                               ^ block pointer is missing a nullability type specifier [-Wnullability-completeness]
  42 | - (void)dispatchEvent:(id<RCTEvent>)event;
  43 |
  44 | #ifdef RCT_NEW_ARCH_ENABLED


⚠️  (ios/Pods/Headers/Private/RNReanimated/reanimated/apple/REANodesManager.h:42:24)

  40 | - (void)postOnAnimation:(REAOnAnimationCallback)clb;
  41 | - (void)registerEventHandler:(REAEventHandler)eventHandler;
> 42 | - (void)dispatchEvent:(id<RCTEvent>)event;
     |                        ^ pointer is missing a nullability type specifier [-Wnullability-completeness]
  43 |
  44 | #ifdef RCT_NEW_ARCH_ENABLED
  45 | - (void)registerPerformOperations:(REAPerformOperations)performOperations;


⚠️  (ios/Pods/Headers/Private/RNReanimated/reanimated/apple/REANodesManager.h:45:36)

  43 |
  44 | #ifdef RCT_NEW_ARCH_ENABLED
> 45 | - (void)registerPerformOperations:(REAPerformOperations)performOperations;
     |                                    ^ block pointer is missing a nullability type specifier [-Wnullability-completeness]
  46 | #else
  47 | - (void)configureUiProps:(nonnull NSSet<NSString *> *)uiPropsSet
  48 |           andNativeProps:(nonnull NSSet<NSString *> *)nativePropsSet;

› Compiling react-native-reanimated Pods/RNReanimated » NativeMethods.mm
› Compiling react-native-reanimated Pods/RNReanimated » LayoutAnimationsUtils.cpp
› Compiling react-native-reanimated Pods/RNReanimated » LayoutAnimationsProxy.cpp
› Compiling react-native-reanimated Pods/RNReanimated » LayoutAnimationsManager.cpp
› Compiling react-native-reanimated Pods/RNReanimated » JSScheduler.cpp
› Compiling react-native-reanimated Pods/RNReanimated » JSLogger.cpp
› Compiling react-native-reanimated Pods/RNReanimated » JSISerializer.cpp
› Compiling react-native-reanimated Pods/RNReanimated » IOSUIScheduler.mm
› Compiling react-native-reanimated Pods/RNReanimated » FeaturesConfig.cpp
› Compiling react-native-reanimated Pods/RNReanimated » EventHandlerRegistry.cpp
› Compiling react-native-reanimated Pods/RNReanimated » AsyncQueue.cpp
› Compiling react-native-safe-area-context Pods/react-native-safe-area-context » RNCSafeAreaViewMode.m
› Compiling react-native-safe-area-context Pods/react-native-safe-area-context » RNCSafeAreaViewManager.m
› Compiling react-native-safe-area-context Pods/react-native-safe-area-context » RNCSafeAreaViewLocalData.m
› Compiling react-native-safe-area-context Pods/react-native-safe-area-context » RNCSafeAreaViewEdges.m
› Compiling react-native-safe-area-context Pods/react-native-safe-area-context » RNCSafeAreaViewEdgeMode.m
› Compiling react-native-safe-area-context Pods/react-native-safe-area-context » RNCSafeAreaView.m
› Compiling react-native-safe-area-context Pods/react-native-safe-area-context » RNCSafeAreaUtils.m
› Compiling react-native-safe-area-context Pods/react-native-safe-area-context » RNCSafeAreaShadowView.m
› Compiling react-native-safe-area-context Pods/react-native-safe-area-context » RNCSafeAreaProviderManager.m
› Compiling react-native-safe-area-context Pods/react-native-safe-area-context » RNCSafeAreaProvider.m
› Compiling @react-native-community/netinfo Pods/react-native-netinfo » RNCConnectionStateWatcher.m
› Compiling @react-native-community/netinfo Pods/react-native-netinfo » RNCConnectionState.m

⚠️  (node_modules/@react-native-community/netinfo/ios/RNCConnectionState.m:51:30)

  49 |             CTTelephonyNetworkInfo *netinfo = [[CTTelephonyNetworkInfo alloc] init];
  50 |             if (netinfo) {
> 51 |                 if ([netinfo.currentRadioAccessTechnology isEqualToString:CTRadioAccessTechnologyGPRS] ||
     |                              ^ 'currentRadioAccessTechnology' is deprecated: first deprecated in iOS 12.0 [-Wdeprecated-declarations]
  52 |                     [netinfo.currentRadioAccessTechnology isEqualToString:CTRadioAccessTechnologyEdge] ||
  53 |                     [netinfo.currentRadioAccessTechnology isEqualToString:CTRadioAccessTechnologyCDMA1x]) {
  54 |                     _cellularGeneration = RNCCellularGeneration2g;


⚠️  (node_modules/@react-native-community/netinfo/ios/RNCConnectionState.m:52:30)

  50 |             if (netinfo) {
  51 |                 if ([netinfo.currentRadioAccessTechnology isEqualToString:CTRadioAccessTechnologyGPRS] ||
> 52 |                     [netinfo.currentRadioAccessTechnology isEqualToString:CTRadioAccessTechnologyEdge] ||
     |                              ^ 'currentRadioAccessTechnology' is deprecated: first deprecated in iOS 12.0 [-Wdeprecated-declarations]
  53 |                     [netinfo.currentRadioAccessTechnology isEqualToString:CTRadioAccessTechnologyCDMA1x]) {
  54 |                     _cellularGeneration = RNCCellularGeneration2g;
  55 |                 } else if ([netinfo.currentRadioAccessTechnology isEqualToString:CTRadioAccessTechnologyWCDMA] ||


⚠️  (node_modules/@react-native-community/netinfo/ios/RNCConnectionState.m:53:30)

  51 |                 if ([netinfo.currentRadioAccessTechnology isEqualToString:CTRadioAccessTechnologyGPRS] ||
  52 |                     [netinfo.currentRadioAccessTechnology isEqualToString:CTRadioAccessTechnologyEdge] ||
> 53 |                     [netinfo.currentRadioAccessTechnology isEqualToString:CTRadioAccessTechnologyCDMA1x]) {
     |                              ^ 'currentRadioAccessTechnology' is deprecated: first deprecated in iOS 12.0 [-Wdeprecated-declarations]
  54 |                     _cellularGeneration = RNCCellularGeneration2g;
  55 |                 } else if ([netinfo.currentRadioAccessTechnology isEqualToString:CTRadioAccessTechnologyWCDMA] ||
  56 |                            [netinfo.currentRadioAccessTechnology isEqualToString:CTRadioAccessTechnologyHSDPA] ||


⚠️  (node_modules/@react-native-community/netinfo/ios/RNCConnectionState.m:55:37)

  53 |                     [netinfo.currentRadioAccessTechnology isEqualToString:CTRadioAccessTechnologyCDMA1x]) {
  54 |                     _cellularGeneration = RNCCellularGeneration2g;
> 55 |                 } else if ([netinfo.currentRadioAccessTechnology isEqualToString:CTRadioAccessTechnologyWCDMA] ||
     |                                     ^ 'currentRadioAccessTechnology' is deprecated: first deprecated in iOS 12.0 [-Wdeprecated-declarations]
  56 |                            [netinfo.currentRadioAccessTechnology isEqualToString:CTRadioAccessTechnologyHSDPA] ||
  57 |                            [netinfo.currentRadioAccessTechnology isEqualToString:CTRadioAccessTechnologyHSUPA] ||
  58 |                            [netinfo.currentRadioAccessTechnology isEqualToString:CTRadioAccessTechnologyCDMAEVDORev0] ||


⚠️  (node_modules/@react-native-community/netinfo/ios/RNCConnectionState.m:56:37)

  54 |                     _cellularGeneration = RNCCellularGeneration2g;
  55 |                 } else if ([netinfo.currentRadioAccessTechnology isEqualToString:CTRadioAccessTechnologyWCDMA] ||
> 56 |                            [netinfo.currentRadioAccessTechnology isEqualToString:CTRadioAccessTechnologyHSDPA] ||
     |                                     ^ 'currentRadioAccessTechnology' is deprecated: first deprecated in iOS 12.0 [-Wdeprecated-declarations]
  57 |                            [netinfo.currentRadioAccessTechnology isEqualToString:CTRadioAccessTechnologyHSUPA] ||
  58 |                            [netinfo.currentRadioAccessTechnology isEqualToString:CTRadioAccessTechnologyCDMAEVDORev0] ||
  59 |                            [netinfo.currentRadioAccessTechnology isEqualToString:CTRadioAccessTechnologyCDMAEVDORevA] ||


⚠️  (node_modules/@react-native-community/netinfo/ios/RNCConnectionState.m:57:37)

  55 |                 } else if ([netinfo.currentRadioAccessTechnology isEqualToString:CTRadioAccessTechnologyWCDMA] ||
  56 |                            [netinfo.currentRadioAccessTechnology isEqualToString:CTRadioAccessTechnologyHSDPA] ||
> 57 |                            [netinfo.currentRadioAccessTechnology isEqualToString:CTRadioAccessTechnologyHSUPA] ||
     |                                     ^ 'currentRadioAccessTechnology' is deprecated: first deprecated in iOS 12.0 [-Wdeprecated-declarations]
  58 |                            [netinfo.currentRadioAccessTechnology isEqualToString:CTRadioAccessTechnologyCDMAEVDORev0] ||
  59 |                            [netinfo.currentRadioAccessTechnology isEqualToString:CTRadioAccessTechnologyCDMAEVDORevA] ||
  60 |                            [netinfo.currentRadioAccessTechnology isEqualToString:CTRadioAccessTechnologyCDMAEVDORevB] ||


⚠️  (node_modules/@react-native-community/netinfo/ios/RNCConnectionState.m:58:37)

  56 |                            [netinfo.currentRadioAccessTechnology isEqualToString:CTRadioAccessTechnologyHSDPA] ||
  57 |                            [netinfo.currentRadioAccessTechnology isEqualToString:CTRadioAccessTechnologyHSUPA] ||
> 58 |                            [netinfo.currentRadioAccessTechnology isEqualToString:CTRadioAccessTechnologyCDMAEVDORev0] ||
     |                                     ^ 'currentRadioAccessTechnology' is deprecated: first deprecated in iOS 12.0 [-Wdeprecated-declarations]
  59 |                            [netinfo.currentRadioAccessTechnology isEqualToString:CTRadioAccessTechnologyCDMAEVDORevA] ||
  60 |                            [netinfo.currentRadioAccessTechnology isEqualToString:CTRadioAccessTechnologyCDMAEVDORevB] ||
  61 |                            [netinfo.currentRadioAccessTechnology isEqualToString:CTRadioAccessTechnologyeHRPD]) {


⚠️  (node_modules/@react-native-community/netinfo/ios/RNCConnectionState.m:59:37)

  57 |                            [netinfo.currentRadioAccessTechnology isEqualToString:CTRadioAccessTechnologyHSUPA] ||
  58 |                            [netinfo.currentRadioAccessTechnology isEqualToString:CTRadioAccessTechnologyCDMAEVDORev0] ||
> 59 |                            [netinfo.currentRadioAccessTechnology isEqualToString:CTRadioAccessTechnologyCDMAEVDORevA] ||
     |                                     ^ 'currentRadioAccessTechnology' is deprecated: first deprecated in iOS 12.0 [-Wdeprecated-declarations]
  60 |                            [netinfo.currentRadioAccessTechnology isEqualToString:CTRadioAccessTechnologyCDMAEVDORevB] ||
  61 |                            [netinfo.currentRadioAccessTechnology isEqualToString:CTRadioAccessTechnologyeHRPD]) {
  62 |                     _cellularGeneration = RNCCellularGeneration3g;


⚠️  (node_modules/@react-native-community/netinfo/ios/RNCConnectionState.m:60:37)

  58 |                            [netinfo.currentRadioAccessTechnology isEqualToString:CTRadioAccessTechnologyCDMAEVDORev0] ||
  59 |                            [netinfo.currentRadioAccessTechnology isEqualToString:CTRadioAccessTechnologyCDMAEVDORevA] ||
> 60 |                            [netinfo.currentRadioAccessTechnology isEqualToString:CTRadioAccessTechnologyCDMAEVDORevB] ||
     |                                     ^ 'currentRadioAccessTechnology' is deprecated: first deprecated in iOS 12.0 [-Wdeprecated-declarations]
  61 |                            [netinfo.currentRadioAccessTechnology isEqualToString:CTRadioAccessTechnologyeHRPD]) {
  62 |                     _cellularGeneration = RNCCellularGeneration3g;
  63 |                 } else if ([netinfo.currentRadioAccessTechnology isEqualToString:CTRadioAccessTechnologyLTE]) {


⚠️  (node_modules/@react-native-community/netinfo/ios/RNCConnectionState.m:61:37)

  59 |                            [netinfo.currentRadioAccessTechnology isEqualToString:CTRadioAccessTechnologyCDMAEVDORevA] ||
  60 |                            [netinfo.currentRadioAccessTechnology isEqualToString:CTRadioAccessTechnologyCDMAEVDORevB] ||
> 61 |                            [netinfo.currentRadioAccessTechnology isEqualToString:CTRadioAccessTechnologyeHRPD]) {
     |                                     ^ 'currentRadioAccessTechnology' is deprecated: first deprecated in iOS 12.0 [-Wdeprecated-declarations]
  62 |                     _cellularGeneration = RNCCellularGeneration3g;
  63 |                 } else if ([netinfo.currentRadioAccessTechnology isEqualToString:CTRadioAccessTechnologyLTE]) {
  64 |                     _cellularGeneration = RNCCellularGeneration4g;


⚠️  (node_modules/@react-native-community/netinfo/ios/RNCConnectionState.m:63:37)

  61 |                            [netinfo.currentRadioAccessTechnology isEqualToString:CTRadioAccessTechnologyeHRPD]) {
  62 |                     _cellularGeneration = RNCCellularGeneration3g;
> 63 |                 } else if ([netinfo.currentRadioAccessTechnology isEqualToString:CTRadioAccessTechnologyLTE]) {
     |                                     ^ 'currentRadioAccessTechnology' is deprecated: first deprecated in iOS 12.0 [-Wdeprecated-declarations]
  64 |                     _cellularGeneration = RNCCellularGeneration4g;
  65 |                 } else if (@available(iOS 14.1, *)) {
  66 |                     if ([netinfo.currentRadioAccessTechnology isEqualToString:CTRadioAccessTechnologyNRNSA] ||


⚠️  (node_modules/@react-native-community/netinfo/ios/RNCConnectionState.m:66:34)

  64 |                     _cellularGeneration = RNCCellularGeneration4g;
  65 |                 } else if (@available(iOS 14.1, *)) {
> 66 |                     if ([netinfo.currentRadioAccessTechnology isEqualToString:CTRadioAccessTechnologyNRNSA] ||
     |                                  ^ 'currentRadioAccessTechnology' is deprecated: first deprecated in iOS 12.0 [-Wdeprecated-declarations]
  67 |                         [netinfo.currentRadioAccessTechnology isEqualToString:CTRadioAccessTechnologyNR]) {
  68 |                         _cellularGeneration = RNCCellularGeneration5g;
  69 |                     }


⚠️  (node_modules/@react-native-community/netinfo/ios/RNCConnectionState.m:67:34)

  65 |                 } else if (@available(iOS 14.1, *)) {
  66 |                     if ([netinfo.currentRadioAccessTechnology isEqualToString:CTRadioAccessTechnologyNRNSA] ||
> 67 |                         [netinfo.currentRadioAccessTechnology isEqualToString:CTRadioAccessTechnologyNR]) {
     |                                  ^ 'currentRadioAccessTechnology' is deprecated: first deprecated in iOS 12.0 [-Wdeprecated-declarations]
  68 |                         _cellularGeneration = RNCCellularGeneration5g;
  69 |                     }
  70 |                 }

› Packaging react-native-safe-area-context Pods/react-native-safe-area-context » libreact-native-safe-area-context.a
› Packaging @react-native-community/netinfo Pods/react-native-netinfo » libreact-native-netinfo.a
› Copying   expo-dev-menu/EXDevMenu.bundle/EXDevMenuApp.ios.js ➜ node_modules/expo-dev-menu/assets/EXDevMenuApp.ios.js
› Compiling expo-dev-launcher Pods/expo-dev-launcher-EXDevLauncher » EXDevLauncherErrorView.storyboard
› Preparing expo-updates Pods/ReachabilitySwift-ReachabilitySwift » ResourceBundle-ReachabilitySwift-ReachabilitySwift-Info.plist
› Preparing Pods/expo-dev-menu-EXDevMenu » ResourceBundle-EXDevMenu-expo-dev-menu-Info.plist
› Copying   expo-dev-menu/EXDevMenu.bundle/Inter-Thin.otf ➜ node_modules/expo-dev-menu/assets/Inter-Thin.otf
› Copying   expo-dev-menu/EXDevMenu.bundle/Inter-SemiBold.otf ➜ node_modules/expo-dev-menu/assets/Inter-SemiBold.otf
› Copying   expo-dev-menu/EXDevMenu.bundle/Inter-Regular.otf ➜ node_modules/expo-dev-menu/assets/Inter-Regular.otf
› Copying   expo-dev-menu/EXDevMenu.bundle/Inter-Medium.otf ➜ node_modules/expo-dev-menu/assets/Inter-Medium.otf
› Copying   expo-dev-menu/EXDevMenu.bundle/Inter-Light.otf ➜ node_modules/expo-dev-menu/assets/Inter-Light.otf
› Copying   expo-dev-menu/EXDevMenu.bundle/Inter-ExtraLight.otf ➜ node_modules/expo-dev-menu/assets/Inter-ExtraLight.otf
› Copying   expo-dev-menu/EXDevMenu.bundle/Inter-ExtraBold.otf ➜ node_modules/expo-dev-menu/assets/Inter-ExtraBold.otf
› Copying   expo-dev-menu/EXDevMenu.bundle/Inter-Bold.otf ➜ node_modules/expo-dev-menu/assets/Inter-Bold.otf
› Copying   expo-dev-menu/EXDevMenu.bundle/Inter-Black.otf ➜ node_modules/expo-dev-menu/assets/Inter-Black.otf
› Compiling react-native-reanimated Pods/RNReanimated » ReanimatedSensorContainer.m
› Compiling react-native-reanimated Pods/RNReanimated » ReanimatedSensor.m

⚠️  (node_modules/react-native-reanimated/apple/reanimated/apple/sensor/ReanimatedSensor.m:199:51)

  197 |   UIInterfaceOrientation orientation = UIInterfaceOrientationPortrait;
  198 |   if (@available(iOS 13.0, *)) {
> 199 |     orientation = UIApplication.sharedApplication.windows.firstObject.windowScene.interfaceOrientation;
      |                                                   ^ 'windows' is deprecated: first deprecated in iOS 15.0 - Use UIWindowScene.windows on a relevant window scene instead [-Wdeprecated-declarations]
  200 |   } else {
  201 |     orientation = UIApplication.sharedApplication.statusBarOrientation;
  202 |   }


⚠️  (node_modules/react-native-reanimated/apple/reanimated/apple/sensor/ReanimatedSensor.m:201:51)

  199 |     orientation = UIApplication.sharedApplication.windows.firstObject.windowScene.interfaceOrientation;
  200 |   } else {
> 201 |     orientation = UIApplication.sharedApplication.statusBarOrientation;
      |                                                   ^ 'statusBarOrientation' is deprecated: first deprecated in iOS 13.0 - Use the interfaceOrientation property of the window scene instead. [-Wdeprecated-declarations]
  202 |   }
  203 |   switch (orientation) {
  204 |     case UIInterfaceOrientationLandscapeLeft:

› Compiling react-native-reanimated Pods/RNReanimated » REAUtils.m
› Compiling react-native-reanimated Pods/RNReanimated » REAScreensHelper.m

⚠️  (node_modules/react-native-reanimated/apple/reanimated/apple/LayoutReanimation/REAScreensHelper.m:3:17)

  1 | #import <reanimated/apple/LayoutReanimation/REAScreensHelper.h>
  2 |
> 3 | @implementation REAScreensHelper
    |                 ^ method definition for 'findTopScreenInChildren:' not found [-Wincomplete-implementation]
  4 |
  5 | #if LOAD_SCREENS_HEADERS
  6 |


⚠️  (node_modules/react-native-reanimated/apple/reanimated/apple/LayoutReanimation/REAScreensHelper.m:3:17)

  1 | #import <reanimated/apple/LayoutReanimation/REAScreensHelper.h>
  2 |
> 3 | @implementation REAScreensHelper
    |                 ^ method definition for 'getActiveTabForTabNavigator:' not found [-Wincomplete-implementation]
  4 |
  5 | #if LOAD_SCREENS_HEADERS
  6 |


⚠️  (node_modules/react-native-reanimated/apple/reanimated/apple/LayoutReanimation/REAScreensHelper.m:3:17)

  1 | #import <reanimated/apple/LayoutReanimation/REAScreensHelper.h>
  2 |
> 3 | @implementation REAScreensHelper
    |                 ^ method definition for 'isView:DescendantOfScreen:' not found [-Wincomplete-implementation]
  4 |
  5 | #if LOAD_SCREENS_HEADERS
  6 |


⚠️  (node_modules/react-native-reanimated/apple/reanimated/apple/LayoutReanimation/REAScreensHelper.m:3:17)

  1 | #import <reanimated/apple/LayoutReanimation/REAScreensHelper.h>
  2 |
> 3 | @implementation REAScreensHelper
    |                 ^ method definition for 'isViewOnTopOfScreenStack:' not found [-Wincomplete-implementation]
  4 |
  5 | #if LOAD_SCREENS_HEADERS
  6 |

› Compiling react-native-reanimated Pods/RNReanimated » REASharedElement.m
› Compiling react-native-reanimated Pods/RNReanimated » REAFrame.m
› Compiling react-native-reanimated Pods/RNReanimated » REASnapshot.m
› Compiling react-native-reanimated Pods/RNReanimated » REASharedTransitionManager.m

⚠️  (ios/Pods/Headers/Private/RNReanimated/reanimated/apple/REANodesManager.h:18:37)

  16 |
  17 | #ifdef RCT_NEW_ARCH_ENABLED
> 18 | typedef void (^REAPerformOperations)();
     |                                     ^ a block declaration without a prototype is deprecated  [-Wstrict-prototypes]
  19 | #endif
  20 |
  21 | @interface REANodesManager : NSObject


⚠️  (ios/Pods/Headers/Private/RNReanimated/reanimated/apple/REANodesManager.h:12:55)

  10 | @class REAModule;
  11 |
> 12 | typedef void (^REAOnAnimationCallback)(READisplayLink *displayLink);
     |                                                       ^ pointer is missing a nullability type specifier [-Wnullability-completeness]
  13 | typedef void (^REANativeAnimationOp)(RCTUIManager *uiManager);
  14 | typedef void (^REAEventHandler)(id<RCTEvent> event);
  15 | typedef void (^CADisplayLinkOperation)(READisplayLink *displayLink);


⚠️  (ios/Pods/Headers/Private/RNReanimated/reanimated/apple/REANodesManager.h:31:51)

  29 |
  30 | #ifdef RCT_NEW_ARCH_ENABLED
> 31 | - (nonnull instancetype)initWithModule:(REAModule *)reanimatedModule
     |                                                   ^ pointer is missing a nullability type specifier [-Wnullability-completeness]
  32 |                                 bridge:(RCTBridge *)bridge
  33 |                       surfacePresenter:(id<RCTSurfacePresenterStub>)surfacePresenter;
  34 | #else


⚠️  (ios/Pods/Headers/Private/RNReanimated/reanimated/apple/REANodesManager.h:32:51)

  30 | #ifdef RCT_NEW_ARCH_ENABLED
  31 | - (nonnull instancetype)initWithModule:(REAModule *)reanimatedModule
> 32 |                                 bridge:(RCTBridge *)bridge
     |                                                   ^ pointer is missing a nullability type specifier [-Wnullability-completeness]
  33 |                       surfacePresenter:(id<RCTSurfacePresenterStub>)surfacePresenter;
  34 | #else
  35 | - (instancetype)initWithModule:(REAModule *)reanimatedModule uiManager:(RCTUIManager *)uiManager;


⚠️  (ios/Pods/Headers/Private/RNReanimated/reanimated/apple/REANodesManager.h:33:41)

  31 | - (nonnull instancetype)initWithModule:(REAModule *)reanimatedModule
  32 |                                 bridge:(RCTBridge *)bridge
> 33 |                       surfacePresenter:(id<RCTSurfacePresenterStub>)surfacePresenter;
     |                                         ^ pointer is missing a nullability type specifier [-Wnullability-completeness]
  34 | #else
  35 | - (instancetype)initWithModule:(REAModule *)reanimatedModule uiManager:(RCTUIManager *)uiManager;
  36 | #endif // RCT_NEW_ARCH_ENABLED


⚠️  (ios/Pods/Headers/Private/RNReanimated/reanimated/apple/REANodesManager.h:40:26)

  38 | - (void)operationsBatchDidComplete;
  39 |
> 40 | - (void)postOnAnimation:(REAOnAnimationCallback)clb;
     |                          ^ block pointer is missing a nullability type specifier [-Wnullability-completeness]
  41 | - (void)registerEventHandler:(REAEventHandler)eventHandler;
  42 | - (void)dispatchEvent:(id<RCTEvent>)event;
  43 |


⚠️  (ios/Pods/Headers/Private/RNReanimated/reanimated/apple/REANodesManager.h:41:31)

  39 |
  40 | - (void)postOnAnimation:(REAOnAnimationCallback)clb;
> 41 | - (void)registerEventHandler:(REAEventHandler)eventHandler;
     |                               ^ block pointer is missing a nullability type specifier [-Wnullability-completeness]
  42 | - (void)dispatchEvent:(id<RCTEvent>)event;
  43 |
  44 | #ifdef RCT_NEW_ARCH_ENABLED


⚠️  (ios/Pods/Headers/Private/RNReanimated/reanimated/apple/REANodesManager.h:42:24)

  40 | - (void)postOnAnimation:(REAOnAnimationCallback)clb;
  41 | - (void)registerEventHandler:(REAEventHandler)eventHandler;
> 42 | - (void)dispatchEvent:(id<RCTEvent>)event;
     |                        ^ pointer is missing a nullability type specifier [-Wnullability-completeness]
  43 |
  44 | #ifdef RCT_NEW_ARCH_ENABLED
  45 | - (void)registerPerformOperations:(REAPerformOperations)performOperations;


⚠️  (ios/Pods/Headers/Private/RNReanimated/reanimated/apple/REANodesManager.h:45:36)

  43 |
  44 | #ifdef RCT_NEW_ARCH_ENABLED
> 45 | - (void)registerPerformOperations:(REAPerformOperations)performOperations;
     |                                    ^ block pointer is missing a nullability type specifier [-Wnullability-completeness]
  46 | #else
  47 | - (void)configureUiProps:(nonnull NSSet<NSString *> *)uiPropsSet
  48 |           andNativeProps:(nonnull NSSet<NSString *> *)nativePropsSet;

› Compiling react-native-reanimated Pods/RNReanimated » REAAnimationsManager.m

⚠️  (ios/Pods/Headers/Private/RNReanimated/reanimated/apple/REANodesManager.h:18:37)

  16 |
  17 | #ifdef RCT_NEW_ARCH_ENABLED
> 18 | typedef void (^REAPerformOperations)();
     |                                     ^ a block declaration without a prototype is deprecated  [-Wstrict-prototypes]
  19 | #endif
  20 |
  21 | @interface REANodesManager : NSObject


⚠️  (ios/Pods/Headers/Private/RNReanimated/reanimated/apple/REANodesManager.h:12:55)

  10 | @class REAModule;
  11 |
> 12 | typedef void (^REAOnAnimationCallback)(READisplayLink *displayLink);
     |                                                       ^ pointer is missing a nullability type specifier [-Wnullability-completeness]
  13 | typedef void (^REANativeAnimationOp)(RCTUIManager *uiManager);
  14 | typedef void (^REAEventHandler)(id<RCTEvent> event);
  15 | typedef void (^CADisplayLinkOperation)(READisplayLink *displayLink);


⚠️  (ios/Pods/Headers/Private/RNReanimated/reanimated/apple/REANodesManager.h:31:51)

  29 |
  30 | #ifdef RCT_NEW_ARCH_ENABLED
> 31 | - (nonnull instancetype)initWithModule:(REAModule *)reanimatedModule
     |                                                   ^ pointer is missing a nullability type specifier [-Wnullability-completeness]
  32 |                                 bridge:(RCTBridge *)bridge
  33 |                       surfacePresenter:(id<RCTSurfacePresenterStub>)surfacePresenter;
  34 | #else


⚠️  (ios/Pods/Headers/Private/RNReanimated/reanimated/apple/REANodesManager.h:32:51)

  30 | #ifdef RCT_NEW_ARCH_ENABLED
  31 | - (nonnull instancetype)initWithModule:(REAModule *)reanimatedModule
> 32 |                                 bridge:(RCTBridge *)bridge
     |                                                   ^ pointer is missing a nullability type specifier [-Wnullability-completeness]
  33 |                       surfacePresenter:(id<RCTSurfacePresenterStub>)surfacePresenter;
  34 | #else
  35 | - (instancetype)initWithModule:(REAModule *)reanimatedModule uiManager:(RCTUIManager *)uiManager;


⚠️  (ios/Pods/Headers/Private/RNReanimated/reanimated/apple/REANodesManager.h:33:41)

  31 | - (nonnull instancetype)initWithModule:(REAModule *)reanimatedModule
  32 |                                 bridge:(RCTBridge *)bridge
> 33 |                       surfacePresenter:(id<RCTSurfacePresenterStub>)surfacePresenter;
     |                                         ^ pointer is missing a nullability type specifier [-Wnullability-completeness]
  34 | #else
  35 | - (instancetype)initWithModule:(REAModule *)reanimatedModule uiManager:(RCTUIManager *)uiManager;
  36 | #endif // RCT_NEW_ARCH_ENABLED


⚠️  (ios/Pods/Headers/Private/RNReanimated/reanimated/apple/REANodesManager.h:40:26)

  38 | - (void)operationsBatchDidComplete;
  39 |
> 40 | - (void)postOnAnimation:(REAOnAnimationCallback)clb;
     |                          ^ block pointer is missing a nullability type specifier [-Wnullability-completeness]
  41 | - (void)registerEventHandler:(REAEventHandler)eventHandler;
  42 | - (void)dispatchEvent:(id<RCTEvent>)event;
  43 |


⚠️  (ios/Pods/Headers/Private/RNReanimated/reanimated/apple/REANodesManager.h:41:31)

  39 |
  40 | - (void)postOnAnimation:(REAOnAnimationCallback)clb;
> 41 | - (void)registerEventHandler:(REAEventHandler)eventHandler;
     |                               ^ block pointer is missing a nullability type specifier [-Wnullability-completeness]
  42 | - (void)dispatchEvent:(id<RCTEvent>)event;
  43 |
  44 | #ifdef RCT_NEW_ARCH_ENABLED


⚠️  (ios/Pods/Headers/Private/RNReanimated/reanimated/apple/REANodesManager.h:42:24)

  40 | - (void)postOnAnimation:(REAOnAnimationCallback)clb;
  41 | - (void)registerEventHandler:(REAEventHandler)eventHandler;
> 42 | - (void)dispatchEvent:(id<RCTEvent>)event;
     |                        ^ pointer is missing a nullability type specifier [-Wnullability-completeness]
  43 |
  44 | #ifdef RCT_NEW_ARCH_ENABLED
  45 | - (void)registerPerformOperations:(REAPerformOperations)performOperations;


⚠️  (ios/Pods/Headers/Private/RNReanimated/reanimated/apple/REANodesManager.h:45:36)

  43 |
  44 | #ifdef RCT_NEW_ARCH_ENABLED
> 45 | - (void)registerPerformOperations:(REAPerformOperations)performOperations;
     |                                    ^ block pointer is missing a nullability type specifier [-Wnullability-completeness]
  46 | #else
  47 | - (void)configureUiProps:(nonnull NSSet<NSString *> *)uiPropsSet
  48 |           andNativeProps:(nonnull NSSet<NSString *> *)nativePropsSet;

› Compiling react-native-reanimated Pods/RNReanimated » RCTUIView+Reanimated.m
› Compiling react-native-reanimated Pods/RNReanimated » RCTEventDispatcher+Reanimated.m
› Preparing Pods/RNCAsyncStorage-RNCAsyncStorage_resources » ResourceBundle-RNCAsyncStorage_resources-RNCAsyncStorage-Info.plist
› Compiling react-native-gesture-handler Pods/RNGestureHandler » RNNativeViewHandler.mm

⚠️  (ios/Pods/Headers/Public/React-Fabric/react/renderer/mounting/ShadowViewMutation.h:47:7)

  45 |   /**
  46 |    * Creates and returns an `Insert` mutation.
> 47 |    * @deprecated Pass parentTag instead of parentShadowView.
     |       ^ declaration is marked with '@deprecated' command but does not have a deprecation attribute [-Wdocumentation-deprecated-sync]
  48 |    */
  49 |   static ShadowViewMutation InsertMutation(
  50 |       const ShadowView& parentShadowView,


⚠️  (ios/Pods/Headers/Public/React-Fabric/react/renderer/mounting/ShadowViewMutation.h:64:7)

  62 |   /**
  63 |    * Creates and returns a `Remove` mutation.
> 64 |    * @deprecated Pass parentTag instead of parentShadowView.
     |       ^ declaration is marked with '@deprecated' command but does not have a deprecation attribute [-Wdocumentation-deprecated-sync]
  65 |    */
  66 |   static ShadowViewMutation RemoveMutation(
  67 |       const ShadowView& parentShadowView,


⚠️  (ios/Pods/Headers/Public/React-Fabric/react/renderer/mounting/ShadowViewMutation.h:83:7)

  81 |   /**
  82 |    * Creates and returns an `Update` mutation.
> 83 |    * @deprecated Pass parentTag instead of parentShadowView.
     |       ^ declaration is marked with '@deprecated' command but does not have a deprecation attribute [-Wdocumentation-deprecated-sync]
  84 |    */
  85 |   static ShadowViewMutation UpdateMutation(
  86 |       ShadowView oldChildShadowView,


⚠️  (node_modules/react-native-gesture-handler/apple/RNGHStylusData.h:23:16)

  21 | @end
  22 |
> 23 | static CGPoint ghSpherical2tilt(double altitudeAngle, double azimuthAngle)
     |                ^ unused function 'ghSpherical2tilt' [-Wunused-function]
  24 | {
  25 |   CGPoint tilts = {.x = 0.0, .y = 0.0};
  26 |

› Compiling react-native-gesture-handler Pods/RNGestureHandler » RNGestureHandlerRootViewComponentView.mm
› Compiling react-native-gesture-handler Pods/RNGestureHandler » RNGestureHandlerModule.mm

⚠️  (node_modules/react-native-gesture-handler/apple/RNGestureHandlerModule.mm:80:1)

  78 |   [self.bridge.uiManager.observerCoordinator removeObserver:self];
  79 | #endif // RCT_NEW_ARCH_ENABLED
> 80 | }
     | ^ method possibly missing a [super invalidate] call [-Wobjc-missing-super-calls]
  81 |
  82 | - (dispatch_queue_t)methodQueue
  83 | {


⚠️  (node_modules/react-native-gesture-handler/apple/RNGHStylusData.h:23:16)

  21 | @end
  22 |
> 23 | static CGPoint ghSpherical2tilt(double altitudeAngle, double azimuthAngle)
     |                ^ unused function 'ghSpherical2tilt' [-Wunused-function]
  24 | {
  25 |   CGPoint tilts = {.x = 0.0, .y = 0.0};
  26 |

› Compiling react-native-gesture-handler Pods/RNGestureHandler » RNGestureHandlerManager.mm

⚠️  (node_modules/react-native-gesture-handler/apple/RNGestureHandlerManager.mm:173:15)

  171 |
  172 |       dispatch_after(dispatch_time(DISPATCH_TIME_NOW, 0.1 * NSEC_PER_SEC), dispatch_get_main_queue(), ^{
> 173 |         if (![_droppedHandlers containsObject:handlerTag]) {
      |               ^ block implicitly retains 'self'; explicitly mention 'self' to indicate this is intended behavior [-Wimplicit-retain-self]
  174 |           [self attachGestureHandler:handlerTag toViewWithTag:viewTag withActionType:actionType];
  175 |         }
  176 |       });


⚠️  (node_modules/react-native-gesture-handler/apple/RNGestureHandlerManager.mm:430:21)

  428 |   // Delivers the event to JS as a device event.
  429 |   NSMutableDictionary *body = [[event arguments] objectAtIndex:2];
> 430 |   [_eventDispatcher sendDeviceEventWithName:@"onGestureHandlerStateChange" body:body];
      |                     ^ 'sendDeviceEventWithName:body:' is deprecated: Subclass RCTEventEmitter instead [-Wdeprecated-declarations]
  431 | }
  432 |
  433 | @end


⚠️  (node_modules/react-native-gesture-handler/apple/RNGHStylusData.h:23:16)

  21 | @end
  22 |
> 23 | static CGPoint ghSpherical2tilt(double altitudeAngle, double azimuthAngle)
     |                ^ unused function 'ghSpherical2tilt' [-Wunused-function]
  24 | {
  25 |   CGPoint tilts = {.x = 0.0, .y = 0.0};
  26 |

› Compiling react-native-gesture-handler Pods/RNGestureHandler » RNGestureHandlerButtonManager.mm

⚠️  (node_modules/react-native-gesture-handler/apple/RNGHStylusData.h:23:16)

  21 | @end
  22 |
> 23 | static CGPoint ghSpherical2tilt(double altitudeAngle, double azimuthAngle)
     |                ^ unused function 'ghSpherical2tilt' [-Wunused-function]
  24 | {
  25 |   CGPoint tilts = {.x = 0.0, .y = 0.0};
  26 |

› Compiling react-native-gesture-handler Pods/RNGestureHandler » RNGestureHandlerButtonComponentView.mm

⚠️  (node_modules/react-native-gesture-handler/apple/RNGHStylusData.h:23:16)

  21 | @end
  22 |
> 23 | static CGPoint ghSpherical2tilt(double altitudeAngle, double azimuthAngle)
     |                ^ unused function 'ghSpherical2tilt' [-Wunused-function]
  24 | {
  25 |   CGPoint tilts = {.x = 0.0, .y = 0.0};
  26 |

› Compiling react-native-gesture-handler Pods/RNGestureHandler » RNGestureHandlerButton.mm

⚠️  (node_modules/react-native-gesture-handler/apple/RNGHStylusData.h:23:16)

  21 | @end
  22 |
> 23 | static CGPoint ghSpherical2tilt(double altitudeAngle, double azimuthAngle)
     |                ^ unused function 'ghSpherical2tilt' [-Wunused-function]
  24 | {
  25 |   CGPoint tilts = {.x = 0.0, .y = 0.0};
  26 |

› Compiling react-native-gesture-handler Pods/RNGestureHandler » RNGestureHandler.mm

⚠️  (ios/Pods/Headers/Public/React-Fabric/react/renderer/mounting/ShadowViewMutation.h:47:7)

  45 |   /**
  46 |    * Creates and returns an `Insert` mutation.
> 47 |    * @deprecated Pass parentTag instead of parentShadowView.
     |       ^ declaration is marked with '@deprecated' command but does not have a deprecation attribute [-Wdocumentation-deprecated-sync]
  48 |    */
  49 |   static ShadowViewMutation InsertMutation(
  50 |       const ShadowView& parentShadowView,


⚠️  (ios/Pods/Headers/Public/React-Fabric/react/renderer/mounting/ShadowViewMutation.h:64:7)

  62 |   /**
  63 |    * Creates and returns a `Remove` mutation.
> 64 |    * @deprecated Pass parentTag instead of parentShadowView.
     |       ^ declaration is marked with '@deprecated' command but does not have a deprecation attribute [-Wdocumentation-deprecated-sync]
  65 |    */
  66 |   static ShadowViewMutation RemoveMutation(
  67 |       const ShadowView& parentShadowView,


⚠️  (ios/Pods/Headers/Public/React-Fabric/react/renderer/mounting/ShadowViewMutation.h:83:7)

  81 |   /**
  82 |    * Creates and returns an `Update` mutation.
> 83 |    * @deprecated Pass parentTag instead of parentShadowView.
     |       ^ declaration is marked with '@deprecated' command but does not have a deprecation attribute [-Wdocumentation-deprecated-sync]
  84 |    */
  85 |   static ShadowViewMutation UpdateMutation(
  86 |       ShadowView oldChildShadowView,


⚠️  (node_modules/react-native-gesture-handler/apple/RNGHStylusData.h:23:16)

  21 | @end
  22 |
> 23 | static CGPoint ghSpherical2tilt(double altitudeAngle, double azimuthAngle)
     |                ^ unused function 'ghSpherical2tilt' [-Wunused-function]
  24 | {
  25 |   CGPoint tilts = {.x = 0.0, .y = 0.0};
  26 |

› Compiling react-native-gesture-handler Pods/RNGestureHandler » RNFlingHandler.m

⚠️  (node_modules/react-native-gesture-handler/apple/Handlers/RNFlingHandler.m:251:26)

  249 |   [super resetConfig];
  250 |   RNBetterSwipeGestureRecognizer *recognizer = (RNBetterSwipeGestureRecognizer *)_recognizer;
> 251 |   recognizer.direction = RNGestureHandlerDirectionRight;
      |                          ^ implicit conversion from enumeration type 'enum RNGestureHandlerDirection' to different enumeration type 'UISwipeGestureRecognizerDirection' [-Wenum-conversion]
  252 | #if !TARGET_OS_TV
  253 |   recognizer.numberOfTouchesRequired = 1;
  254 | #endif


⚠️  (node_modules/react-native-gesture-handler/apple/RNGHStylusData.h:23:16)

  21 | @end
  22 |
> 23 | static CGPoint ghSpherical2tilt(double altitudeAngle, double azimuthAngle)
     |                ^ unused function 'ghSpherical2tilt' [-Wunused-function]
  24 | {
  25 |   CGPoint tilts = {.x = 0.0, .y = 0.0};
  26 |

› Packaging react-native-reanimated Pods/RNReanimated » libRNReanimated.a
› Compiling @react-native-community/datetimepicker Pods/RNDateTimePicker » ShadowNodes.cpp

⚠️  (ios/Pods/Headers/Public/React-graphics/react/renderer/graphics/Geometry.h:18:2)

  16 | #include <react/renderer/graphics/Vector.h>
  17 |
> 18 | #warning \
     |  ^ "The Geometry.h file is deprecated and will be removed in the next version of React Native. Please update your #include and #import statements to use the specific files. For example, if you imported Geometry.h to use Float.h, replase the #include <react/renderer/graphics/Geometry.h> with #include <react/renderer/graphics/Float.h>" [-W#warnings]
  19 |     "The Geometry.h file is deprecated and will be removed in the next version of React Native. Please update your #include and #import statements to use the specific files. For example, if you imported Geometry.h to use Float.h, replase the #include <react/renderer/graphics/Geometry.h> with #include <react/renderer/graphics/Float.h>"
  20 |

› Compiling @react-native-community/datetimepicker Pods/RNDateTimePicker » RNDateTimePickerState.cpp

⚠️  (ios/Pods/Headers/Public/React-graphics/react/renderer/graphics/Geometry.h:18:2)

  16 | #include <react/renderer/graphics/Vector.h>
  17 |
> 18 | #warning \
     |  ^ "The Geometry.h file is deprecated and will be removed in the next version of React Native. Please update your #include and #import statements to use the specific files. For example, if you imported Geometry.h to use Float.h, replase the #include <react/renderer/graphics/Geometry.h> with #include <react/renderer/graphics/Float.h>" [-W#warnings]
  19 |     "The Geometry.h file is deprecated and will be removed in the next version of React Native. Please update your #include and #import statements to use the specific files. For example, if you imported Geometry.h to use Float.h, replase the #include <react/renderer/graphics/Geometry.h> with #include <react/renderer/graphics/Float.h>"
  20 |

› Compiling @react-native-community/datetimepicker Pods/RNDateTimePicker » RNDateTimePickerComponentView.mm

⚠️  (ios/Pods/Headers/Public/React-graphics/react/renderer/graphics/Geometry.h:18:2)

  16 | #include <react/renderer/graphics/Vector.h>
  17 |
> 18 | #warning \
     |  ^ "The Geometry.h file is deprecated and will be removed in the next version of React Native. Please update your #include and #import statements to use the specific files. For example, if you imported Geometry.h to use Float.h, replase the #include <react/renderer/graphics/Geometry.h> with #include <react/renderer/graphics/Float.h>" [-W#warnings]
  19 |     "The Geometry.h file is deprecated and will be removed in the next version of React Native. Please update your #include and #import statements to use the specific files. For example, if you imported Geometry.h to use Float.h, replase the #include <react/renderer/graphics/Geometry.h> with #include <react/renderer/graphics/Float.h>"
  20 |

› Compiling @react-native-community/datetimepicker Pods/RNDateTimePicker » RNDateTimePicker.m
› Compiling react-native-gesture-handler Pods/RNGestureHandler » RNTapHandler.m

⚠️  (node_modules/react-native-gesture-handler/apple/RNGHStylusData.h:23:16)

  21 | @end
  22 |
> 23 | static CGPoint ghSpherical2tilt(double altitudeAngle, double azimuthAngle)
     |                ^ unused function 'ghSpherical2tilt' [-Wunused-function]
  24 | {
  25 |   CGPoint tilts = {.x = 0.0, .y = 0.0};
  26 |

› Compiling react-native-gesture-handler Pods/RNGestureHandler » RNRotationHandler.m

⚠️  (node_modules/react-native-gesture-handler/apple/RNGHStylusData.h:23:16)

  21 | @end
  22 |
> 23 | static CGPoint ghSpherical2tilt(double altitudeAngle, double azimuthAngle)
     |                ^ unused function 'ghSpherical2tilt' [-Wunused-function]
  24 | {
  25 |   CGPoint tilts = {.x = 0.0, .y = 0.0};
  26 |

› Compiling react-native-gesture-handler Pods/RNGestureHandler » RNRootViewGestureRecognizer.m

⚠️  (node_modules/react-native-gesture-handler/apple/RNGHStylusData.h:23:16)

  21 | @end
  22 |
> 23 | static CGPoint ghSpherical2tilt(double altitudeAngle, double azimuthAngle)
     |                ^ unused function 'ghSpherical2tilt' [-Wunused-function]
  24 | {
  25 |   CGPoint tilts = {.x = 0.0, .y = 0.0};
  26 |

› Compiling react-native-gesture-handler Pods/RNGestureHandler » RNPinchHandler.m

⚠️  (node_modules/react-native-gesture-handler/apple/RNGHStylusData.h:23:16)

  21 | @end
  22 |
> 23 | static CGPoint ghSpherical2tilt(double altitudeAngle, double azimuthAngle)
     |                ^ unused function 'ghSpherical2tilt' [-Wunused-function]
  24 | {
  25 |   CGPoint tilts = {.x = 0.0, .y = 0.0};
  26 |

› Compiling react-native-gesture-handler Pods/RNGestureHandler » RNPanHandler.m

⚠️  (node_modules/react-native-gesture-handler/apple/Handlers/RNPanHandler.m:110:1)

  108 | #endif
  109 |
> 110 | - (void)activateAfterLongPress
      | ^ conflicting return type in implementation of 'activateAfterLongPress': 'CGFloat' vs 'void' [-Wmismatched-return-types]
  111 | {
  112 |   self.state = UIGestureRecognizerStateBegan;
  113 |   // Send event in ACTIVE state because UIGestureRecognizerStateBegan is mapped to RNGestureHandlerStateBegan

› Compiling react-native-gesture-handler Pods/RNGestureHandler » RNManualHandler.m

⚠️  (node_modules/react-native-gesture-handler/apple/RNGHStylusData.h:23:16)

  21 | @end
  22 |
> 23 | static CGPoint ghSpherical2tilt(double altitudeAngle, double azimuthAngle)
     |                ^ unused function 'ghSpherical2tilt' [-Wunused-function]
  24 | {
  25 |   CGPoint tilts = {.x = 0.0, .y = 0.0};
  26 |

› Compiling react-native-gesture-handler Pods/RNGestureHandler » RNManualActivationRecognizer.m

⚠️  (node_modules/react-native-gesture-handler/apple/RNGHStylusData.h:23:16)

  21 | @end
  22 |
> 23 | static CGPoint ghSpherical2tilt(double altitudeAngle, double azimuthAngle)
     |                ^ unused function 'ghSpherical2tilt' [-Wunused-function]
  24 | {
  25 |   CGPoint tilts = {.x = 0.0, .y = 0.0};
  26 |

› Compiling react-native-gesture-handler Pods/RNGestureHandler » RNLongPressHandler.m

⚠️  (node_modules/react-native-gesture-handler/apple/RNGHStylusData.h:23:16)

  21 | @end
  22 |
> 23 | static CGPoint ghSpherical2tilt(double altitudeAngle, double azimuthAngle)
     |                ^ unused function 'ghSpherical2tilt' [-Wunused-function]
  24 | {
  25 |   CGPoint tilts = {.x = 0.0, .y = 0.0};
  26 |

› Compiling react-native-gesture-handler Pods/RNGestureHandler » RNHoverHandler.m

⚠️  (node_modules/react-native-gesture-handler/apple/RNGHStylusData.h:23:16)

  21 | @end
  22 |
> 23 | static CGPoint ghSpherical2tilt(double altitudeAngle, double azimuthAngle)
     |                ^ unused function 'ghSpherical2tilt' [-Wunused-function]
  24 | {
  25 |   CGPoint tilts = {.x = 0.0, .y = 0.0};
  26 |

› Compiling react-native-gesture-handler Pods/RNGestureHandler » RNGestureHandlerRegistry.m

⚠️  (node_modules/react-native-gesture-handler/apple/RNGHStylusData.h:23:16)

  21 | @end
  22 |
> 23 | static CGPoint ghSpherical2tilt(double altitudeAngle, double azimuthAngle)
     |                ^ unused function 'ghSpherical2tilt' [-Wunused-function]
  24 | {
  25 |   CGPoint tilts = {.x = 0.0, .y = 0.0};
  26 |

› Compiling react-native-gesture-handler Pods/RNGestureHandler » RNGestureHandlerPointerTracker.m

⚠️  (node_modules/react-native-gesture-handler/apple/RNGHStylusData.h:23:16)

  21 | @end
  22 |
> 23 | static CGPoint ghSpherical2tilt(double altitudeAngle, double azimuthAngle)
     |                ^ unused function 'ghSpherical2tilt' [-Wunused-function]
  24 | {
  25 |   CGPoint tilts = {.x = 0.0, .y = 0.0};
  26 |

› Compiling react-native-gesture-handler Pods/RNGestureHandler » RNGestureHandlerEvents.m

⚠️  (node_modules/react-native-gesture-handler/apple/RNGHStylusData.h:23:16)

  21 | @end
  22 |
> 23 | static CGPoint ghSpherical2tilt(double altitudeAngle, double azimuthAngle)
     |                ^ unused function 'ghSpherical2tilt' [-Wunused-function]
  24 | {
  25 |   CGPoint tilts = {.x = 0.0, .y = 0.0};
  26 |

› Compiling react-native-gesture-handler Pods/RNGestureHandler » RNGHVector.m
› Compiling react-native-gesture-handler Pods/RNGestureHandler » RNGHStylusData.m

⚠️  (node_modules/react-native-gesture-handler/apple/RNGHStylusData.h:23:16)

  21 | @end
  22 |
> 23 | static CGPoint ghSpherical2tilt(double altitudeAngle, double azimuthAngle)
     |                ^ unused function 'ghSpherical2tilt' [-Wunused-function]
  24 | {
  25 |   CGPoint tilts = {.x = 0.0, .y = 0.0};
  26 |

› Copying   RNCAsyncStorage/RNCAsyncStorage_resources.bundle/PrivacyInfo.xcprivacy ➜ node_modules/@react-native-async-storage/async-storage/ios/PrivacyInfo.xcprivacy
› Compiling react-native-gesture-handler Pods/RNGestureHandler » RNForceTouchHandler.m

⚠️  (node_modules/react-native-gesture-handler/apple/RNGHStylusData.h:23:16)

  21 | @end
  22 |
> 23 | static CGPoint ghSpherical2tilt(double altitudeAngle, double azimuthAngle)
     |                ^ unused function 'ghSpherical2tilt' [-Wunused-function]
  24 | {
  25 |   CGPoint tilts = {.x = 0.0, .y = 0.0};
  26 |

› Compiling @react-native-community/datetimepicker Pods/RNDateTimePicker » RNDateTimePickerShadowView.m
› Copying   ExpoSystemUI/ExpoSystemUI_privacy.bundle/PrivacyInfo.xcprivacy ➜ node_modules/expo-system-ui/ios/PrivacyInfo.xcprivacy
› Compiling @react-native-community/datetimepicker Pods/RNDateTimePicker » RNDateTimePickerManager.m

⚠️  (node_modules/@react-native-community/datetimepicker/ios/RNDateTimePickerManager.m:47:1)

  45 |
  46 |
> 47 | RCT_ENUM_CONVERTER(UIUserInterfaceStyle, (@{
     | ^ category is implementing a method which will also be implemented by its primary class [-Wobjc-protocol-method-implementation]
  48 |     @"dark": @(UIUserInterfaceStyleDark),
  49 |     @"light": @(UIUserInterfaceStyleLight),
  50 | }), UIUserInterfaceStyleUnspecified, integerValue)


⚠️  (node_modules/expo-media-library/ios/TestSupport.swift:4:7)

  2 | import Photos
  3 |
> 4 | class MockPHAsset: PHAsset {
    |       ^ class 'MockPHAsset' must restate inherited '@unchecked Sendable' conformance
  5 |   private var id: Int
  6 |
  7 |   init(id: Int) {


⚠️  (node_modules/expo-media-library/ios/TestSupport.swift:17:7)

  15 |
  16 | // we override exactly those methods that `getAssets()` uses, imitating Apple's implementation
> 17 | class MockFetchResult: PHFetchResult<PHAsset> {
     |       ^ class 'MockFetchResult' must restate inherited '@unchecked Sendable' conformance
  18 |   private var assets: [PHAsset]
  19 |
  20 |   init(assets: [PHAsset]) {


⚠️  (node_modules/expo-media-library/ios/MediaLibraryUtilities.swift:196:41)

  194 |   var albums = [[String: Any?]?]()
  195 |   collections.enumerateObjects { collection, _, _ in
> 196 |     if let assetCollection = collection as? PHAssetCollection {
      |                                         ^ conditional cast from 'PHAssetCollection' to 'PHAssetCollection' always succeeds
  197 |       if let folder {
  198 |         albums.append(
  199 |           exportCollection(assetCollection, folderName: folder))


⚠️  (node_modules/expo-media-library/ios/MediaLibraryUtilities.swift:203:47)

  201 |         albums.append(exportCollection(assetCollection, folderName: nil))
  202 |       }
> 203 |     } else if let collectionList = collection as? PHCollectionList {
      |                                               ^ cast from 'PHAssetCollection' to unrelated type 'PHCollectionList' always fails
  204 |       let collectionsInFolder = PHCollectionList.fetchCollections(in: collectionList, options: options)
  205 |       albums.append(contentsOf: exportCollections(collections: collectionsInFolder, with: options, in: collectionList.localizedTitle))
  206 |     }

› Preparing Pods/expo-dev-launcher-EXDevLauncher » ResourceBundle-EXDevLauncher-expo-dev-launcher-Info.plist

⚠️  (node_modules/expo-media-library/ios/MediaLibraryModule.swift:16:5)

  14 |     Events("mediaLibraryDidChange")
  15 |
> 16 |     Constants {
     |     ^ 'Constants' is deprecated: Use `Constant` or `Property` instead
  17 |       [
  18 |         "MediaType": [
  19 |           "audio": "audio",


⚠️  (node_modules/expo-media-library/ios/MediaLibraryModule.swift:233:43)

  231 |       options.includeAllBurstAssets = false
  232 |
> 233 |       let fetchResult = PHAssetCollection.fetchMoments(with: options)
      |                                           ^ 'fetchMoments' was deprecated in iOS 13: Will be removed in a future release
  234 |       let albums = exportCollections(collections: fetchResult, with: options, in: nil)
  235 |
  236 |       promise.resolve(albums)

› Preparing Pods/ExpoFileSystem-ExpoFileSystem_privacy » ResourceBundle-ExpoFileSystem_privacy-ExpoFileSystem-Info.plist
› Copying   ExpoFileSystem/ExpoFileSystem_privacy.bundle/PrivacyInfo.xcprivacy ➜ node_modules/expo-file-system/ios/PrivacyInfo.xcprivacy
› Copying   expo-dev-launcher/EXDevLauncher.bundle/main.jsbundle ➜ node_modules/expo-dev-launcher/ios/main.jsbundle

⚠️  (node_modules/expo-file-system/ios/Next/FileSystemNextModule.swift:10:5)

   8 |     Name("FileSystemNext")
   9 |
> 10 |     Constants {
     |     ^ 'Constants' is deprecated: Use `Constant` or `Property` instead
  11 |       return [
  12 |         "documentDirectory": appContext?.config.documentDirectory?.absoluteString,
  13 |         "cacheDirectory": appContext?.config.cacheDirectory?.absoluteString,


⚠️  (node_modules/expo-file-system/ios/FileSystemModule.swift:31:5)

  29 |     Name("ExponentFileSystem")
  30 |
> 31 |     Constants {
     |     ^ 'Constants' is deprecated: Use `Constant` or `Property` instead
  32 |       return [
  33 |         "documentDirectory": documentDirectory?.absoluteString,
  34 |         "cacheDirectory": cacheDirectory?.absoluteString,

› Packaging react-native-gesture-handler Pods/RNGestureHandler » libRNGestureHandler.a

⚠️  (node_modules/expo-file-system/ios/NetworkingHelpers.swift:7:23)

   5 |
   6 | func findMimeType(forAttachment attachment: URL) -> String {
>  7 |   if let identifier = UTTypeCreatePreferredIdentifierForTag(kUTTagClassFilenameExtension, attachment.pathExtension as CFString, nil)?.takeRetainedValue() {
     |                       ^ 'UTTypeCreatePreferredIdentifierForTag' was deprecated in iOS 15.0: Use the UTType class instead.
   8 |     if let type = UTTypeCopyPreferredTagWithClass(identifier, kUTTagClassMIMEType)?.takeRetainedValue() {
   9 |       return type as String
  10 |     }


⚠️  (node_modules/expo-file-system/ios/NetworkingHelpers.swift:7:61)

   5 |
   6 | func findMimeType(forAttachment attachment: URL) -> String {
>  7 |   if let identifier = UTTypeCreatePreferredIdentifierForTag(kUTTagClassFilenameExtension, attachment.pathExtension as CFString, nil)?.takeRetainedValue() {
     |                                                             ^ 'kUTTagClassFilenameExtension' was deprecated in iOS 15.0: Use UTTagClassFilenameExtension instead.
   8 |     if let type = UTTypeCopyPreferredTagWithClass(identifier, kUTTagClassMIMEType)?.takeRetainedValue() {
   9 |       return type as String
  10 |     }


⚠️  (node_modules/expo-file-system/ios/NetworkingHelpers.swift:8:19)

   6 | func findMimeType(forAttachment attachment: URL) -> String {
   7 |   if let identifier = UTTypeCreatePreferredIdentifierForTag(kUTTagClassFilenameExtension, attachment.pathExtension as CFString, nil)?.takeRetainedValue() {
>  8 |     if let type = UTTypeCopyPreferredTagWithClass(identifier, kUTTagClassMIMEType)?.takeRetainedValue() {
     |                   ^ 'UTTypeCopyPreferredTagWithClass' was deprecated in iOS 15.0: Use the UTType class instead.
   9 |       return type as String
  10 |     }
  11 |   }


⚠️  (node_modules/expo-file-system/ios/NetworkingHelpers.swift:8:63)

   6 | func findMimeType(forAttachment attachment: URL) -> String {
   7 |   if let identifier = UTTypeCreatePreferredIdentifierForTag(kUTTagClassFilenameExtension, attachment.pathExtension as CFString, nil)?.takeRetainedValue() {
>  8 |     if let type = UTTypeCopyPreferredTagWithClass(identifier, kUTTagClassMIMEType)?.takeRetainedValue() {
     |                                                               ^ 'kUTTagClassMIMEType' was deprecated in iOS 15.0: Use UTTagClassMIMEType instead.
   9 |       return type as String
  10 |     }
  11 |   }

› Preparing expo-updates Pods/EXUpdates-EXUpdates » ResourceBundle-EXUpdates-EXUpdates-Info.plist
› Compiling expo-structured-headers Pods/EXStructuredHeaders » EXStructuredHeadersParser.m
› Preparing Pods/EXConstants-ExpoConstants_privacy » ResourceBundle-ExpoConstants_privacy-EXConstants-Info.plist
› Preparing expo-constants Pods/EXConstants-EXConstants » ResourceBundle-EXConstants-EXConstants-Info.plist
› Copying   EXConstants/ExpoConstants_privacy.bundle/PrivacyInfo.xcprivacy ➜ node_modules/expo-constants/ios/PrivacyInfo.xcprivacy
› Packaging expo-structured-headers Pods/EXStructuredHeaders » libEXStructuredHeaders.a

⚠️  (node_modules/expo-router/ios/ExpoHeadModule.swift:41:16)

  39 | var launchedActivity: NSUserActivity?
  40 |
> 41 | internal class InvalidSchemeException: Exception {
     |                ^ non-final class 'InvalidSchemeException' cannot conform to 'Sendable'; use '@unchecked Sendable'; this is an error in the Swift 6 language mode
  42 |   override var reason: String {
  43 |     "Scheme file:// is not allowed for location origin (webpageUrl in NSUserActivity)"
  44 |   }


⚠️  (node_modules/expo-router/ios/ExpoHeadModule.swift:64:5)

  62 |     Name("ExpoHead")
  63 |
> 64 |     Constants([
     |     ^ 'Constants' is deprecated: Use `Constant` or `Property` instead
  65 |       "activities": [
  66 |         "INDEXED_ROUTE": indexRouteTag
  67 |       ]


⚠️  (node_modules/expo-router/ios/ExpoHeadModule.swift:74:26)

  72 |         return [
  73 |           "activityType": activity.activityType,
> 74 |           "description": activity.contentAttributeSet?.contentDescription,
     |                          ^ expression implicitly coerced from 'String?' to 'Any'
  75 |           "id": activity.persistentIdentifier,
  76 |           "isEligibleForHandoff": activity.isEligibleForHandoff,
  77 |           "isEligibleForPrediction": activity.isEligibleForPrediction,


⚠️  (node_modules/expo-router/ios/ExpoHeadModule.swift:75:17)

  73 |           "activityType": activity.activityType,
  74 |           "description": activity.contentAttributeSet?.contentDescription,
> 75 |           "id": activity.persistentIdentifier,
     |                 ^ expression implicitly coerced from 'NSUserActivityPersistentIdentifier?' to 'Any'
  76 |           "isEligibleForHandoff": activity.isEligibleForHandoff,
  77 |           "isEligibleForPrediction": activity.isEligibleForPrediction,
  78 |           "isEligibleForPublicIndexing": activity.isEligibleForPublicIndexing,


⚠️  (node_modules/expo-router/ios/ExpoHeadModule.swift:80:20)

  78 |           "isEligibleForPublicIndexing": activity.isEligibleForPublicIndexing,
  79 |           "isEligibleForSearch": activity.isEligibleForSearch,
> 80 |           "title": activity.title,
     |                    ^ expression implicitly coerced from 'String?' to 'Any'
  81 |           "webpageURL": activity.webpageURL,
  82 |           "imageUrl": activity.contentAttributeSet?.thumbnailURL,
  83 |           "keywords": activity.keywords,


⚠️  (node_modules/expo-router/ios/ExpoHeadModule.swift:81:25)

  79 |           "isEligibleForSearch": activity.isEligibleForSearch,
  80 |           "title": activity.title,
> 81 |           "webpageURL": activity.webpageURL,
     |                         ^ expression implicitly coerced from 'URL?' to 'Any'
  82 |           "imageUrl": activity.contentAttributeSet?.thumbnailURL,
  83 |           "keywords": activity.keywords,
  84 |           "dateModified": activity.contentAttributeSet?.metadataModificationDate,


⚠️  (node_modules/expo-router/ios/ExpoHeadModule.swift:82:23)

  80 |           "title": activity.title,
  81 |           "webpageURL": activity.webpageURL,
> 82 |           "imageUrl": activity.contentAttributeSet?.thumbnailURL,
     |                       ^ expression implicitly coerced from 'URL?' to 'Any'
  83 |           "keywords": activity.keywords,
  84 |           "dateModified": activity.contentAttributeSet?.metadataModificationDate,
  85 |           "userInfo": activity.userInfo


⚠️  (node_modules/expo-router/ios/ExpoHeadModule.swift:84:27)

  82 |           "imageUrl": activity.contentAttributeSet?.thumbnailURL,
  83 |           "keywords": activity.keywords,
> 84 |           "dateModified": activity.contentAttributeSet?.metadataModificationDate,
     |                           ^ expression implicitly coerced from 'Date?' to 'Any'
  85 |           "userInfo": activity.userInfo
  86 |         ]
  87 |       }


⚠️  (node_modules/expo-router/ios/ExpoHeadModule.swift:85:23)

  83 |           "keywords": activity.keywords,
  84 |           "dateModified": activity.contentAttributeSet?.metadataModificationDate,
> 85 |           "userInfo": activity.userInfo
     |                       ^ expression implicitly coerced from '[AnyHashable : Any]?' to 'Any'
  86 |         ]
  87 |       }
  88 |       return nil


⚠️  (node_modules/expo-router/ios/ExpoHeadModule.swift:128:61)

  126 |
  127 |   func createOrUpdateActivity(value: MetadataOptions) -> NSUserActivity {
> 128 |     let att = CSSearchableItemAttributeSet(itemContentType: kUTTypeText as String)
      |                                                             ^ 'kUTTypeText' was deprecated in iOS 15.0: Use UTTypeText or UTType.text instead.
  129 |     let existing = self.activities.first(where: { $0.persistentIdentifier == value.id })
  130 |     let activity = existing ?? NSUserActivity(activityType: value.activityType)
  131 |


⚠️  (node_modules/expo-router/ios/ExpoHeadModule.swift:162:12)

  160 |     att.domainIdentifier = indexRouteTag
  161 |
> 162 |     if let localUrl = value.imageUrl?.path {
      |            ^ value 'localUrl' was defined but never used; consider replacing with boolean test
  163 |       att.thumbnailURL = value.imageUrl
  164 |     }
  165 |


⚠️  (node_modules/expo-manifests/ios/EXManifests/EmbeddedManifest.swift:29:75)

  27 |
  28 |   public override func stableLegacyId() -> String {
> 29 |     return rawManifestJSON().optionalValue(forKey: "originalFullName") ?? legacyId()
     |                                                                           ^ 'legacyId' is deprecated: Prefer scopeKey or projectId depending on use case
  30 |   }
  31 |
  32 |   public override func scopeKey() -> String {

› Compiling expo-web-browser Pods/ExpoWebBrowser » ExpoWebBrowser-dummy.m
› Compiling expo-system-ui Pods/ExpoSystemUI » ExpoSystemUI-dummy.m
› Compiling expo-splash-screen Pods/ExpoSplashScreen » ExpoSplashScreen-dummy.m
› Compiling expo-media-library Pods/ExpoMediaLibrary » ExpoMediaLibrary-dummy.m
› Compiling expo-file-system Pods/ExpoFileSystem » ExpoFileSystem-dummy.m

⚠️  (ios/Pods/Headers/Public/ExpoModulesCore/ExpoModulesCore/EXNativeModulesProxy.h:13:4)

  11 | @interface EXModulesProxyConfig : NSObject
  12 |
> 13 | - (instancetype)initWithConstants:(nonnull NSDictionary *)constants
     |    ^ pointer is missing a nullability type specifier 
  14 |                       methodNames:(nonnull NSDictionary *)methodNames
  15 |                      viewManagers:(nonnull NSDictionary *)viewManagerMetadata;
  16 |

› Compiling expo-file-system Pods/ExpoFileSystem » EXSessionHandler.m
› Compiling expo-json-utils Pods/EXJSONUtils » NSDictionary+EXJSONUtils.m
› Packaging expo-json-utils Pods/EXJSONUtils » libEXJSONUtils.a
› Packaging @react-native-async-storage/async-storage Pods/RNCAsyncStorage » libRNCAsyncStorage.a
› Packaging expo-web-browser Pods/ExpoWebBrowser » libExpoWebBrowser.a
› Packaging expo-splash-screen Pods/ExpoSplashScreen » libExpoSplashScreen.a
› Packaging expo-system-ui Pods/ExpoSystemUI » libExpoSystemUI.a

⚠️  (node_modules/expo-eas-client/ios/EASClient/EASClientModule.swift:9:5)

   7 |     Name("EASClient")
   8 |
>  9 |     Constants([
     |     ^ 'Constants' is deprecated: Use `Constant` or `Property` instead
  10 |       "clientID": EASClientID.uuid().uuidString
  11 |     ])
  12 |   }

› Compiling expo-media-library Pods/ExpoMediaLibrary » MediaLibraryImageLoader.m

⚠️  (node_modules/expo-media-library/ios/MediaLibraryImageLoader.m:54:24)

  52 |   } else if ([imageURL.scheme caseInsensitiveCompare:@"assets-library"] == NSOrderedSame) {
  53 |     assetID = [imageURL absoluteString];
> 54 |     results = [PHAsset fetchAssetsWithALAssetURLs:@[imageURL] options:nil];
     |                        ^ 'fetchAssetsWithALAssetURLs:options:' is deprecated: first deprecated in iOS 11 - Will be removed in a future release [-Wdeprecated-declarations]
  55 |   } else {
  56 |     assetID = [imageURL.absoluteString substringFromIndex:@"ph://".length];
  57 |     results = [PHAsset fetchAssetsWithLocalIdentifiers:@[assetID] options:nil];


⚠️  (node_modules/expo/ios/AppDelegates/ExpoAppDelegate.swift:14:12)

  12 |  */
  13 | @objc(EXExpoAppDelegate)
> 14 | open class ExpoAppDelegate: UIResponder, @preconcurrency ReactNativeFactoryProvider, UIApplicationDelegate {
     |            ^ '@preconcurrency' on conformance to 'ReactNativeFactoryProvider' has no effect
  15 |   @objc public var factory: RCTReactNativeFactory?
  16 |   private let defaultModuleName = "main"
  17 |   private let defaultInitialProps = [AnyHashable: Any]()

› Packaging expo-media-library Pods/ExpoMediaLibrary » libExpoMediaLibrary.a
› Compiling expo-file-system Pods/ExpoFileSystem » NSData+EXFileSystem.m

⚠️  (node_modules/expo-file-system/ios/NSData+EXFileSystem.m:11:3)

   9 | {
  10 |   unsigned char digest[CC_MD5_DIGEST_LENGTH];
> 11 |   CC_MD5(self.bytes, (CC_LONG) self.length, digest);
     |   ^ 'CC_MD5' is deprecated: first deprecated in iOS 13.0 - This function is cryptographically broken and should not be used in security contexts. Clients should migrate to SHA256 . [-Wdeprecated-declarations]
  12 |   NSMutableString *md5 = [NSMutableString stringWithCapacity:2 * CC_MD5_DIGEST_LENGTH];
  13 |   for (unsigned int i = 0; i < CC_MD5_DIGEST_LENGTH; ++i) {
  14 |     [md5 appendFormat:@"%02x", digest[i]];

› Compiling expo-file-system Pods/ExpoFileSystem » EXTaskHandlersManager.m

⚠️  (node_modules/expo-file-system/ios/EXSessionTasks/EXTaskHandlersManager.m:45:12)

  43 |   NSURLSessionTask *task = [self taskForId:uuid];
  44 |   if ([task isKindOfClass:[NSURLSessionUploadTask class]]) {
> 45 |     return (NSURLSessionDownloadTask *)task;
     |            ^ incompatible pointer types returning 'NSURLSessionDownloadTask *' from a function with result type 'NSURLSessionUploadTask * _Nullable' [-Wincompatible-pointer-types]
  46 |   }
  47 |   
  48 |   return nil;

› Compiling expo-file-system Pods/ExpoFileSystem » EXSessionUploadTaskDelegate.m

⚠️  (node_modules/expo-file-system/ios/EXSessionTasks/EXSessionTaskDelegate.h:8:41)

   6 | @interface EXSessionTaskDelegate : NSObject
   7 |
>  8 | @property (nonatomic, strong, readonly) EXPromiseResolveBlock resolve;
     |                                         ^ block pointer is missing a nullability type specifier [-Wnullability-completeness]
   9 | @property (nonatomic, strong, readonly) EXPromiseRejectBlock reject;
  10 |
  11 | - (nonnull instancetype)initWithResolve:(EXPromiseResolveBlock)resolve


⚠️  (node_modules/expo-file-system/ios/EXSessionTasks/EXSessionTaskDelegate.h:11:42)

   9 | @property (nonatomic, strong, readonly) EXPromiseRejectBlock reject;
  10 |
> 11 | - (nonnull instancetype)initWithResolve:(EXPromiseResolveBlock)resolve
     |                                          ^ block pointer is missing a nullability type specifier [-Wnullability-completeness]
  12 |                                  reject:(EXPromiseRejectBlock)reject;
  13 |
  14 | - (void)URLSession:(NSURLSession *)session downloadTask:(NSURLSessionDownloadTask *)downloadTask didFinishDownloadingToURL:(NSURL *)location;


⚠️  (node_modules/expo-file-system/ios/EXSessionTasks/EXSessionTaskDelegate.h:12:42)

  10 |
  11 | - (nonnull instancetype)initWithResolve:(EXPromiseResolveBlock)resolve
> 12 |                                  reject:(EXPromiseRejectBlock)reject;
     |                                          ^ block pointer is missing a nullability type specifier [-Wnullability-completeness]
  13 |
  14 | - (void)URLSession:(NSURLSession *)session downloadTask:(NSURLSessionDownloadTask *)downloadTask didFinishDownloadingToURL:(NSURL *)location;
  15 |


⚠️  (node_modules/expo-file-system/ios/EXSessionTasks/EXSessionTaskDelegate.h:14:34)

  12 |                                  reject:(EXPromiseRejectBlock)reject;
  13 |
> 14 | - (void)URLSession:(NSURLSession *)session downloadTask:(NSURLSessionDownloadTask *)downloadTask didFinishDownloadingToURL:(NSURL *)location;
     |                                  ^ pointer is missing a nullability type specifier [-Wnullability-completeness]
  15 |
  16 | - (void)URLSession:(NSURLSession *)session task:(NSURLSessionTask *)task didCompleteWithError:(NSError *)error;
  17 |


⚠️  (node_modules/expo-file-system/ios/EXSessionTasks/EXSessionTaskDelegate.h:14:83)

  12 |                                  reject:(EXPromiseRejectBlock)reject;
  13 |
> 14 | - (void)URLSession:(NSURLSession *)session downloadTask:(NSURLSessionDownloadTask *)downloadTask didFinishDownloadingToURL:(NSURL *)location;
     |                                                                                   ^ pointer is missing a nullability type specifier [-Wnullability-completeness]
  15 |
  16 | - (void)URLSession:(NSURLSession *)session task:(NSURLSessionTask *)task didCompleteWithError:(NSError *)error;
  17 |


⚠️  (node_modules/expo-file-system/ios/EXSessionTasks/EXSessionTaskDelegate.h:14:131)

  12 |                                  reject:(EXPromiseRejectBlock)reject;
  13 |
> 14 | - (void)URLSession:(NSURLSession *)session downloadTask:(NSURLSessionDownloadTask *)downloadTask didFinishDownloadingToURL:(NSURL *)location;
     |                                                                                                                                   ^ pointer is missing a nullability type specifier [-Wnullability-completeness]
  15 |
  16 | - (void)URLSession:(NSURLSession *)session task:(NSURLSessionTask *)task didCompleteWithError:(NSError *)error;
  17 |


⚠️  (node_modules/expo-file-system/ios/EXSessionTasks/EXSessionTaskDelegate.h:16:34)

  14 | - (void)URLSession:(NSURLSession *)session downloadTask:(NSURLSessionDownloadTask *)downloadTask didFinishDownloadingToURL:(NSURL *)location;
  15 |
> 16 | - (void)URLSession:(NSURLSession *)session task:(NSURLSessionTask *)task didCompleteWithError:(NSError *)error;
     |                                  ^ pointer is missing a nullability type specifier [-Wnullability-completeness]
  17 |
  18 | - (void)URLSession:(NSURLSession *)session downloadTask:(NSURLSessionDownloadTask *)downloadTask
  19 |                                            didWriteData:(int64_t)bytesWritten


⚠️  (node_modules/expo-file-system/ios/EXSessionTasks/EXSessionTaskDelegate.h:16:67)

  14 | - (void)URLSession:(NSURLSession *)session downloadTask:(NSURLSessionDownloadTask *)downloadTask didFinishDownloadingToURL:(NSURL *)location;
  15 |
> 16 | - (void)URLSession:(NSURLSession *)session task:(NSURLSessionTask *)task didCompleteWithError:(NSError *)error;
     |                                                                   ^ pointer is missing a nullability type specifier [-Wnullability-completeness]
  17 |
  18 | - (void)URLSession:(NSURLSession *)session downloadTask:(NSURLSessionDownloadTask *)downloadTask
  19 |                                            didWriteData:(int64_t)bytesWritten


⚠️  (node_modules/expo-file-system/ios/EXSessionTasks/EXSessionTaskDelegate.h:16:104)

  14 | - (void)URLSession:(NSURLSession *)session downloadTask:(NSURLSessionDownloadTask *)downloadTask didFinishDownloadingToURL:(NSURL *)location;
  15 |
> 16 | - (void)URLSession:(NSURLSession *)session task:(NSURLSessionTask *)task didCompleteWithError:(NSError *)error;
     |                                                                                                        ^ pointer is missing a nullability type specifier [-Wnullability-completeness]
  17 |
  18 | - (void)URLSession:(NSURLSession *)session downloadTask:(NSURLSessionDownloadTask *)downloadTask
  19 |                                            didWriteData:(int64_t)bytesWritten


⚠️  (node_modules/expo-file-system/ios/EXSessionTasks/EXSessionTaskDelegate.h:18:34)

  16 | - (void)URLSession:(NSURLSession *)session task:(NSURLSessionTask *)task didCompleteWithError:(NSError *)error;
  17 |
> 18 | - (void)URLSession:(NSURLSession *)session downloadTask:(NSURLSessionDownloadTask *)downloadTask
     |                                  ^ pointer is missing a nullability type specifier [-Wnullability-completeness]
  19 |                                            didWriteData:(int64_t)bytesWritten
  20 |                                       totalBytesWritten:(int64_t)totalBytesWritten
  21 |                               totalBytesExpectedToWrite:(int64_t)totalBytesExpectedToWrite;


⚠️  (node_modules/expo-file-system/ios/EXSessionTasks/EXSessionTaskDelegate.h:18:83)

  16 | - (void)URLSession:(NSURLSession *)session task:(NSURLSessionTask *)task didCompleteWithError:(NSError *)error;
  17 |
> 18 | - (void)URLSession:(NSURLSession *)session downloadTask:(NSURLSessionDownloadTask *)downloadTask
     |                                                                                   ^ pointer is missing a nullability type specifier [-Wnullability-completeness]
  19 |                                            didWriteData:(int64_t)bytesWritten
  20 |                                       totalBytesWritten:(int64_t)totalBytesWritten
  21 |                               totalBytesExpectedToWrite:(int64_t)totalBytesExpectedToWrite;


⚠️  (node_modules/expo-file-system/ios/EXSessionTasks/EXSessionTaskDelegate.h:23:34)

  21 |                               totalBytesExpectedToWrite:(int64_t)totalBytesExpectedToWrite;
  22 |
> 23 | - (void)URLSession:(NSURLSession *)session dataTask:(NSURLSessionDataTask *)dataTask didReceiveData:(NSData *)data;
     |                                  ^ pointer is missing a nullability type specifier [-Wnullability-completeness]
  24 |
  25 | - (void)URLSession:(NSURLSession *)session task:(NSURLSessionTask *)task
  26 |                                 didSendBodyData:(int64_t)bytesSent


⚠️  (node_modules/expo-file-system/ios/EXSessionTasks/EXSessionTaskDelegate.h:23:75)

  21 |                               totalBytesExpectedToWrite:(int64_t)totalBytesExpectedToWrite;
  22 |
> 23 | - (void)URLSession:(NSURLSession *)session dataTask:(NSURLSessionDataTask *)dataTask didReceiveData:(NSData *)data;
     |                                                                           ^ pointer is missing a nullability type specifier [-Wnullability-completeness]
  24 |
  25 | - (void)URLSession:(NSURLSession *)session task:(NSURLSessionTask *)task
  26 |                                 didSendBodyData:(int64_t)bytesSent


⚠️  (node_modules/expo-file-system/ios/EXSessionTasks/EXSessionTaskDelegate.h:23:109)

  21 |                               totalBytesExpectedToWrite:(int64_t)totalBytesExpectedToWrite;
  22 |
> 23 | - (void)URLSession:(NSURLSession *)session dataTask:(NSURLSessionDataTask *)dataTask didReceiveData:(NSData *)data;
     |                                                                                                             ^ pointer is missing a nullability type specifier [-Wnullability-completeness]
  24 |
  25 | - (void)URLSession:(NSURLSession *)session task:(NSURLSessionTask *)task
  26 |                                 didSendBodyData:(int64_t)bytesSent


⚠️  (node_modules/expo-file-system/ios/EXSessionTasks/EXSessionTaskDelegate.h:25:34)

  23 | - (void)URLSession:(NSURLSession *)session dataTask:(NSURLSessionDataTask *)dataTask didReceiveData:(NSData *)data;
  24 |
> 25 | - (void)URLSession:(NSURLSession *)session task:(NSURLSessionTask *)task
     |                                  ^ pointer is missing a nullability type specifier [-Wnullability-completeness]
  26 |                                 didSendBodyData:(int64_t)bytesSent
  27 |                                  totalBytesSent:(int64_t)totalBytesSent
  28 |                        totalBytesExpectedToSend:(int64_t)totalBytesExpectedToSend;


⚠️  (node_modules/expo-file-system/ios/EXSessionTasks/EXSessionTaskDelegate.h:25:67)

  23 | - (void)URLSession:(NSURLSession *)session dataTask:(NSURLSessionDataTask *)dataTask didReceiveData:(NSData *)data;
  24 |
> 25 | - (void)URLSession:(NSURLSession *)session task:(NSURLSessionTask *)task
     |                                                                   ^ pointer is missing a nullability type specifier [-Wnullability-completeness]
  26 |                                 didSendBodyData:(int64_t)bytesSent
  27 |                                  totalBytesSent:(int64_t)totalBytesSent
  28 |                        totalBytesExpectedToSend:(int64_t)totalBytesExpectedToSend;


⚠️  (node_modules/expo-file-system/ios/EXSessionTasks/EXSessionTaskDelegate.h:30:17)

  28 |                        totalBytesExpectedToSend:(int64_t)totalBytesExpectedToSend;
  29 |
> 30 | - (NSDictionary *)parseServerResponse:(NSURLResponse *)response;
     |                 ^ pointer is missing a nullability type specifier [-Wnullability-completeness]
  31 |
  32 | @end
  33 |


⚠️  (node_modules/expo-file-system/ios/EXSessionTasks/EXSessionTaskDelegate.h:30:54)

  28 |                        totalBytesExpectedToSend:(int64_t)totalBytesExpectedToSend;
  29 |
> 30 | - (NSDictionary *)parseServerResponse:(NSURLResponse *)response;
     |                                                      ^ pointer is missing a nullability type specifier [-Wnullability-completeness]
  31 |
  32 | @end
  33 |

› Compiling expo-file-system Pods/ExpoFileSystem » EXSessionTaskDispatcher.m

⚠️  (node_modules/expo-file-system/ios/EXSessionTasks/EXSessionTaskDelegate.h:8:41)

   6 | @interface EXSessionTaskDelegate : NSObject
   7 |
>  8 | @property (nonatomic, strong, readonly) EXPromiseResolveBlock resolve;
     |                                         ^ block pointer is missing a nullability type specifier [-Wnullability-completeness]
   9 | @property (nonatomic, strong, readonly) EXPromiseRejectBlock reject;
  10 |
  11 | - (nonnull instancetype)initWithResolve:(EXPromiseResolveBlock)resolve


⚠️  (node_modules/expo-file-system/ios/EXSessionTasks/EXSessionTaskDelegate.h:11:42)

   9 | @property (nonatomic, strong, readonly) EXPromiseRejectBlock reject;
  10 |
> 11 | - (nonnull instancetype)initWithResolve:(EXPromiseResolveBlock)resolve
     |                                          ^ block pointer is missing a nullability type specifier [-Wnullability-completeness]
  12 |                                  reject:(EXPromiseRejectBlock)reject;
  13 |
  14 | - (void)URLSession:(NSURLSession *)session downloadTask:(NSURLSessionDownloadTask *)downloadTask didFinishDownloadingToURL:(NSURL *)location;


⚠️  (node_modules/expo-file-system/ios/EXSessionTasks/EXSessionTaskDelegate.h:12:42)

  10 |
  11 | - (nonnull instancetype)initWithResolve:(EXPromiseResolveBlock)resolve
> 12 |                                  reject:(EXPromiseRejectBlock)reject;
     |                                          ^ block pointer is missing a nullability type specifier [-Wnullability-completeness]
  13 |
  14 | - (void)URLSession:(NSURLSession *)session downloadTask:(NSURLSessionDownloadTask *)downloadTask didFinishDownloadingToURL:(NSURL *)location;
  15 |


⚠️  (node_modules/expo-file-system/ios/EXSessionTasks/EXSessionTaskDelegate.h:14:34)

  12 |                                  reject:(EXPromiseRejectBlock)reject;
  13 |
> 14 | - (void)URLSession:(NSURLSession *)session downloadTask:(NSURLSessionDownloadTask *)downloadTask didFinishDownloadingToURL:(NSURL *)location;
     |                                  ^ pointer is missing a nullability type specifier [-Wnullability-completeness]
  15 |
  16 | - (void)URLSession:(NSURLSession *)session task:(NSURLSessionTask *)task didCompleteWithError:(NSError *)error;
  17 |


⚠️  (node_modules/expo-file-system/ios/EXSessionTasks/EXSessionTaskDelegate.h:14:83)

  12 |                                  reject:(EXPromiseRejectBlock)reject;
  13 |
> 14 | - (void)URLSession:(NSURLSession *)session downloadTask:(NSURLSessionDownloadTask *)downloadTask didFinishDownloadingToURL:(NSURL *)location;
     |                                                                                   ^ pointer is missing a nullability type specifier [-Wnullability-completeness]
  15 |
  16 | - (void)URLSession:(NSURLSession *)session task:(NSURLSessionTask *)task didCompleteWithError:(NSError *)error;
  17 |


⚠️  (node_modules/expo-file-system/ios/EXSessionTasks/EXSessionTaskDelegate.h:14:131)

  12 |                                  reject:(EXPromiseRejectBlock)reject;
  13 |
> 14 | - (void)URLSession:(NSURLSession *)session downloadTask:(NSURLSessionDownloadTask *)downloadTask didFinishDownloadingToURL:(NSURL *)location;
     |                                                                                                                                   ^ pointer is missing a nullability type specifier [-Wnullability-completeness]
  15 |
  16 | - (void)URLSession:(NSURLSession *)session task:(NSURLSessionTask *)task didCompleteWithError:(NSError *)error;
  17 |


⚠️  (node_modules/expo-file-system/ios/EXSessionTasks/EXSessionTaskDelegate.h:16:34)

  14 | - (void)URLSession:(NSURLSession *)session downloadTask:(NSURLSessionDownloadTask *)downloadTask didFinishDownloadingToURL:(NSURL *)location;
  15 |
> 16 | - (void)URLSession:(NSURLSession *)session task:(NSURLSessionTask *)task didCompleteWithError:(NSError *)error;
     |                                  ^ pointer is missing a nullability type specifier [-Wnullability-completeness]
  17 |
  18 | - (void)URLSession:(NSURLSession *)session downloadTask:(NSURLSessionDownloadTask *)downloadTask
  19 |                                            didWriteData:(int64_t)bytesWritten


⚠️  (node_modules/expo-file-system/ios/EXSessionTasks/EXSessionTaskDelegate.h:16:67)

  14 | - (void)URLSession:(NSURLSession *)session downloadTask:(NSURLSessionDownloadTask *)downloadTask didFinishDownloadingToURL:(NSURL *)location;
  15 |
> 16 | - (void)URLSession:(NSURLSession *)session task:(NSURLSessionTask *)task didCompleteWithError:(NSError *)error;
     |                                                                   ^ pointer is missing a nullability type specifier [-Wnullability-completeness]
  17 |
  18 | - (void)URLSession:(NSURLSession *)session downloadTask:(NSURLSessionDownloadTask *)downloadTask
  19 |                                            didWriteData:(int64_t)bytesWritten


⚠️  (node_modules/expo-file-system/ios/EXSessionTasks/EXSessionTaskDelegate.h:16:104)

  14 | - (void)URLSession:(NSURLSession *)session downloadTask:(NSURLSessionDownloadTask *)downloadTask didFinishDownloadingToURL:(NSURL *)location;
  15 |
> 16 | - (void)URLSession:(NSURLSession *)session task:(NSURLSessionTask *)task didCompleteWithError:(NSError *)error;
     |                                                                                                        ^ pointer is missing a nullability type specifier [-Wnullability-completeness]
  17 |
  18 | - (void)URLSession:(NSURLSession *)session downloadTask:(NSURLSessionDownloadTask *)downloadTask
  19 |                                            didWriteData:(int64_t)bytesWritten


⚠️  (node_modules/expo-file-system/ios/EXSessionTasks/EXSessionTaskDelegate.h:18:34)

  16 | - (void)URLSession:(NSURLSession *)session task:(NSURLSessionTask *)task didCompleteWithError:(NSError *)error;
  17 |
> 18 | - (void)URLSession:(NSURLSession *)session downloadTask:(NSURLSessionDownloadTask *)downloadTask
     |                                  ^ pointer is missing a nullability type specifier [-Wnullability-completeness]
  19 |                                            didWriteData:(int64_t)bytesWritten
  20 |                                       totalBytesWritten:(int64_t)totalBytesWritten
  21 |                               totalBytesExpectedToWrite:(int64_t)totalBytesExpectedToWrite;


⚠️  (node_modules/expo-file-system/ios/EXSessionTasks/EXSessionTaskDelegate.h:18:83)

  16 | - (void)URLSession:(NSURLSession *)session task:(NSURLSessionTask *)task didCompleteWithError:(NSError *)error;
  17 |
> 18 | - (void)URLSession:(NSURLSession *)session downloadTask:(NSURLSessionDownloadTask *)downloadTask
     |                                                                                   ^ pointer is missing a nullability type specifier [-Wnullability-completeness]
  19 |                                            didWriteData:(int64_t)bytesWritten
  20 |                                       totalBytesWritten:(int64_t)totalBytesWritten
  21 |                               totalBytesExpectedToWrite:(int64_t)totalBytesExpectedToWrite;


⚠️  (node_modules/expo-file-system/ios/EXSessionTasks/EXSessionTaskDelegate.h:23:34)

  21 |                               totalBytesExpectedToWrite:(int64_t)totalBytesExpectedToWrite;
  22 |
> 23 | - (void)URLSession:(NSURLSession *)session dataTask:(NSURLSessionDataTask *)dataTask didReceiveData:(NSData *)data;
     |                                  ^ pointer is missing a nullability type specifier [-Wnullability-completeness]
  24 |
  25 | - (void)URLSession:(NSURLSession *)session task:(NSURLSessionTask *)task
  26 |                                 didSendBodyData:(int64_t)bytesSent


⚠️  (node_modules/expo-file-system/ios/EXSessionTasks/EXSessionTaskDelegate.h:23:75)

  21 |                               totalBytesExpectedToWrite:(int64_t)totalBytesExpectedToWrite;
  22 |
> 23 | - (void)URLSession:(NSURLSession *)session dataTask:(NSURLSessionDataTask *)dataTask didReceiveData:(NSData *)data;
     |                                                                           ^ pointer is missing a nullability type specifier [-Wnullability-completeness]
  24 |
  25 | - (void)URLSession:(NSURLSession *)session task:(NSURLSessionTask *)task
  26 |                                 didSendBodyData:(int64_t)bytesSent


⚠️  (node_modules/expo-file-system/ios/EXSessionTasks/EXSessionTaskDelegate.h:23:109)

  21 |                               totalBytesExpectedToWrite:(int64_t)totalBytesExpectedToWrite;
  22 |
> 23 | - (void)URLSession:(NSURLSession *)session dataTask:(NSURLSessionDataTask *)dataTask didReceiveData:(NSData *)data;
     |                                                                                                             ^ pointer is missing a nullability type specifier [-Wnullability-completeness]
  24 |
  25 | - (void)URLSession:(NSURLSession *)session task:(NSURLSessionTask *)task
  26 |                                 didSendBodyData:(int64_t)bytesSent


⚠️  (node_modules/expo-file-system/ios/EXSessionTasks/EXSessionTaskDelegate.h:25:34)

  23 | - (void)URLSession:(NSURLSession *)session dataTask:(NSURLSessionDataTask *)dataTask didReceiveData:(NSData *)data;
  24 |
> 25 | - (void)URLSession:(NSURLSession *)session task:(NSURLSessionTask *)task
     |                                  ^ pointer is missing a nullability type specifier [-Wnullability-completeness]
  26 |                                 didSendBodyData:(int64_t)bytesSent
  27 |                                  totalBytesSent:(int64_t)totalBytesSent
  28 |                        totalBytesExpectedToSend:(int64_t)totalBytesExpectedToSend;


⚠️  (node_modules/expo-file-system/ios/EXSessionTasks/EXSessionTaskDelegate.h:25:67)

  23 | - (void)URLSession:(NSURLSession *)session dataTask:(NSURLSessionDataTask *)dataTask didReceiveData:(NSData *)data;
  24 |
> 25 | - (void)URLSession:(NSURLSession *)session task:(NSURLSessionTask *)task
     |                                                                   ^ pointer is missing a nullability type specifier [-Wnullability-completeness]
  26 |                                 didSendBodyData:(int64_t)bytesSent
  27 |                                  totalBytesSent:(int64_t)totalBytesSent
  28 |                        totalBytesExpectedToSend:(int64_t)totalBytesExpectedToSend;


⚠️  (node_modules/expo-file-system/ios/EXSessionTasks/EXSessionTaskDelegate.h:30:17)

  28 |                        totalBytesExpectedToSend:(int64_t)totalBytesExpectedToSend;
  29 |
> 30 | - (NSDictionary *)parseServerResponse:(NSURLResponse *)response;
     |                 ^ pointer is missing a nullability type specifier [-Wnullability-completeness]
  31 |
  32 | @end
  33 |


⚠️  (node_modules/expo-file-system/ios/EXSessionTasks/EXSessionTaskDelegate.h:30:54)

  28 |                        totalBytesExpectedToSend:(int64_t)totalBytesExpectedToSend;
  29 |
> 30 | - (NSDictionary *)parseServerResponse:(NSURLResponse *)response;
     |                                                      ^ pointer is missing a nullability type specifier [-Wnullability-completeness]
  31 |
  32 | @end
  33 |


⚠️  (node_modules/expo-file-system/ios/EXSessionTasks/EXSessionDownloadTaskDelegate.h:7:42)

   5 | @interface EXSessionDownloadTaskDelegate : EXSessionTaskDelegate
   6 |
>  7 | - (nonnull instancetype)initWithResolve:(EXPromiseResolveBlock)resolve
     |                                          ^ block pointer is missing a nullability type specifier [-Wnullability-completeness]
   8 |                                  reject:(EXPromiseRejectBlock)reject
   9 |                                localUrl:(NSURL *)localUrl
  10 |                      shouldCalculateMd5:(BOOL)shouldCalculateMd5;


⚠️  (node_modules/expo-file-system/ios/EXSessionTasks/EXSessionDownloadTaskDelegate.h:8:42)

   6 |
   7 | - (nonnull instancetype)initWithResolve:(EXPromiseResolveBlock)resolve
>  8 |                                  reject:(EXPromiseRejectBlock)reject
     |                                          ^ block pointer is missing a nullability type specifier [-Wnullability-completeness]
   9 |                                localUrl:(NSURL *)localUrl
  10 |                      shouldCalculateMd5:(BOOL)shouldCalculateMd5;
  11 |


⚠️  (node_modules/expo-file-system/ios/EXSessionTasks/EXSessionDownloadTaskDelegate.h:9:48)

   7 | - (nonnull instancetype)initWithResolve:(EXPromiseResolveBlock)resolve
   8 |                                  reject:(EXPromiseRejectBlock)reject
>  9 |                                localUrl:(NSURL *)localUrl
     |                                                ^ pointer is missing a nullability type specifier [-Wnullability-completeness]
  10 |                      shouldCalculateMd5:(BOOL)shouldCalculateMd5;
  11 |
  12 | @end


⚠️  (node_modules/expo-file-system/ios/EXSessionTasks/EXSessionResumableDownloadTaskDelegate.h:6:76)

  4 | #import <ExpoFileSystem/EXTaskHandlersManager.h>
  5 |
> 6 | typedef void (^EXDownloadDelegateOnWriteCallback)(NSURLSessionDownloadTask *task, int64_t bytesWritten, int64_t totalBytesWritten, int64_t totalBytesExpectedToWrite);
    |                                                                            ^ pointer is missing a nullability type specifier [-Wnullability-completeness]
  7 |
  8 | @interface EXSessionResumableDownloadTaskDelegate : EXSessionDownloadTaskDelegate
  9 |


⚠️  (node_modules/expo-file-system/ios/EXSessionTasks/EXSessionResumableDownloadTaskDelegate.h:10:42)

   8 | @interface EXSessionResumableDownloadTaskDelegate : EXSessionDownloadTaskDelegate
   9 |
> 10 | - (nonnull instancetype)initWithResolve:(EXPromiseResolveBlock)resolve
     |                                          ^ block pointer is missing a nullability type specifier [-Wnullability-completeness]
  11 |                                  reject:(EXPromiseRejectBlock)reject
  12 |                                localUrl:(NSURL *)localUrl
  13 |                      shouldCalculateMd5:(BOOL)shouldCalculateMd5


⚠️  (node_modules/expo-file-system/ios/EXSessionTasks/EXSessionResumableDownloadTaskDelegate.h:11:42)

   9 |
  10 | - (nonnull instancetype)initWithResolve:(EXPromiseResolveBlock)resolve
> 11 |                                  reject:(EXPromiseRejectBlock)reject
     |                                          ^ block pointer is missing a nullability type specifier [-Wnullability-completeness]
  12 |                                localUrl:(NSURL *)localUrl
  13 |                      shouldCalculateMd5:(BOOL)shouldCalculateMd5
  14 |                         onWriteCallback:(EXDownloadDelegateOnWriteCallback)onWriteCallback


⚠️  (node_modules/expo-file-system/ios/EXSessionTasks/EXSessionResumableDownloadTaskDelegate.h:12:48)

  10 | - (nonnull instancetype)initWithResolve:(EXPromiseResolveBlock)resolve
  11 |                                  reject:(EXPromiseRejectBlock)reject
> 12 |                                localUrl:(NSURL *)localUrl
     |                                                ^ pointer is missing a nullability type specifier [-Wnullability-completeness]
  13 |                      shouldCalculateMd5:(BOOL)shouldCalculateMd5
  14 |                         onWriteCallback:(EXDownloadDelegateOnWriteCallback)onWriteCallback
  15 |                        resumableManager:(EXTaskHandlersManager *)manager


⚠️  (node_modules/expo-file-system/ios/EXSessionTasks/EXSessionResumableDownloadTaskDelegate.h:14:42)

  12 |                                localUrl:(NSURL *)localUrl
  13 |                      shouldCalculateMd5:(BOOL)shouldCalculateMd5
> 14 |                         onWriteCallback:(EXDownloadDelegateOnWriteCallback)onWriteCallback
     |                                          ^ block pointer is missing a nullability type specifier [-Wnullability-completeness]
  15 |                        resumableManager:(EXTaskHandlersManager *)manager
  16 |                                    uuid:(NSString *)uuid;
  17 |


⚠️  (node_modules/expo-file-system/ios/EXSessionTasks/EXSessionResumableDownloadTaskDelegate.h:15:64)

  13 |                      shouldCalculateMd5:(BOOL)shouldCalculateMd5
  14 |                         onWriteCallback:(EXDownloadDelegateOnWriteCallback)onWriteCallback
> 15 |                        resumableManager:(EXTaskHandlersManager *)manager
     |                                                                ^ pointer is missing a nullability type specifier [-Wnullability-completeness]
  16 |                                    uuid:(NSString *)uuid;
  17 |
  18 | @end


⚠️  (node_modules/expo-file-system/ios/EXSessionTasks/EXSessionResumableDownloadTaskDelegate.h:16:51)

  14 |                         onWriteCallback:(EXDownloadDelegateOnWriteCallback)onWriteCallback
  15 |                        resumableManager:(EXTaskHandlersManager *)manager
> 16 |                                    uuid:(NSString *)uuid;
     |                                                   ^ pointer is missing a nullability type specifier [-Wnullability-completeness]
  17 |
  18 | @end
  19 |

› Compiling expo-file-system Pods/ExpoFileSystem » EXSessionTaskDelegate.m

⚠️  (node_modules/expo-file-system/ios/EXSessionTasks/EXSessionTaskDelegate.h:8:41)

   6 | @interface EXSessionTaskDelegate : NSObject
   7 |
>  8 | @property (nonatomic, strong, readonly) EXPromiseResolveBlock resolve;
     |                                         ^ block pointer is missing a nullability type specifier [-Wnullability-completeness]
   9 | @property (nonatomic, strong, readonly) EXPromiseRejectBlock reject;
  10 |
  11 | - (nonnull instancetype)initWithResolve:(EXPromiseResolveBlock)resolve


⚠️  (node_modules/expo-file-system/ios/EXSessionTasks/EXSessionTaskDelegate.h:11:42)

   9 | @property (nonatomic, strong, readonly) EXPromiseRejectBlock reject;
  10 |
> 11 | - (nonnull instancetype)initWithResolve:(EXPromiseResolveBlock)resolve
     |                                          ^ block pointer is missing a nullability type specifier [-Wnullability-completeness]
  12 |                                  reject:(EXPromiseRejectBlock)reject;
  13 |
  14 | - (void)URLSession:(NSURLSession *)session downloadTask:(NSURLSessionDownloadTask *)downloadTask didFinishDownloadingToURL:(NSURL *)location;


⚠️  (node_modules/expo-file-system/ios/EXSessionTasks/EXSessionTaskDelegate.h:12:42)

  10 |
  11 | - (nonnull instancetype)initWithResolve:(EXPromiseResolveBlock)resolve
> 12 |                                  reject:(EXPromiseRejectBlock)reject;
     |                                          ^ block pointer is missing a nullability type specifier [-Wnullability-completeness]
  13 |
  14 | - (void)URLSession:(NSURLSession *)session downloadTask:(NSURLSessionDownloadTask *)downloadTask didFinishDownloadingToURL:(NSURL *)location;
  15 |


⚠️  (node_modules/expo-file-system/ios/EXSessionTasks/EXSessionTaskDelegate.h:14:34)

  12 |                                  reject:(EXPromiseRejectBlock)reject;
  13 |
> 14 | - (void)URLSession:(NSURLSession *)session downloadTask:(NSURLSessionDownloadTask *)downloadTask didFinishDownloadingToURL:(NSURL *)location;
     |                                  ^ pointer is missing a nullability type specifier [-Wnullability-completeness]
  15 |
  16 | - (void)URLSession:(NSURLSession *)session task:(NSURLSessionTask *)task didCompleteWithError:(NSError *)error;
  17 |


⚠️  (node_modules/expo-file-system/ios/EXSessionTasks/EXSessionTaskDelegate.h:14:83)

  12 |                                  reject:(EXPromiseRejectBlock)reject;
  13 |
> 14 | - (void)URLSession:(NSURLSession *)session downloadTask:(NSURLSessionDownloadTask *)downloadTask didFinishDownloadingToURL:(NSURL *)location;
     |                                                                                   ^ pointer is missing a nullability type specifier [-Wnullability-completeness]
  15 |
  16 | - (void)URLSession:(NSURLSession *)session task:(NSURLSessionTask *)task didCompleteWithError:(NSError *)error;
  17 |


⚠️  (node_modules/expo-file-system/ios/EXSessionTasks/EXSessionTaskDelegate.h:14:131)

  12 |                                  reject:(EXPromiseRejectBlock)reject;
  13 |
> 14 | - (void)URLSession:(NSURLSession *)session downloadTask:(NSURLSessionDownloadTask *)downloadTask didFinishDownloadingToURL:(NSURL *)location;
     |                                                                                                                                   ^ pointer is missing a nullability type specifier [-Wnullability-completeness]
  15 |
  16 | - (void)URLSession:(NSURLSession *)session task:(NSURLSessionTask *)task didCompleteWithError:(NSError *)error;
  17 |


⚠️  (node_modules/expo-file-system/ios/EXSessionTasks/EXSessionTaskDelegate.h:16:34)

  14 | - (void)URLSession:(NSURLSession *)session downloadTask:(NSURLSessionDownloadTask *)downloadTask didFinishDownloadingToURL:(NSURL *)location;
  15 |
> 16 | - (void)URLSession:(NSURLSession *)session task:(NSURLSessionTask *)task didCompleteWithError:(NSError *)error;
     |                                  ^ pointer is missing a nullability type specifier [-Wnullability-completeness]
  17 |
  18 | - (void)URLSession:(NSURLSession *)session downloadTask:(NSURLSessionDownloadTask *)downloadTask
  19 |                                            didWriteData:(int64_t)bytesWritten


⚠️  (node_modules/expo-file-system/ios/EXSessionTasks/EXSessionTaskDelegate.h:16:67)

  14 | - (void)URLSession:(NSURLSession *)session downloadTask:(NSURLSessionDownloadTask *)downloadTask didFinishDownloadingToURL:(NSURL *)location;
  15 |
> 16 | - (void)URLSession:(NSURLSession *)session task:(NSURLSessionTask *)task didCompleteWithError:(NSError *)error;
     |                                                                   ^ pointer is missing a nullability type specifier [-Wnullability-completeness]
  17 |
  18 | - (void)URLSession:(NSURLSession *)session downloadTask:(NSURLSessionDownloadTask *)downloadTask
  19 |                                            didWriteData:(int64_t)bytesWritten


⚠️  (node_modules/expo-file-system/ios/EXSessionTasks/EXSessionTaskDelegate.h:16:104)

  14 | - (void)URLSession:(NSURLSession *)session downloadTask:(NSURLSessionDownloadTask *)downloadTask didFinishDownloadingToURL:(NSURL *)location;
  15 |
> 16 | - (void)URLSession:(NSURLSession *)session task:(NSURLSessionTask *)task didCompleteWithError:(NSError *)error;
     |                                                                                                        ^ pointer is missing a nullability type specifier [-Wnullability-completeness]
  17 |
  18 | - (void)URLSession:(NSURLSession *)session downloadTask:(NSURLSessionDownloadTask *)downloadTask
  19 |                                            didWriteData:(int64_t)bytesWritten


⚠️  (node_modules/expo-file-system/ios/EXSessionTasks/EXSessionTaskDelegate.h:18:34)

  16 | - (void)URLSession:(NSURLSession *)session task:(NSURLSessionTask *)task didCompleteWithError:(NSError *)error;
  17 |
> 18 | - (void)URLSession:(NSURLSession *)session downloadTask:(NSURLSessionDownloadTask *)downloadTask
     |                                  ^ pointer is missing a nullability type specifier [-Wnullability-completeness]
  19 |                                            didWriteData:(int64_t)bytesWritten
  20 |                                       totalBytesWritten:(int64_t)totalBytesWritten
  21 |                               totalBytesExpectedToWrite:(int64_t)totalBytesExpectedToWrite;


⚠️  (node_modules/expo-file-system/ios/EXSessionTasks/EXSessionTaskDelegate.h:18:83)

  16 | - (void)URLSession:(NSURLSession *)session task:(NSURLSessionTask *)task didCompleteWithError:(NSError *)error;
  17 |
> 18 | - (void)URLSession:(NSURLSession *)session downloadTask:(NSURLSessionDownloadTask *)downloadTask
     |                                                                                   ^ pointer is missing a nullability type specifier [-Wnullability-completeness]
  19 |                                            didWriteData:(int64_t)bytesWritten
  20 |                                       totalBytesWritten:(int64_t)totalBytesWritten
  21 |                               totalBytesExpectedToWrite:(int64_t)totalBytesExpectedToWrite;


⚠️  (node_modules/expo-file-system/ios/EXSessionTasks/EXSessionTaskDelegate.h:23:34)

  21 |                               totalBytesExpectedToWrite:(int64_t)totalBytesExpectedToWrite;
  22 |
> 23 | - (void)URLSession:(NSURLSession *)session dataTask:(NSURLSessionDataTask *)dataTask didReceiveData:(NSData *)data;
     |                                  ^ pointer is missing a nullability type specifier [-Wnullability-completeness]
  24 |
  25 | - (void)URLSession:(NSURLSession *)session task:(NSURLSessionTask *)task
  26 |                                 didSendBodyData:(int64_t)bytesSent


⚠️  (node_modules/expo-file-system/ios/EXSessionTasks/EXSessionTaskDelegate.h:23:75)

  21 |                               totalBytesExpectedToWrite:(int64_t)totalBytesExpectedToWrite;
  22 |
> 23 | - (void)URLSession:(NSURLSession *)session dataTask:(NSURLSessionDataTask *)dataTask didReceiveData:(NSData *)data;
     |                                                                           ^ pointer is missing a nullability type specifier [-Wnullability-completeness]
  24 |
  25 | - (void)URLSession:(NSURLSession *)session task:(NSURLSessionTask *)task
  26 |                                 didSendBodyData:(int64_t)bytesSent


⚠️  (node_modules/expo-file-system/ios/EXSessionTasks/EXSessionTaskDelegate.h:23:109)

  21 |                               totalBytesExpectedToWrite:(int64_t)totalBytesExpectedToWrite;
  22 |
> 23 | - (void)URLSession:(NSURLSession *)session dataTask:(NSURLSessionDataTask *)dataTask didReceiveData:(NSData *)data;
     |                                                                                                             ^ pointer is missing a nullability type specifier [-Wnullability-completeness]
  24 |
  25 | - (void)URLSession:(NSURLSession *)session task:(NSURLSessionTask *)task
  26 |                                 didSendBodyData:(int64_t)bytesSent


⚠️  (node_modules/expo-file-system/ios/EXSessionTasks/EXSessionTaskDelegate.h:25:34)

  23 | - (void)URLSession:(NSURLSession *)session dataTask:(NSURLSessionDataTask *)dataTask didReceiveData:(NSData *)data;
  24 |
> 25 | - (void)URLSession:(NSURLSession *)session task:(NSURLSessionTask *)task
     |                                  ^ pointer is missing a nullability type specifier [-Wnullability-completeness]
  26 |                                 didSendBodyData:(int64_t)bytesSent
  27 |                                  totalBytesSent:(int64_t)totalBytesSent
  28 |                        totalBytesExpectedToSend:(int64_t)totalBytesExpectedToSend;


⚠️  (node_modules/expo-file-system/ios/EXSessionTasks/EXSessionTaskDelegate.h:25:67)

  23 | - (void)URLSession:(NSURLSession *)session dataTask:(NSURLSessionDataTask *)dataTask didReceiveData:(NSData *)data;
  24 |
> 25 | - (void)URLSession:(NSURLSession *)session task:(NSURLSessionTask *)task
     |                                                                   ^ pointer is missing a nullability type specifier [-Wnullability-completeness]
  26 |                                 didSendBodyData:(int64_t)bytesSent
  27 |                                  totalBytesSent:(int64_t)totalBytesSent
  28 |                        totalBytesExpectedToSend:(int64_t)totalBytesExpectedToSend;


⚠️  (node_modules/expo-file-system/ios/EXSessionTasks/EXSessionTaskDelegate.h:30:17)

  28 |                        totalBytesExpectedToSend:(int64_t)totalBytesExpectedToSend;
  29 |
> 30 | - (NSDictionary *)parseServerResponse:(NSURLResponse *)response;
     |                 ^ pointer is missing a nullability type specifier [-Wnullability-completeness]
  31 |
  32 | @end
  33 |


⚠️  (node_modules/expo-file-system/ios/EXSessionTasks/EXSessionTaskDelegate.h:30:54)

  28 |                        totalBytesExpectedToSend:(int64_t)totalBytesExpectedToSend;
  29 |
> 30 | - (NSDictionary *)parseServerResponse:(NSURLResponse *)response;
     |                                                      ^ pointer is missing a nullability type specifier [-Wnullability-completeness]
  31 |
  32 | @end
  33 |

› Compiling expo-file-system Pods/ExpoFileSystem » EXSessionResumableDownloadTaskDelegate.m

⚠️  (node_modules/expo-file-system/ios/EXSessionTasks/EXSessionTaskDelegate.h:8:41)

   6 | @interface EXSessionTaskDelegate : NSObject
   7 |
>  8 | @property (nonatomic, strong, readonly) EXPromiseResolveBlock resolve;
     |                                         ^ block pointer is missing a nullability type specifier [-Wnullability-completeness]
   9 | @property (nonatomic, strong, readonly) EXPromiseRejectBlock reject;
  10 |
  11 | - (nonnull instancetype)initWithResolve:(EXPromiseResolveBlock)resolve


⚠️  (node_modules/expo-file-system/ios/EXSessionTasks/EXSessionTaskDelegate.h:11:42)

   9 | @property (nonatomic, strong, readonly) EXPromiseRejectBlock reject;
  10 |
> 11 | - (nonnull instancetype)initWithResolve:(EXPromiseResolveBlock)resolve
     |                                          ^ block pointer is missing a nullability type specifier [-Wnullability-completeness]
  12 |                                  reject:(EXPromiseRejectBlock)reject;
  13 |
  14 | - (void)URLSession:(NSURLSession *)session downloadTask:(NSURLSessionDownloadTask *)downloadTask didFinishDownloadingToURL:(NSURL *)location;


⚠️  (node_modules/expo-file-system/ios/EXSessionTasks/EXSessionTaskDelegate.h:12:42)

  10 |
  11 | - (nonnull instancetype)initWithResolve:(EXPromiseResolveBlock)resolve
> 12 |                                  reject:(EXPromiseRejectBlock)reject;
     |                                          ^ block pointer is missing a nullability type specifier [-Wnullability-completeness]
  13 |
  14 | - (void)URLSession:(NSURLSession *)session downloadTask:(NSURLSessionDownloadTask *)downloadTask didFinishDownloadingToURL:(NSURL *)location;
  15 |


⚠️  (node_modules/expo-file-system/ios/EXSessionTasks/EXSessionTaskDelegate.h:14:34)

  12 |                                  reject:(EXPromiseRejectBlock)reject;
  13 |
> 14 | - (void)URLSession:(NSURLSession *)session downloadTask:(NSURLSessionDownloadTask *)downloadTask didFinishDownloadingToURL:(NSURL *)location;
     |                                  ^ pointer is missing a nullability type specifier [-Wnullability-completeness]
  15 |
  16 | - (void)URLSession:(NSURLSession *)session task:(NSURLSessionTask *)task didCompleteWithError:(NSError *)error;
  17 |


⚠️  (node_modules/expo-file-system/ios/EXSessionTasks/EXSessionTaskDelegate.h:14:83)

  12 |                                  reject:(EXPromiseRejectBlock)reject;
  13 |
> 14 | - (void)URLSession:(NSURLSession *)session downloadTask:(NSURLSessionDownloadTask *)downloadTask didFinishDownloadingToURL:(NSURL *)location;
     |                                                                                   ^ pointer is missing a nullability type specifier [-Wnullability-completeness]
  15 |
  16 | - (void)URLSession:(NSURLSession *)session task:(NSURLSessionTask *)task didCompleteWithError:(NSError *)error;
  17 |


⚠️  (node_modules/expo-file-system/ios/EXSessionTasks/EXSessionTaskDelegate.h:14:131)

  12 |                                  reject:(EXPromiseRejectBlock)reject;
  13 |
> 14 | - (void)URLSession:(NSURLSession *)session downloadTask:(NSURLSessionDownloadTask *)downloadTask didFinishDownloadingToURL:(NSURL *)location;
     |                                                                                                                                   ^ pointer is missing a nullability type specifier [-Wnullability-completeness]
  15 |
  16 | - (void)URLSession:(NSURLSession *)session task:(NSURLSessionTask *)task didCompleteWithError:(NSError *)error;
  17 |


⚠️  (node_modules/expo-file-system/ios/EXSessionTasks/EXSessionTaskDelegate.h:16:34)

  14 | - (void)URLSession:(NSURLSession *)session downloadTask:(NSURLSessionDownloadTask *)downloadTask didFinishDownloadingToURL:(NSURL *)location;
  15 |
> 16 | - (void)URLSession:(NSURLSession *)session task:(NSURLSessionTask *)task didCompleteWithError:(NSError *)error;
     |                                  ^ pointer is missing a nullability type specifier [-Wnullability-completeness]
  17 |
  18 | - (void)URLSession:(NSURLSession *)session downloadTask:(NSURLSessionDownloadTask *)downloadTask
  19 |                                            didWriteData:(int64_t)bytesWritten


⚠️  (node_modules/expo-file-system/ios/EXSessionTasks/EXSessionTaskDelegate.h:16:67)

  14 | - (void)URLSession:(NSURLSession *)session downloadTask:(NSURLSessionDownloadTask *)downloadTask didFinishDownloadingToURL:(NSURL *)location;
  15 |
> 16 | - (void)URLSession:(NSURLSession *)session task:(NSURLSessionTask *)task didCompleteWithError:(NSError *)error;
     |                                                                   ^ pointer is missing a nullability type specifier [-Wnullability-completeness]
  17 |
  18 | - (void)URLSession:(NSURLSession *)session downloadTask:(NSURLSessionDownloadTask *)downloadTask
  19 |                                            didWriteData:(int64_t)bytesWritten


⚠️  (node_modules/expo-file-system/ios/EXSessionTasks/EXSessionTaskDelegate.h:16:104)

  14 | - (void)URLSession:(NSURLSession *)session downloadTask:(NSURLSessionDownloadTask *)downloadTask didFinishDownloadingToURL:(NSURL *)location;
  15 |
> 16 | - (void)URLSession:(NSURLSession *)session task:(NSURLSessionTask *)task didCompleteWithError:(NSError *)error;
     |                                                                                                        ^ pointer is missing a nullability type specifier [-Wnullability-completeness]
  17 |
  18 | - (void)URLSession:(NSURLSession *)session downloadTask:(NSURLSessionDownloadTask *)downloadTask
  19 |                                            didWriteData:(int64_t)bytesWritten


⚠️  (node_modules/expo-file-system/ios/EXSessionTasks/EXSessionTaskDelegate.h:18:34)

  16 | - (void)URLSession:(NSURLSession *)session task:(NSURLSessionTask *)task didCompleteWithError:(NSError *)error;
  17 |
> 18 | - (void)URLSession:(NSURLSession *)session downloadTask:(NSURLSessionDownloadTask *)downloadTask
     |                                  ^ pointer is missing a nullability type specifier [-Wnullability-completeness]
  19 |                                            didWriteData:(int64_t)bytesWritten
  20 |                                       totalBytesWritten:(int64_t)totalBytesWritten
  21 |                               totalBytesExpectedToWrite:(int64_t)totalBytesExpectedToWrite;


⚠️  (node_modules/expo-file-system/ios/EXSessionTasks/EXSessionTaskDelegate.h:18:83)

  16 | - (void)URLSession:(NSURLSession *)session task:(NSURLSessionTask *)task didCompleteWithError:(NSError *)error;
  17 |
> 18 | - (void)URLSession:(NSURLSession *)session downloadTask:(NSURLSessionDownloadTask *)downloadTask
     |                                                                                   ^ pointer is missing a nullability type specifier [-Wnullability-completeness]
  19 |                                            didWriteData:(int64_t)bytesWritten
  20 |                                       totalBytesWritten:(int64_t)totalBytesWritten
  21 |                               totalBytesExpectedToWrite:(int64_t)totalBytesExpectedToWrite;


⚠️  (node_modules/expo-file-system/ios/EXSessionTasks/EXSessionTaskDelegate.h:23:34)

  21 |                               totalBytesExpectedToWrite:(int64_t)totalBytesExpectedToWrite;
  22 |
> 23 | - (void)URLSession:(NSURLSession *)session dataTask:(NSURLSessionDataTask *)dataTask didReceiveData:(NSData *)data;
     |                                  ^ pointer is missing a nullability type specifier [-Wnullability-completeness]
  24 |
  25 | - (void)URLSession:(NSURLSession *)session task:(NSURLSessionTask *)task
  26 |                                 didSendBodyData:(int64_t)bytesSent


⚠️  (node_modules/expo-file-system/ios/EXSessionTasks/EXSessionTaskDelegate.h:23:75)

  21 |                               totalBytesExpectedToWrite:(int64_t)totalBytesExpectedToWrite;
  22 |
> 23 | - (void)URLSession:(NSURLSession *)session dataTask:(NSURLSessionDataTask *)dataTask didReceiveData:(NSData *)data;
     |                                                                           ^ pointer is missing a nullability type specifier [-Wnullability-completeness]
  24 |
  25 | - (void)URLSession:(NSURLSession *)session task:(NSURLSessionTask *)task
  26 |                                 didSendBodyData:(int64_t)bytesSent


⚠️  (node_modules/expo-file-system/ios/EXSessionTasks/EXSessionTaskDelegate.h:23:109)

  21 |                               totalBytesExpectedToWrite:(int64_t)totalBytesExpectedToWrite;
  22 |
> 23 | - (void)URLSession:(NSURLSession *)session dataTask:(NSURLSessionDataTask *)dataTask didReceiveData:(NSData *)data;
     |                                                                                                             ^ pointer is missing a nullability type specifier [-Wnullability-completeness]
  24 |
  25 | - (void)URLSession:(NSURLSession *)session task:(NSURLSessionTask *)task
  26 |                                 didSendBodyData:(int64_t)bytesSent


⚠️  (node_modules/expo-file-system/ios/EXSessionTasks/EXSessionTaskDelegate.h:25:34)

  23 | - (void)URLSession:(NSURLSession *)session dataTask:(NSURLSessionDataTask *)dataTask didReceiveData:(NSData *)data;
  24 |
> 25 | - (void)URLSession:(NSURLSession *)session task:(NSURLSessionTask *)task
     |                                  ^ pointer is missing a nullability type specifier [-Wnullability-completeness]
  26 |                                 didSendBodyData:(int64_t)bytesSent
  27 |                                  totalBytesSent:(int64_t)totalBytesSent
  28 |                        totalBytesExpectedToSend:(int64_t)totalBytesExpectedToSend;


⚠️  (node_modules/expo-file-system/ios/EXSessionTasks/EXSessionTaskDelegate.h:25:67)

  23 | - (void)URLSession:(NSURLSession *)session dataTask:(NSURLSessionDataTask *)dataTask didReceiveData:(NSData *)data;
  24 |
> 25 | - (void)URLSession:(NSURLSession *)session task:(NSURLSessionTask *)task
     |                                                                   ^ pointer is missing a nullability type specifier [-Wnullability-completeness]
  26 |                                 didSendBodyData:(int64_t)bytesSent
  27 |                                  totalBytesSent:(int64_t)totalBytesSent
  28 |                        totalBytesExpectedToSend:(int64_t)totalBytesExpectedToSend;


⚠️  (node_modules/expo-file-system/ios/EXSessionTasks/EXSessionTaskDelegate.h:30:17)

  28 |                        totalBytesExpectedToSend:(int64_t)totalBytesExpectedToSend;
  29 |
> 30 | - (NSDictionary *)parseServerResponse:(NSURLResponse *)response;
     |                 ^ pointer is missing a nullability type specifier [-Wnullability-completeness]
  31 |
  32 | @end
  33 |


⚠️  (node_modules/expo-file-system/ios/EXSessionTasks/EXSessionTaskDelegate.h:30:54)

  28 |                        totalBytesExpectedToSend:(int64_t)totalBytesExpectedToSend;
  29 |
> 30 | - (NSDictionary *)parseServerResponse:(NSURLResponse *)response;
     |                                                      ^ pointer is missing a nullability type specifier [-Wnullability-completeness]
  31 |
  32 | @end
  33 |


⚠️  (node_modules/expo-file-system/ios/EXSessionTasks/EXSessionDownloadTaskDelegate.h:7:42)

   5 | @interface EXSessionDownloadTaskDelegate : EXSessionTaskDelegate
   6 |
>  7 | - (nonnull instancetype)initWithResolve:(EXPromiseResolveBlock)resolve
     |                                          ^ block pointer is missing a nullability type specifier [-Wnullability-completeness]
   8 |                                  reject:(EXPromiseRejectBlock)reject
   9 |                                localUrl:(NSURL *)localUrl
  10 |                      shouldCalculateMd5:(BOOL)shouldCalculateMd5;


⚠️  (node_modules/expo-file-system/ios/EXSessionTasks/EXSessionDownloadTaskDelegate.h:8:42)

   6 |
   7 | - (nonnull instancetype)initWithResolve:(EXPromiseResolveBlock)resolve
>  8 |                                  reject:(EXPromiseRejectBlock)reject
     |                                          ^ block pointer is missing a nullability type specifier [-Wnullability-completeness]
   9 |                                localUrl:(NSURL *)localUrl
  10 |                      shouldCalculateMd5:(BOOL)shouldCalculateMd5;
  11 |


⚠️  (node_modules/expo-file-system/ios/EXSessionTasks/EXSessionDownloadTaskDelegate.h:9:48)

   7 | - (nonnull instancetype)initWithResolve:(EXPromiseResolveBlock)resolve
   8 |                                  reject:(EXPromiseRejectBlock)reject
>  9 |                                localUrl:(NSURL *)localUrl
     |                                                ^ pointer is missing a nullability type specifier [-Wnullability-completeness]
  10 |                      shouldCalculateMd5:(BOOL)shouldCalculateMd5;
  11 |
  12 | @end


⚠️  (node_modules/expo-file-system/ios/EXSessionTasks/EXSessionResumableDownloadTaskDelegate.h:6:76)

  4 | #import <ExpoFileSystem/EXTaskHandlersManager.h>
  5 |
> 6 | typedef void (^EXDownloadDelegateOnWriteCallback)(NSURLSessionDownloadTask *task, int64_t bytesWritten, int64_t totalBytesWritten, int64_t totalBytesExpectedToWrite);
    |                                                                            ^ pointer is missing a nullability type specifier [-Wnullability-completeness]
  7 |
  8 | @interface EXSessionResumableDownloadTaskDelegate : EXSessionDownloadTaskDelegate
  9 |


⚠️  (node_modules/expo-file-system/ios/EXSessionTasks/EXSessionResumableDownloadTaskDelegate.h:10:42)

   8 | @interface EXSessionResumableDownloadTaskDelegate : EXSessionDownloadTaskDelegate
   9 |
> 10 | - (nonnull instancetype)initWithResolve:(EXPromiseResolveBlock)resolve
     |                                          ^ block pointer is missing a nullability type specifier [-Wnullability-completeness]
  11 |                                  reject:(EXPromiseRejectBlock)reject
  12 |                                localUrl:(NSURL *)localUrl
  13 |                      shouldCalculateMd5:(BOOL)shouldCalculateMd5


⚠️  (node_modules/expo-file-system/ios/EXSessionTasks/EXSessionResumableDownloadTaskDelegate.h:11:42)

   9 |
  10 | - (nonnull instancetype)initWithResolve:(EXPromiseResolveBlock)resolve
> 11 |                                  reject:(EXPromiseRejectBlock)reject
     |                                          ^ block pointer is missing a nullability type specifier [-Wnullability-completeness]
  12 |                                localUrl:(NSURL *)localUrl
  13 |                      shouldCalculateMd5:(BOOL)shouldCalculateMd5
  14 |                         onWriteCallback:(EXDownloadDelegateOnWriteCallback)onWriteCallback


⚠️  (node_modules/expo-file-system/ios/EXSessionTasks/EXSessionResumableDownloadTaskDelegate.h:12:48)

  10 | - (nonnull instancetype)initWithResolve:(EXPromiseResolveBlock)resolve
  11 |                                  reject:(EXPromiseRejectBlock)reject
> 12 |                                localUrl:(NSURL *)localUrl
     |                                                ^ pointer is missing a nullability type specifier [-Wnullability-completeness]
  13 |                      shouldCalculateMd5:(BOOL)shouldCalculateMd5
  14 |                         onWriteCallback:(EXDownloadDelegateOnWriteCallback)onWriteCallback
  15 |                        resumableManager:(EXTaskHandlersManager *)manager


⚠️  (node_modules/expo-file-system/ios/EXSessionTasks/EXSessionResumableDownloadTaskDelegate.h:14:42)

  12 |                                localUrl:(NSURL *)localUrl
  13 |                      shouldCalculateMd5:(BOOL)shouldCalculateMd5
> 14 |                         onWriteCallback:(EXDownloadDelegateOnWriteCallback)onWriteCallback
     |                                          ^ block pointer is missing a nullability type specifier [-Wnullability-completeness]
  15 |                        resumableManager:(EXTaskHandlersManager *)manager
  16 |                                    uuid:(NSString *)uuid;
  17 |


⚠️  (node_modules/expo-file-system/ios/EXSessionTasks/EXSessionResumableDownloadTaskDelegate.h:15:64)

  13 |                      shouldCalculateMd5:(BOOL)shouldCalculateMd5
  14 |                         onWriteCallback:(EXDownloadDelegateOnWriteCallback)onWriteCallback
> 15 |                        resumableManager:(EXTaskHandlersManager *)manager
     |                                                                ^ pointer is missing a nullability type specifier [-Wnullability-completeness]
  16 |                                    uuid:(NSString *)uuid;
  17 |
  18 | @end


⚠️  (node_modules/expo-file-system/ios/EXSessionTasks/EXSessionResumableDownloadTaskDelegate.h:16:51)

  14 |                         onWriteCallback:(EXDownloadDelegateOnWriteCallback)onWriteCallback
  15 |                        resumableManager:(EXTaskHandlersManager *)manager
> 16 |                                    uuid:(NSString *)uuid;
     |                                                   ^ pointer is missing a nullability type specifier [-Wnullability-completeness]
  17 |
  18 | @end
  19 |

› Compiling expo-file-system Pods/ExpoFileSystem » EXSessionDownloadTaskDelegate.m

⚠️  (node_modules/expo-file-system/ios/EXSessionTasks/EXSessionTaskDelegate.h:8:41)

   6 | @interface EXSessionTaskDelegate : NSObject
   7 |
>  8 | @property (nonatomic, strong, readonly) EXPromiseResolveBlock resolve;
     |                                         ^ block pointer is missing a nullability type specifier [-Wnullability-completeness]
   9 | @property (nonatomic, strong, readonly) EXPromiseRejectBlock reject;
  10 |
  11 | - (nonnull instancetype)initWithResolve:(EXPromiseResolveBlock)resolve


⚠️  (node_modules/expo-file-system/ios/EXSessionTasks/EXSessionTaskDelegate.h:11:42)

   9 | @property (nonatomic, strong, readonly) EXPromiseRejectBlock reject;
  10 |
> 11 | - (nonnull instancetype)initWithResolve:(EXPromiseResolveBlock)resolve
     |                                          ^ block pointer is missing a nullability type specifier [-Wnullability-completeness]
  12 |                                  reject:(EXPromiseRejectBlock)reject;
  13 |
  14 | - (void)URLSession:(NSURLSession *)session downloadTask:(NSURLSessionDownloadTask *)downloadTask didFinishDownloadingToURL:(NSURL *)location;


⚠️  (node_modules/expo-file-system/ios/EXSessionTasks/EXSessionTaskDelegate.h:12:42)

  10 |
  11 | - (nonnull instancetype)initWithResolve:(EXPromiseResolveBlock)resolve
> 12 |                                  reject:(EXPromiseRejectBlock)reject;
     |                                          ^ block pointer is missing a nullability type specifier [-Wnullability-completeness]
  13 |
  14 | - (void)URLSession:(NSURLSession *)session downloadTask:(NSURLSessionDownloadTask *)downloadTask didFinishDownloadingToURL:(NSURL *)location;
  15 |


⚠️  (node_modules/expo-file-system/ios/EXSessionTasks/EXSessionTaskDelegate.h:14:34)

  12 |                                  reject:(EXPromiseRejectBlock)reject;
  13 |
> 14 | - (void)URLSession:(NSURLSession *)session downloadTask:(NSURLSessionDownloadTask *)downloadTask didFinishDownloadingToURL:(NSURL *)location;
     |                                  ^ pointer is missing a nullability type specifier [-Wnullability-completeness]
  15 |
  16 | - (void)URLSession:(NSURLSession *)session task:(NSURLSessionTask *)task didCompleteWithError:(NSError *)error;
  17 |


⚠️  (node_modules/expo-file-system/ios/EXSessionTasks/EXSessionTaskDelegate.h:14:83)

  12 |                                  reject:(EXPromiseRejectBlock)reject;
  13 |
> 14 | - (void)URLSession:(NSURLSession *)session downloadTask:(NSURLSessionDownloadTask *)downloadTask didFinishDownloadingToURL:(NSURL *)location;
     |                                                                                   ^ pointer is missing a nullability type specifier [-Wnullability-completeness]
  15 |
  16 | - (void)URLSession:(NSURLSession *)session task:(NSURLSessionTask *)task didCompleteWithError:(NSError *)error;
  17 |


⚠️  (node_modules/expo-file-system/ios/EXSessionTasks/EXSessionTaskDelegate.h:14:131)

  12 |                                  reject:(EXPromiseRejectBlock)reject;
  13 |
> 14 | - (void)URLSession:(NSURLSession *)session downloadTask:(NSURLSessionDownloadTask *)downloadTask didFinishDownloadingToURL:(NSURL *)location;
     |                                                                                                                                   ^ pointer is missing a nullability type specifier [-Wnullability-completeness]
  15 |
  16 | - (void)URLSession:(NSURLSession *)session task:(NSURLSessionTask *)task didCompleteWithError:(NSError *)error;
  17 |


⚠️  (node_modules/expo-file-system/ios/EXSessionTasks/EXSessionTaskDelegate.h:16:34)

  14 | - (void)URLSession:(NSURLSession *)session downloadTask:(NSURLSessionDownloadTask *)downloadTask didFinishDownloadingToURL:(NSURL *)location;
  15 |
> 16 | - (void)URLSession:(NSURLSession *)session task:(NSURLSessionTask *)task didCompleteWithError:(NSError *)error;
     |                                  ^ pointer is missing a nullability type specifier [-Wnullability-completeness]
  17 |
  18 | - (void)URLSession:(NSURLSession *)session downloadTask:(NSURLSessionDownloadTask *)downloadTask
  19 |                                            didWriteData:(int64_t)bytesWritten


⚠️  (node_modules/expo-file-system/ios/EXSessionTasks/EXSessionTaskDelegate.h:16:67)

  14 | - (void)URLSession:(NSURLSession *)session downloadTask:(NSURLSessionDownloadTask *)downloadTask didFinishDownloadingToURL:(NSURL *)location;
  15 |
> 16 | - (void)URLSession:(NSURLSession *)session task:(NSURLSessionTask *)task didCompleteWithError:(NSError *)error;
     |                                                                   ^ pointer is missing a nullability type specifier [-Wnullability-completeness]
  17 |
  18 | - (void)URLSession:(NSURLSession *)session downloadTask:(NSURLSessionDownloadTask *)downloadTask
  19 |                                            didWriteData:(int64_t)bytesWritten


⚠️  (node_modules/expo-file-system/ios/EXSessionTasks/EXSessionTaskDelegate.h:16:104)

  14 | - (void)URLSession:(NSURLSession *)session downloadTask:(NSURLSessionDownloadTask *)downloadTask didFinishDownloadingToURL:(NSURL *)location;
  15 |
> 16 | - (void)URLSession:(NSURLSession *)session task:(NSURLSessionTask *)task didCompleteWithError:(NSError *)error;
     |                                                                                                        ^ pointer is missing a nullability type specifier [-Wnullability-completeness]
  17 |
  18 | - (void)URLSession:(NSURLSession *)session downloadTask:(NSURLSessionDownloadTask *)downloadTask
  19 |                                            didWriteData:(int64_t)bytesWritten


⚠️  (node_modules/expo-file-system/ios/EXSessionTasks/EXSessionTaskDelegate.h:18:34)

  16 | - (void)URLSession:(NSURLSession *)session task:(NSURLSessionTask *)task didCompleteWithError:(NSError *)error;
  17 |
> 18 | - (void)URLSession:(NSURLSession *)session downloadTask:(NSURLSessionDownloadTask *)downloadTask
     |                                  ^ pointer is missing a nullability type specifier [-Wnullability-completeness]
  19 |                                            didWriteData:(int64_t)bytesWritten
  20 |                                       totalBytesWritten:(int64_t)totalBytesWritten
  21 |                               totalBytesExpectedToWrite:(int64_t)totalBytesExpectedToWrite;


⚠️  (node_modules/expo-file-system/ios/EXSessionTasks/EXSessionTaskDelegate.h:18:83)

  16 | - (void)URLSession:(NSURLSession *)session task:(NSURLSessionTask *)task didCompleteWithError:(NSError *)error;
  17 |
> 18 | - (void)URLSession:(NSURLSession *)session downloadTask:(NSURLSessionDownloadTask *)downloadTask
     |                                                                                   ^ pointer is missing a nullability type specifier [-Wnullability-completeness]
  19 |                                            didWriteData:(int64_t)bytesWritten
  20 |                                       totalBytesWritten:(int64_t)totalBytesWritten
  21 |                               totalBytesExpectedToWrite:(int64_t)totalBytesExpectedToWrite;


⚠️  (node_modules/expo-file-system/ios/EXSessionTasks/EXSessionTaskDelegate.h:23:34)

  21 |                               totalBytesExpectedToWrite:(int64_t)totalBytesExpectedToWrite;
  22 |
> 23 | - (void)URLSession:(NSURLSession *)session dataTask:(NSURLSessionDataTask *)dataTask didReceiveData:(NSData *)data;
     |                                  ^ pointer is missing a nullability type specifier [-Wnullability-completeness]
  24 |
  25 | - (void)URLSession:(NSURLSession *)session task:(NSURLSessionTask *)task
  26 |                                 didSendBodyData:(int64_t)bytesSent


⚠️  (node_modules/expo-file-system/ios/EXSessionTasks/EXSessionTaskDelegate.h:23:75)

  21 |                               totalBytesExpectedToWrite:(int64_t)totalBytesExpectedToWrite;
  22 |
> 23 | - (void)URLSession:(NSURLSession *)session dataTask:(NSURLSessionDataTask *)dataTask didReceiveData:(NSData *)data;
     |                                                                           ^ pointer is missing a nullability type specifier [-Wnullability-completeness]
  24 |
  25 | - (void)URLSession:(NSURLSession *)session task:(NSURLSessionTask *)task
  26 |                                 didSendBodyData:(int64_t)bytesSent


⚠️  (node_modules/expo-file-system/ios/EXSessionTasks/EXSessionTaskDelegate.h:23:109)

  21 |                               totalBytesExpectedToWrite:(int64_t)totalBytesExpectedToWrite;
  22 |
> 23 | - (void)URLSession:(NSURLSession *)session dataTask:(NSURLSessionDataTask *)dataTask didReceiveData:(NSData *)data;
     |                                                                                                             ^ pointer is missing a nullability type specifier [-Wnullability-completeness]
  24 |
  25 | - (void)URLSession:(NSURLSession *)session task:(NSURLSessionTask *)task
  26 |                                 didSendBodyData:(int64_t)bytesSent


⚠️  (node_modules/expo-file-system/ios/EXSessionTasks/EXSessionTaskDelegate.h:25:34)

  23 | - (void)URLSession:(NSURLSession *)session dataTask:(NSURLSessionDataTask *)dataTask didReceiveData:(NSData *)data;
  24 |
> 25 | - (void)URLSession:(NSURLSession *)session task:(NSURLSessionTask *)task
     |                                  ^ pointer is missing a nullability type specifier [-Wnullability-completeness]
  26 |                                 didSendBodyData:(int64_t)bytesSent
  27 |                                  totalBytesSent:(int64_t)totalBytesSent
  28 |                        totalBytesExpectedToSend:(int64_t)totalBytesExpectedToSend;


⚠️  (node_modules/expo-file-system/ios/EXSessionTasks/EXSessionTaskDelegate.h:25:67)

  23 | - (void)URLSession:(NSURLSession *)session dataTask:(NSURLSessionDataTask *)dataTask didReceiveData:(NSData *)data;
  24 |
> 25 | - (void)URLSession:(NSURLSession *)session task:(NSURLSessionTask *)task
     |                                                                   ^ pointer is missing a nullability type specifier [-Wnullability-completeness]
  26 |                                 didSendBodyData:(int64_t)bytesSent
  27 |                                  totalBytesSent:(int64_t)totalBytesSent
  28 |                        totalBytesExpectedToSend:(int64_t)totalBytesExpectedToSend;


⚠️  (node_modules/expo-file-system/ios/EXSessionTasks/EXSessionTaskDelegate.h:30:17)

  28 |                        totalBytesExpectedToSend:(int64_t)totalBytesExpectedToSend;
  29 |
> 30 | - (NSDictionary *)parseServerResponse:(NSURLResponse *)response;
     |                 ^ pointer is missing a nullability type specifier [-Wnullability-completeness]
  31 |
  32 | @end
  33 |


⚠️  (node_modules/expo-file-system/ios/EXSessionTasks/EXSessionTaskDelegate.h:30:54)

  28 |                        totalBytesExpectedToSend:(int64_t)totalBytesExpectedToSend;
  29 |
> 30 | - (NSDictionary *)parseServerResponse:(NSURLResponse *)response;
     |                                                      ^ pointer is missing a nullability type specifier [-Wnullability-completeness]
  31 |
  32 | @end
  33 |


⚠️  (node_modules/expo-file-system/ios/EXSessionTasks/EXSessionDownloadTaskDelegate.h:7:42)

   5 | @interface EXSessionDownloadTaskDelegate : EXSessionTaskDelegate
   6 |
>  7 | - (nonnull instancetype)initWithResolve:(EXPromiseResolveBlock)resolve
     |                                          ^ block pointer is missing a nullability type specifier [-Wnullability-completeness]
   8 |                                  reject:(EXPromiseRejectBlock)reject
   9 |                                localUrl:(NSURL *)localUrl
  10 |                      shouldCalculateMd5:(BOOL)shouldCalculateMd5;


⚠️  (node_modules/expo-file-system/ios/EXSessionTasks/EXSessionDownloadTaskDelegate.h:8:42)

   6 |
   7 | - (nonnull instancetype)initWithResolve:(EXPromiseResolveBlock)resolve
>  8 |                                  reject:(EXPromiseRejectBlock)reject
     |                                          ^ block pointer is missing a nullability type specifier [-Wnullability-completeness]
   9 |                                localUrl:(NSURL *)localUrl
  10 |                      shouldCalculateMd5:(BOOL)shouldCalculateMd5;
  11 |


⚠️  (node_modules/expo-file-system/ios/EXSessionTasks/EXSessionDownloadTaskDelegate.h:9:48)

   7 | - (nonnull instancetype)initWithResolve:(EXPromiseResolveBlock)resolve
   8 |                                  reject:(EXPromiseRejectBlock)reject
>  9 |                                localUrl:(NSURL *)localUrl
     |                                                ^ pointer is missing a nullability type specifier [-Wnullability-completeness]
  10 |                      shouldCalculateMd5:(BOOL)shouldCalculateMd5;
  11 |
  12 | @end

› Compiling expo-file-system Pods/ExpoFileSystem » EXSessionCancelableUploadTaskDelegate.m

⚠️  (node_modules/expo-file-system/ios/EXSessionTasks/EXSessionTaskDelegate.h:8:41)

   6 | @interface EXSessionTaskDelegate : NSObject
   7 |
>  8 | @property (nonatomic, strong, readonly) EXPromiseResolveBlock resolve;
     |                                         ^ block pointer is missing a nullability type specifier [-Wnullability-completeness]
   9 | @property (nonatomic, strong, readonly) EXPromiseRejectBlock reject;
  10 |
  11 | - (nonnull instancetype)initWithResolve:(EXPromiseResolveBlock)resolve


⚠️  (node_modules/expo-file-system/ios/EXSessionTasks/EXSessionTaskDelegate.h:11:42)

   9 | @property (nonatomic, strong, readonly) EXPromiseRejectBlock reject;
  10 |
> 11 | - (nonnull instancetype)initWithResolve:(EXPromiseResolveBlock)resolve
     |                                          ^ block pointer is missing a nullability type specifier [-Wnullability-completeness]
  12 |                                  reject:(EXPromiseRejectBlock)reject;
  13 |
  14 | - (void)URLSession:(NSURLSession *)session downloadTask:(NSURLSessionDownloadTask *)downloadTask didFinishDownloadingToURL:(NSURL *)location;


⚠️  (node_modules/expo-file-system/ios/EXSessionTasks/EXSessionTaskDelegate.h:12:42)

  10 |
  11 | - (nonnull instancetype)initWithResolve:(EXPromiseResolveBlock)resolve
> 12 |                                  reject:(EXPromiseRejectBlock)reject;
     |                                          ^ block pointer is missing a nullability type specifier [-Wnullability-completeness]
  13 |
  14 | - (void)URLSession:(NSURLSession *)session downloadTask:(NSURLSessionDownloadTask *)downloadTask didFinishDownloadingToURL:(NSURL *)location;
  15 |


⚠️  (node_modules/expo-file-system/ios/EXSessionTasks/EXSessionTaskDelegate.h:14:34)

  12 |                                  reject:(EXPromiseRejectBlock)reject;
  13 |
> 14 | - (void)URLSession:(NSURLSession *)session downloadTask:(NSURLSessionDownloadTask *)downloadTask didFinishDownloadingToURL:(NSURL *)location;
     |                                  ^ pointer is missing a nullability type specifier [-Wnullability-completeness]
  15 |
  16 | - (void)URLSession:(NSURLSession *)session task:(NSURLSessionTask *)task didCompleteWithError:(NSError *)error;
  17 |


⚠️  (node_modules/expo-file-system/ios/EXSessionTasks/EXSessionTaskDelegate.h:14:83)

  12 |                                  reject:(EXPromiseRejectBlock)reject;
  13 |
> 14 | - (void)URLSession:(NSURLSession *)session downloadTask:(NSURLSessionDownloadTask *)downloadTask didFinishDownloadingToURL:(NSURL *)location;
     |                                                                                   ^ pointer is missing a nullability type specifier [-Wnullability-completeness]
  15 |
  16 | - (void)URLSession:(NSURLSession *)session task:(NSURLSessionTask *)task didCompleteWithError:(NSError *)error;
  17 |


⚠️  (node_modules/expo-file-system/ios/EXSessionTasks/EXSessionTaskDelegate.h:14:131)

  12 |                                  reject:(EXPromiseRejectBlock)reject;
  13 |
> 14 | - (void)URLSession:(NSURLSession *)session downloadTask:(NSURLSessionDownloadTask *)downloadTask didFinishDownloadingToURL:(NSURL *)location;
     |                                                                                                                                   ^ pointer is missing a nullability type specifier [-Wnullability-completeness]
  15 |
  16 | - (void)URLSession:(NSURLSession *)session task:(NSURLSessionTask *)task didCompleteWithError:(NSError *)error;
  17 |


⚠️  (node_modules/expo-file-system/ios/EXSessionTasks/EXSessionTaskDelegate.h:16:34)

  14 | - (void)URLSession:(NSURLSession *)session downloadTask:(NSURLSessionDownloadTask *)downloadTask didFinishDownloadingToURL:(NSURL *)location;
  15 |
> 16 | - (void)URLSession:(NSURLSession *)session task:(NSURLSessionTask *)task didCompleteWithError:(NSError *)error;
     |                                  ^ pointer is missing a nullability type specifier [-Wnullability-completeness]
  17 |
  18 | - (void)URLSession:(NSURLSession *)session downloadTask:(NSURLSessionDownloadTask *)downloadTask
  19 |                                            didWriteData:(int64_t)bytesWritten


⚠️  (node_modules/expo-file-system/ios/EXSessionTasks/EXSessionTaskDelegate.h:16:67)

  14 | - (void)URLSession:(NSURLSession *)session downloadTask:(NSURLSessionDownloadTask *)downloadTask didFinishDownloadingToURL:(NSURL *)location;
  15 |
> 16 | - (void)URLSession:(NSURLSession *)session task:(NSURLSessionTask *)task didCompleteWithError:(NSError *)error;
     |                                                                   ^ pointer is missing a nullability type specifier [-Wnullability-completeness]
  17 |
  18 | - (void)URLSession:(NSURLSession *)session downloadTask:(NSURLSessionDownloadTask *)downloadTask
  19 |                                            didWriteData:(int64_t)bytesWritten


⚠️  (node_modules/expo-file-system/ios/EXSessionTasks/EXSessionTaskDelegate.h:16:104)

  14 | - (void)URLSession:(NSURLSession *)session downloadTask:(NSURLSessionDownloadTask *)downloadTask didFinishDownloadingToURL:(NSURL *)location;
  15 |
> 16 | - (void)URLSession:(NSURLSession *)session task:(NSURLSessionTask *)task didCompleteWithError:(NSError *)error;
     |                                                                                                        ^ pointer is missing a nullability type specifier [-Wnullability-completeness]
  17 |
  18 | - (void)URLSession:(NSURLSession *)session downloadTask:(NSURLSessionDownloadTask *)downloadTask
  19 |                                            didWriteData:(int64_t)bytesWritten


⚠️  (node_modules/expo-file-system/ios/EXSessionTasks/EXSessionTaskDelegate.h:18:34)

  16 | - (void)URLSession:(NSURLSession *)session task:(NSURLSessionTask *)task didCompleteWithError:(NSError *)error;
  17 |
> 18 | - (void)URLSession:(NSURLSession *)session downloadTask:(NSURLSessionDownloadTask *)downloadTask
     |                                  ^ pointer is missing a nullability type specifier [-Wnullability-completeness]
  19 |                                            didWriteData:(int64_t)bytesWritten
  20 |                                       totalBytesWritten:(int64_t)totalBytesWritten
  21 |                               totalBytesExpectedToWrite:(int64_t)totalBytesExpectedToWrite;


⚠️  (node_modules/expo-file-system/ios/EXSessionTasks/EXSessionTaskDelegate.h:18:83)

  16 | - (void)URLSession:(NSURLSession *)session task:(NSURLSessionTask *)task didCompleteWithError:(NSError *)error;
  17 |
> 18 | - (void)URLSession:(NSURLSession *)session downloadTask:(NSURLSessionDownloadTask *)downloadTask
     |                                                                                   ^ pointer is missing a nullability type specifier [-Wnullability-completeness]
  19 |                                            didWriteData:(int64_t)bytesWritten
  20 |                                       totalBytesWritten:(int64_t)totalBytesWritten
  21 |                               totalBytesExpectedToWrite:(int64_t)totalBytesExpectedToWrite;


⚠️  (node_modules/expo-file-system/ios/EXSessionTasks/EXSessionTaskDelegate.h:23:34)

  21 |                               totalBytesExpectedToWrite:(int64_t)totalBytesExpectedToWrite;
  22 |
> 23 | - (void)URLSession:(NSURLSession *)session dataTask:(NSURLSessionDataTask *)dataTask didReceiveData:(NSData *)data;
     |                                  ^ pointer is missing a nullability type specifier [-Wnullability-completeness]
  24 |
  25 | - (void)URLSession:(NSURLSession *)session task:(NSURLSessionTask *)task
  26 |                                 didSendBodyData:(int64_t)bytesSent


⚠️  (node_modules/expo-file-system/ios/EXSessionTasks/EXSessionTaskDelegate.h:23:75)

  21 |                               totalBytesExpectedToWrite:(int64_t)totalBytesExpectedToWrite;
  22 |
> 23 | - (void)URLSession:(NSURLSession *)session dataTask:(NSURLSessionDataTask *)dataTask didReceiveData:(NSData *)data;
     |                                                                           ^ pointer is missing a nullability type specifier [-Wnullability-completeness]
  24 |
  25 | - (void)URLSession:(NSURLSession *)session task:(NSURLSessionTask *)task
  26 |                                 didSendBodyData:(int64_t)bytesSent


⚠️  (node_modules/expo-file-system/ios/EXSessionTasks/EXSessionTaskDelegate.h:23:109)

  21 |                               totalBytesExpectedToWrite:(int64_t)totalBytesExpectedToWrite;
  22 |
> 23 | - (void)URLSession:(NSURLSession *)session dataTask:(NSURLSessionDataTask *)dataTask didReceiveData:(NSData *)data;
     |                                                                                                             ^ pointer is missing a nullability type specifier [-Wnullability-completeness]
  24 |
  25 | - (void)URLSession:(NSURLSession *)session task:(NSURLSessionTask *)task
  26 |                                 didSendBodyData:(int64_t)bytesSent


⚠️  (node_modules/expo-file-system/ios/EXSessionTasks/EXSessionTaskDelegate.h:25:34)

  23 | - (void)URLSession:(NSURLSession *)session dataTask:(NSURLSessionDataTask *)dataTask didReceiveData:(NSData *)data;
  24 |
> 25 | - (void)URLSession:(NSURLSession *)session task:(NSURLSessionTask *)task
     |                                  ^ pointer is missing a nullability type specifier [-Wnullability-completeness]
  26 |                                 didSendBodyData:(int64_t)bytesSent
  27 |                                  totalBytesSent:(int64_t)totalBytesSent
  28 |                        totalBytesExpectedToSend:(int64_t)totalBytesExpectedToSend;


⚠️  (node_modules/expo-file-system/ios/EXSessionTasks/EXSessionTaskDelegate.h:25:67)

  23 | - (void)URLSession:(NSURLSession *)session dataTask:(NSURLSessionDataTask *)dataTask didReceiveData:(NSData *)data;
  24 |
> 25 | - (void)URLSession:(NSURLSession *)session task:(NSURLSessionTask *)task
     |                                                                   ^ pointer is missing a nullability type specifier [-Wnullability-completeness]
  26 |                                 didSendBodyData:(int64_t)bytesSent
  27 |                                  totalBytesSent:(int64_t)totalBytesSent
  28 |                        totalBytesExpectedToSend:(int64_t)totalBytesExpectedToSend;


⚠️  (node_modules/expo-file-system/ios/EXSessionTasks/EXSessionTaskDelegate.h:30:17)

  28 |                        totalBytesExpectedToSend:(int64_t)totalBytesExpectedToSend;
  29 |
> 30 | - (NSDictionary *)parseServerResponse:(NSURLResponse *)response;
     |                 ^ pointer is missing a nullability type specifier [-Wnullability-completeness]
  31 |
  32 | @end
  33 |


⚠️  (node_modules/expo-file-system/ios/EXSessionTasks/EXSessionTaskDelegate.h:30:54)

  28 |                        totalBytesExpectedToSend:(int64_t)totalBytesExpectedToSend;
  29 |
> 30 | - (NSDictionary *)parseServerResponse:(NSURLResponse *)response;
     |                                                      ^ pointer is missing a nullability type specifier [-Wnullability-completeness]
  31 |
  32 | @end
  33 |


⚠️  (node_modules/expo-file-system/ios/EXSessionTasks/EXSessionCancelableUploadTaskDelegate.h:6:71)

  4 | #import <ExpoFileSystem/EXTaskHandlersManager.h>
  5 |
> 6 | typedef void (^EXUploadDelegateOnSendCallback)(NSURLSessionUploadTask *task, int64_t bytesSent, int64_t totalBytesSent, int64_t totalBytesExpectedToSend);
    |                                                                       ^ pointer is missing a nullability type specifier [-Wnullability-completeness]
  7 |
  8 | @interface EXSessionCancelableUploadTaskDelegate : EXSessionUploadTaskDelegate
  9 |


⚠️  (node_modules/expo-file-system/ios/EXSessionTasks/EXSessionCancelableUploadTaskDelegate.h:10:42)

   8 | @interface EXSessionCancelableUploadTaskDelegate : EXSessionUploadTaskDelegate
   9 |
> 10 | - (nonnull instancetype)initWithResolve:(EXPromiseResolveBlock)resolve
     |                                          ^ block pointer is missing a nullability type specifier [-Wnullability-completeness]
  11 |                                  reject:(EXPromiseRejectBlock)reject
  12 |                          onSendCallback:(EXUploadDelegateOnSendCallback)onSendCallback
  13 |                        resumableManager:(EXTaskHandlersManager *)manager


⚠️  (node_modules/expo-file-system/ios/EXSessionTasks/EXSessionCancelableUploadTaskDelegate.h:11:42)

   9 |
  10 | - (nonnull instancetype)initWithResolve:(EXPromiseResolveBlock)resolve
> 11 |                                  reject:(EXPromiseRejectBlock)reject
     |                                          ^ block pointer is missing a nullability type specifier [-Wnullability-completeness]
  12 |                          onSendCallback:(EXUploadDelegateOnSendCallback)onSendCallback
  13 |                        resumableManager:(EXTaskHandlersManager *)manager
  14 |                                    uuid:(NSString *)uuid;


⚠️  (node_modules/expo-file-system/ios/EXSessionTasks/EXSessionCancelableUploadTaskDelegate.h:12:42)

  10 | - (nonnull instancetype)initWithResolve:(EXPromiseResolveBlock)resolve
  11 |                                  reject:(EXPromiseRejectBlock)reject
> 12 |                          onSendCallback:(EXUploadDelegateOnSendCallback)onSendCallback
     |                                          ^ block pointer is missing a nullability type specifier [-Wnullability-completeness]
  13 |                        resumableManager:(EXTaskHandlersManager *)manager
  14 |                                    uuid:(NSString *)uuid;
  15 |


⚠️  (node_modules/expo-file-system/ios/EXSessionTasks/EXSessionCancelableUploadTaskDelegate.h:13:64)

  11 |                                  reject:(EXPromiseRejectBlock)reject
  12 |                          onSendCallback:(EXUploadDelegateOnSendCallback)onSendCallback
> 13 |                        resumableManager:(EXTaskHandlersManager *)manager
     |                                                                ^ pointer is missing a nullability type specifier [-Wnullability-completeness]
  14 |                                    uuid:(NSString *)uuid;
  15 |
  16 | @end


⚠️  (node_modules/expo-file-system/ios/EXSessionTasks/EXSessionCancelableUploadTaskDelegate.h:14:51)

  12 |                          onSendCallback:(EXUploadDelegateOnSendCallback)onSendCallback
  13 |                        resumableManager:(EXTaskHandlersManager *)manager
> 14 |                                    uuid:(NSString *)uuid;
     |                                                   ^ pointer is missing a nullability type specifier [-Wnullability-completeness]
  15 |
  16 | @end
  17 |


⚠️  (node_modules/expo-file-system/ios/EXSessionTasks/EXSessionCancelableUploadTaskDelegate.m:51:21)

  49 | {
  50 |   if (_onSendCallback && bytesSent > 0) {
> 51 |     _onSendCallback(task, bytesSent, totalBytesSent, totalBytesExpectedToSend);
     |                     ^ incompatible pointer types passing 'NSURLSessionTask *' to parameter of type 'NSURLSessionUploadTask *' [-Wincompatible-pointer-types]
  52 |   }
  53 | }
  54 |


⚠️  (node_modules/expo/ios/AppDelegates/ExpoAppDelegate.swift:14:12)

  12 |  */
  13 | @objc(EXExpoAppDelegate)
> 14 | open class ExpoAppDelegate: UIResponder, @preconcurrency ReactNativeFactoryProvider, UIApplicationDelegate {
     |            ^ '@preconcurrency' on conformance to 'ReactNativeFactoryProvider' has no effect
  15 |   @objc public var factory: RCTReactNativeFactory?
  16 |   private let defaultModuleName = "main"
  17 |   private let defaultInitialProps = [AnyHashable: Any]()


❌  (node_modules/expo/ios/AppDelegates/ExpoReactNativeFactory.swift:19:19)

  17 |     let releaseLevel = (Bundle.main.object(forInfoDictionaryKey: "ReactNativeReleaseLevel") as? String)
  18 |       .flatMap { [
> 19 |         "canary": RCTReleaseLevel.Canary,
     |                   ^ cannot find 'RCTReleaseLevel' in scope
  20 |         "experimental": RCTReleaseLevel.Experimental,
  21 |         "stable": RCTReleaseLevel.Stable
  22 |       ][$0.lowercased()]


❌  (node_modules/expo/ios/AppDelegates/ExpoReactNativeFactory.swift:20:25)

  18 |       .flatMap { [
  19 |         "canary": RCTReleaseLevel.Canary,
> 20 |         "experimental": RCTReleaseLevel.Experimental,
     |                         ^ cannot find 'RCTReleaseLevel' in scope
  21 |         "stable": RCTReleaseLevel.Stable
  22 |       ][$0.lowercased()]
  23 |       }


❌  (node_modules/expo/ios/AppDelegates/ExpoReactNativeFactory.swift:21:19)

  19 |         "canary": RCTReleaseLevel.Canary,
  20 |         "experimental": RCTReleaseLevel.Experimental,
> 21 |         "stable": RCTReleaseLevel.Stable
     |                   ^ cannot find 'RCTReleaseLevel' in scope
  22 |       ][$0.lowercased()]
  23 |       }
  24 |     ?? RCTReleaseLevel.Stable


❌  (node_modules/expo/ios/AppDelegates/ExpoReactNativeFactory.swift:24:8)

  22 |       ][$0.lowercased()]
  23 |       }
> 24 |     ?? RCTReleaseLevel.Stable
     |        ^ cannot find 'RCTReleaseLevel' in scope
  25 |
  26 |     super.init(delegate: delegate, releaseLevel: releaseLevel)
  27 |   }


❌  (node_modules/expo/ios/AppDelegates/ExpoReactNativeFactory.swift:26:50)

  24 |     ?? RCTReleaseLevel.Stable
  25 |
> 26 |     super.init(delegate: delegate, releaseLevel: releaseLevel)
     |                                                  ^ extra argument 'releaseLevel' in call
  27 |   }
  28 |   #endif
  29 |


⚠️  (node_modules/expo/ios/AppDelegates/ExpoReactNativeFactory.swift:100:15)

   98 |     launchOptions: [AnyHashable: Any]?
   99 |   ) -> UIView {
> 100 |     guard let delegate = self.delegate else {
      |               ^ value 'delegate' was defined but never used; consider replacing with boolean test
  101 |       fatalError("recreateRootView: Missing RCTReactNativeFactoryDelegate")
  102 |     }
  103 |

› Compiling expo-file-system Pods/ExpoFileSystem » EXFileSystemAssetLibraryHandler.m

⚠️  (ios/Pods/Headers/Public/ExpoModulesCore/ExpoModulesCore/EXNativeModulesProxy.h:13:4)

  11 | @interface EXModulesProxyConfig : NSObject
  12 |
> 13 | - (instancetype)initWithConstants:(nonnull NSDictionary *)constants
     |    ^ pointer is missing a nullability type specifier [-Wnullability-completeness]
  14 |                       methodNames:(nonnull NSDictionary *)methodNames
  15 |                      viewManagers:(nonnull NSDictionary *)viewManagerMetadata;
  16 |


⚠️  (ios/Pods/Headers/Public/ExpoModulesCore/ExpoModulesCore/EXNativeModulesProxy.h:29:61)

  27 | @interface EXNativeModulesProxy : NSObject <RCTBridgeModule>
  28 |
> 29 | @property(nonatomic, strong, readonly) EXModulesProxyConfig *nativeModulesConfig;
     |                                                             ^ pointer is missing a nullability type specifier [-Wnullability-completeness]
  30 |
  31 | - (nonnull instancetype)init;
  32 | - (nonnull instancetype)initWithModuleRegistry:(nullable EXModuleRegistry *)moduleRegistry;


⚠️  (ios/Pods/Headers/Public/ExpoModulesCore/ExpoModulesCore/EXNativeModulesProxy.h:35:30)

  33 | - (nonnull instancetype)initWithCustomModuleRegistry:(nonnull EXModuleRegistry *)moduleRegistry;
  34 |
> 35 | - (void)callMethod:(NSString *)moduleName methodNameOrKey:(id)methodNameOrKey arguments:(NSArray *)arguments resolver:(RCTPromiseResolveBlock)resolve rejecter:(RCTPromiseRejectBlock)reject;
     |                              ^ pointer is missing a nullability type specifier [-Wnullability-completeness]
  36 |
  37 | @end
  38 |


⚠️  (ios/Pods/Headers/Public/ExpoModulesCore/ExpoModulesCore/EXNativeModulesProxy.h:35:60)

  33 | - (nonnull instancetype)initWithCustomModuleRegistry:(nonnull EXModuleRegistry *)moduleRegistry;
  34 |
> 35 | - (void)callMethod:(NSString *)moduleName methodNameOrKey:(id)methodNameOrKey arguments:(NSArray *)arguments resolver:(RCTPromiseResolveBlock)resolve rejecter:(RCTPromiseRejectBlock)reject;
     |                                                            ^ pointer is missing a nullability type specifier [-Wnullability-completeness]
  36 |
  37 | @end
  38 |


⚠️  (ios/Pods/Headers/Public/ExpoModulesCore/ExpoModulesCore/EXNativeModulesProxy.h:35:98)

  33 | - (nonnull instancetype)initWithCustomModuleRegistry:(nonnull EXModuleRegistry *)moduleRegistry;
  34 |
> 35 | - (void)callMethod:(NSString *)moduleName methodNameOrKey:(id)methodNameOrKey arguments:(NSArray *)arguments resolver:(RCTPromiseResolveBlock)resolve rejecter:(RCTPromiseRejectBlock)reject;
     |                                                                                                  ^ pointer is missing a nullability type specifier [-Wnullability-completeness]
  36 |
  37 | @end
  38 |


⚠️  (ios/Pods/Headers/Public/ExpoModulesCore/ExpoModulesCore/EXNativeModulesProxy.h:35:120)

  33 | - (nonnull instancetype)initWithCustomModuleRegistry:(nonnull EXModuleRegistry *)moduleRegistry;
  34 |
> 35 | - (void)callMethod:(NSString *)moduleName methodNameOrKey:(id)methodNameOrKey arguments:(NSArray *)arguments resolver:(RCTPromiseResolveBlock)resolve rejecter:(RCTPromiseRejectBlock)reject;
     |                                                                                                                        ^ block pointer is missing a nullability type specifier [-Wnullability-completeness]
  36 |
  37 | @end
  38 |


⚠️  (ios/Pods/Headers/Public/ExpoModulesCore/ExpoModulesCore/EXNativeModulesProxy.h:35:161)

  33 | - (nonnull instancetype)initWithCustomModuleRegistry:(nonnull EXModuleRegistry *)moduleRegistry;
  34 |
> 35 | - (void)callMethod:(NSString *)moduleName methodNameOrKey:(id)methodNameOrKey arguments:(NSArray *)arguments resolver:(RCTPromiseResolveBlock)resolve rejecter:(RCTPromiseRejectBlock)reject;
     |                                                                                                                                                                 ^ block pointer is missing a nullability type specifier [-Wnullability-completeness]
  36 |
  37 | @end
  38 |


⚠️  (ios/Pods/Headers/Public/ExpoModulesCore/ExpoModulesCore/EXLegacyExpoViewProtocol.h:11:4)

   9 | @protocol EXLegacyExpoViewProtocol
  10 |
> 11 | - (instancetype)initWithModuleRegistry:(nullable EXModuleRegistry *)moduleRegistry;
     |    ^ pointer is missing a nullability type specifier [-Wnullability-completeness]
  12 |
  13 | @end
  14 |


⚠️  (ios/Pods/Headers/Public/ExpoModulesCore/ExpoModulesCore/EXFileSystemInterface.h:14:42)

  12 | @protocol EXFileSystemInterface
  13 |
> 14 | @property (nonatomic, readonly) NSString *documentDirectory;
     |                                          ^ pointer is missing a nullability type specifier [-Wnullability-completeness]
  15 | @property (nonatomic, readonly) NSString *cachesDirectory;
  16 | @property (nonatomic, readonly) NSString *applicationSupportDirectory;
  17 |


⚠️  (ios/Pods/Headers/Public/ExpoModulesCore/ExpoModulesCore/EXFileSystemInterface.h:20:57)

  18 | // TODO: Move permissionsForURI to EXFileSystemManagerInterface
  19 | - (EXFileSystemPermissionFlags)permissionsForURI:(NSURL *)uri;
> 20 | - (nonnull NSString *)generatePathInDirectory:(NSString *)directory withExtension:(NSString *)extension;
     |                                                         ^ pointer is missing a nullability type specifier [-Wnullability-completeness]
  21 | - (BOOL)ensureDirExistsWithPath:(NSString *)path;
  22 |
  23 | @end


⚠️  (ios/Pods/Headers/Public/ExpoModulesCore/ExpoModulesCore/EXFileSystemInterface.h:20:93)

  18 | // TODO: Move permissionsForURI to EXFileSystemManagerInterface
  19 | - (EXFileSystemPermissionFlags)permissionsForURI:(NSURL *)uri;
> 20 | - (nonnull NSString *)generatePathInDirectory:(NSString *)directory withExtension:(NSString *)extension;
     |                                                                                             ^ pointer is missing a nullability type specifier [-Wnullability-completeness]
  21 | - (BOOL)ensureDirExistsWithPath:(NSString *)path;
  22 |
  23 | @end


⚠️  (ios/Pods/Headers/Public/ExpoModulesCore/ExpoModulesCore/EXFileSystemInterface.h:21:43)

  19 | - (EXFileSystemPermissionFlags)permissionsForURI:(NSURL *)uri;
  20 | - (nonnull NSString *)generatePathInDirectory:(NSString *)directory withExtension:(NSString *)extension;
> 21 | - (BOOL)ensureDirExistsWithPath:(NSString *)path;
     |                                           ^ pointer is missing a nullability type specifier [-Wnullability-completeness]
  22 |
  23 | @end
  24 |


⚠️  (ios/Pods/Headers/Public/ExpoModulesCore/ExpoModulesCore/EXJSIInstaller.h:39:79)

  37 |  Installs the base class for shared objects, i.e. `global.expo.SharedObject`.
  38 |  */
> 39 | + (void)installSharedObjectClass:(nonnull EXRuntime *)runtime releaser:(void (^)(long))releaser;
     |                                                                               ^ block pointer is missing a nullability type specifier [-Wnullability-completeness]
  40 |
  41 | /**
  42 |  Installs the base class for shared refs, i.e. `global.expo.SharedRef`.


⚠️  (node_modules/expo-file-system/ios/EXFileSystemAssetLibraryHandler.m:117:21)

  115 |     // This is the older, deprecated way of fetching assets from assets-library
  116 |     // using the "assets-library://" protocol
> 117 |     return [PHAsset fetchAssetsWithALAssetURLs:@[url] options:nil];
      |                     ^ 'fetchAssetsWithALAssetURLs:options:' is deprecated: first deprecated in iOS 11 - Will be removed in a future release [-Wdeprecated-declarations]
  118 | #elif TARGET_OS_OSX
  119 |     return nil;
  120 | #endif

› Compiling expo-file-system Pods/ExpoFileSystem » EXFileSystemLocalFileHandler.m

⚠️  (ios/Pods/Headers/Public/ExpoModulesCore/ExpoModulesCore/EXNativeModulesProxy.h:13:4)

  11 | @interface EXModulesProxyConfig : NSObject
  12 |
> 13 | - (instancetype)initWithConstants:(nonnull NSDictionary *)constants
     |    ^ pointer is missing a nullability type specifier [-Wnullability-completeness]
  14 |                       methodNames:(nonnull NSDictionary *)methodNames
  15 |                      viewManagers:(nonnull NSDictionary *)viewManagerMetadata;
  16 |


⚠️  (ios/Pods/Headers/Public/ExpoModulesCore/ExpoModulesCore/EXNativeModulesProxy.h:29:61)

  27 | @interface EXNativeModulesProxy : NSObject <RCTBridgeModule>
  28 |
> 29 | @property(nonatomic, strong, readonly) EXModulesProxyConfig *nativeModulesConfig;
     |                                                             ^ pointer is missing a nullability type specifier [-Wnullability-completeness]
  30 |
  31 | - (nonnull instancetype)init;
  32 | - (nonnull instancetype)initWithModuleRegistry:(nullable EXModuleRegistry *)moduleRegistry;


⚠️  (ios/Pods/Headers/Public/ExpoModulesCore/ExpoModulesCore/EXNativeModulesProxy.h:35:30)

  33 | - (nonnull instancetype)initWithCustomModuleRegistry:(nonnull EXModuleRegistry *)moduleRegistry;
  34 |
> 35 | - (void)callMethod:(NSString *)moduleName methodNameOrKey:(id)methodNameOrKey arguments:(NSArray *)arguments resolver:(RCTPromiseResolveBlock)resolve rejecter:(RCTPromiseRejectBlock)reject;
     |                              ^ pointer is missing a nullability type specifier [-Wnullability-completeness]
  36 |
  37 | @end
  38 |


⚠️  (ios/Pods/Headers/Public/ExpoModulesCore/ExpoModulesCore/EXNativeModulesProxy.h:35:60)

  33 | - (nonnull instancetype)initWithCustomModuleRegistry:(nonnull EXModuleRegistry *)moduleRegistry;
  34 |
> 35 | - (void)callMethod:(NSString *)moduleName methodNameOrKey:(id)methodNameOrKey arguments:(NSArray *)arguments resolver:(RCTPromiseResolveBlock)resolve rejecter:(RCTPromiseRejectBlock)reject;
     |                                                            ^ pointer is missing a nullability type specifier [-Wnullability-completeness]
  36 |
  37 | @end
  38 |


⚠️  (ios/Pods/Headers/Public/ExpoModulesCore/ExpoModulesCore/EXNativeModulesProxy.h:35:98)

  33 | - (nonnull instancetype)initWithCustomModuleRegistry:(nonnull EXModuleRegistry *)moduleRegistry;
  34 |
> 35 | - (void)callMethod:(NSString *)moduleName methodNameOrKey:(id)methodNameOrKey arguments:(NSArray *)arguments resolver:(RCTPromiseResolveBlock)resolve rejecter:(RCTPromiseRejectBlock)reject;
     |                                                                                                  ^ pointer is missing a nullability type specifier [-Wnullability-completeness]
  36 |
  37 | @end
  38 |


⚠️  (ios/Pods/Headers/Public/ExpoModulesCore/ExpoModulesCore/EXNativeModulesProxy.h:35:120)

  33 | - (nonnull instancetype)initWithCustomModuleRegistry:(nonnull EXModuleRegistry *)moduleRegistry;
  34 |
> 35 | - (void)callMethod:(NSString *)moduleName methodNameOrKey:(id)methodNameOrKey arguments:(NSArray *)arguments resolver:(RCTPromiseResolveBlock)resolve rejecter:(RCTPromiseRejectBlock)reject;
     |                                                                                                                        ^ block pointer is missing a nullability type specifier [-Wnullability-completeness]
  36 |
  37 | @end
  38 |


⚠️  (ios/Pods/Headers/Public/ExpoModulesCore/ExpoModulesCore/EXNativeModulesProxy.h:35:161)

  33 | - (nonnull instancetype)initWithCustomModuleRegistry:(nonnull EXModuleRegistry *)moduleRegistry;
  34 |
> 35 | - (void)callMethod:(NSString *)moduleName methodNameOrKey:(id)methodNameOrKey arguments:(NSArray *)arguments resolver:(RCTPromiseResolveBlock)resolve rejecter:(RCTPromiseRejectBlock)reject;
     |                                                                                                                                                                 ^ block pointer is missing a nullability type specifier [-Wnullability-completeness]
  36 |
  37 | @end
  38 |


⚠️  (ios/Pods/Headers/Public/ExpoModulesCore/ExpoModulesCore/EXLegacyExpoViewProtocol.h:11:4)

   9 | @protocol EXLegacyExpoViewProtocol
  10 |
> 11 | - (instancetype)initWithModuleRegistry:(nullable EXModuleRegistry *)moduleRegistry;
     |    ^ pointer is missing a nullability type specifier [-Wnullability-completeness]
  12 |
  13 | @end
  14 |


⚠️  (ios/Pods/Headers/Public/ExpoModulesCore/ExpoModulesCore/EXFileSystemInterface.h:14:42)

  12 | @protocol EXFileSystemInterface
  13 |
> 14 | @property (nonatomic, readonly) NSString *documentDirectory;
     |                                          ^ pointer is missing a nullability type specifier [-Wnullability-completeness]
  15 | @property (nonatomic, readonly) NSString *cachesDirectory;
  16 | @property (nonatomic, readonly) NSString *applicationSupportDirectory;
  17 |


⚠️  (ios/Pods/Headers/Public/ExpoModulesCore/ExpoModulesCore/EXFileSystemInterface.h:20:57)

  18 | // TODO: Move permissionsForURI to EXFileSystemManagerInterface
  19 | - (EXFileSystemPermissionFlags)permissionsForURI:(NSURL *)uri;
> 20 | - (nonnull NSString *)generatePathInDirectory:(NSString *)directory withExtension:(NSString *)extension;
     |                                                         ^ pointer is missing a nullability type specifier [-Wnullability-completeness]
  21 | - (BOOL)ensureDirExistsWithPath:(NSString *)path;
  22 |
  23 | @end


⚠️  (ios/Pods/Headers/Public/ExpoModulesCore/ExpoModulesCore/EXFileSystemInterface.h:20:93)

  18 | // TODO: Move permissionsForURI to EXFileSystemManagerInterface
  19 | - (EXFileSystemPermissionFlags)permissionsForURI:(NSURL *)uri;
> 20 | - (nonnull NSString *)generatePathInDirectory:(NSString *)directory withExtension:(NSString *)extension;
     |                                                                                             ^ pointer is missing a nullability type specifier [-Wnullability-completeness]
  21 | - (BOOL)ensureDirExistsWithPath:(NSString *)path;
  22 |
  23 | @end


⚠️  (ios/Pods/Headers/Public/ExpoModulesCore/ExpoModulesCore/EXFileSystemInterface.h:21:43)

  19 | - (EXFileSystemPermissionFlags)permissionsForURI:(NSURL *)uri;
  20 | - (nonnull NSString *)generatePathInDirectory:(NSString *)directory withExtension:(NSString *)extension;
> 21 | - (BOOL)ensureDirExistsWithPath:(NSString *)path;
     |                                           ^ pointer is missing a nullability type specifier [-Wnullability-completeness]
  22 |
  23 | @end
  24 |


⚠️  (ios/Pods/Headers/Public/ExpoModulesCore/ExpoModulesCore/EXJSIInstaller.h:39:79)

  37 |  Installs the base class for shared objects, i.e. `global.expo.SharedObject`.
  38 |  */
> 39 | + (void)installSharedObjectClass:(nonnull EXRuntime *)runtime releaser:(void (^)(long))releaser;
     |                                                                               ^ block pointer is missing a nullability type specifier [-Wnullability-completeness]
  40 |
  41 | /**
  42 |  Installs the base class for shared refs, i.e. `global.expo.SharedRef`.

› Packaging expo-file-system Pods/ExpoFileSystem » libExpoFileSystem.a
› Executing expo-dev-menu-interface Pods/expo-dev-menu-interface » Copy generated compatibility header
› Executing expo-updates Pods/ReachabilitySwift » Copy generated compatibility header
› Executing expo-web-browser Pods/ExpoWebBrowser » Copy generated compatibility header
› Executing expo-system-ui Pods/ExpoSystemUI » Copy generated compatibility header
› Executing expo-splash-screen Pods/ExpoSplashScreen » Copy generated compatibility header
    Run script build phase '[CP-User] [Hermes] Replace Hermes for the right configuration, if needed' will be run during every build because it does not specify any outputs. To address this issue, either add output dependencies to the script phase, or configure it to run in every build by unchecking "Based on dependency analysis" in the script phase. (in target 'hermes-engine' from project 'Pods')
    Run script build phase '[CP-User] Generate updates resources for expo-updates' will be run during every build because it does not specify any outputs. To address this issue, either add output dependencies to the script phase, or configure it to run in every build by unchecking "Based on dependency analysis" in the script phase. (in target 'EXUpdates' from project 'Pods')
Exited with code: 65

› 5 error(s), and 635 warning(s)

CommandError: Failed to build iOS project. "xcodebuild" exited with error code 65.
CommandError: Failed to build iOS project. "xcodebuild" exited with error code 65.
    at Object.buildAsync (/Users/clisamax/Documents/GITHUB/FormCam/node_modules/@expo/cli/src/run/ios/XcodeBuild.ts:334:13)
    at runIosAsync (/Users/clisamax/Documents/GITHUB/FormCam/node_modules/@expo/cli/src/run/ios/runIosAsync.ts:128:25)
