[2026-02-17 16:33:11] 🚀 Iniciando script – 2026-02-17_16-33-11
[2026-02-17 16:33:11] ✅ Node v24.13.1 OK
[2026-02-17 16:33:11] ✅ Yarn 4.12.0 OK
[2026-02-17 16:33:11] ✅ Xcode 26.2 OK
[2026-02-17 16:33:11] ✅ CocoaPods 1.16.2 OK
[2026-02-17 16:33:11] ✅ libimobiledevice (idevicepair) disponível
[2026-02-17 16:33:11] ✅ DEVELOPMENT_TEAM definido: VW658NV936
[2026-02-17 16:33:11] 🚀 Script iniciado – 2026-02-17_16-33-11
[2026-02-17 16:33:11] 🧹 Iniciando limpeza rápida dos artefatos da build anterior…
[2026-02-17 16:33:11]    • Jobs paralelos permitidos: 10
[2026-02-17 16:33:11]    • Aguardando finalização das remoções async…
[2026-02-17 16:33:11]    • /Users/clisamax/Library/Developer/Xcode/DerivedData/FormCam-dafqrjcqenjoxbfbwuupgqbhuhip → /var/folders/88/p03mzgs51pj3xpcnz_66wt_w0000gn/T//expo-clean-FormCam-dafqrjcqenjoxbfbwuupgqbhuhip-50683 (remoção async iniciada)
[2026-02-17 16:33:17]    • /Users/clisamax/Documents/GITHUB/FormCam/node_modules → /var/folders/88/p03mzgs51pj3xpcnz_66wt_w0000gn/T//expo-clean-node_modules-50683 (remoção async iniciada)
[2026-02-17 16:33:17] ✅ Limpeza rápida concluída.
[2026-02-17 16:33:17] 📦 Instalando dependências JavaScript (Yarn)…
➤ YN0050: The --frozen-lockfile option is deprecated; use --immutable and/or --immutable-cache instead

➤ YN0000: · Yarn 4.12.0
➤ YN0000: ┌ Resolution step
➤ YN0000: └ Completed
➤ YN0000: ┌ Post-resolution validation
➤ YN0060: │ react is listed by your project with version 19.1.0 (pf5c6e9), which doesn't satisfy what react-test-renderer and other dependencies request (but they have non-overlapping ranges!).
➤ YN0086: │ Some peer dependencies are incorrectly met by your project; run yarn explain peer-requirements <hash> for details, where <hash> is the six-letter p-prefixed code.
➤ YN0086: │ Some peer dependencies are incorrectly met by dependencies; run yarn explain peer-requirements for details.
➤ YN0000: └ Completed
➤ YN0000: ┌ Fetch step
➤ YN0000: └ Completed in 0s 425ms
➤ YN0000: ┌ Link step
➤ YN0007: │ @biomejs/biome@npm:1.9.2 must be built because it never has been before or the last one failed
➤ YN0007: │ aws-sdk@npm:2.1693.0 must be built because it never has been before or the last one failed
➤ YN0000: └ Completed in 10s 189ms
➤ YN0000: · Done with warnings in 10s 838ms
[2026-02-17 16:33:28] ✅ Yarn install concluído.
[2026-02-17 16:33:28] 🩺 Executando expo‑doctor...
[2026-02-17 16:33:28] ⚡ expo‑doctor ausente – instalando como dev‑dependency
[2026-02-17 16:33:28]    • Executando: yarn
add
-D
expo-doctor
➤ YN0000: · Yarn 4.12.0
➤ YN0000: ┌ Resolution step
➤ YN0000: └ Completed
➤ YN0000: ┌ Post-resolution validation
➤ YN0060: │ react is listed by your project with version 19.1.0 (pf5c6e9), which doesn't satisfy what react-test-renderer and other dependencies request (but they have non-overlapping ranges!).
➤ YN0086: │ Some peer dependencies are incorrectly met by your project; run yarn explain peer-requirements <hash> for details, where <hash> is the six-letter p-prefixed code.
➤ YN0086: │ Some peer dependencies are incorrectly met by dependencies; run yarn explain peer-requirements for details.
➤ YN0000: └ Completed
➤ YN0000: ┌ Fetch step
➤ YN0000: └ Completed in 0s 578ms
➤ YN0000: ┌ Link step
➤ YN0000: └ Completed in 0s 210ms
➤ YN0000: · Done with warnings in 1s 30ms
[2026-02-17 16:33:30]    • Executando: npx
expo-doctor
env: load .env
env: export EXPO_PUBLIC_API_URL EXPO_PUBLIC_IMMICH_URL EXPO_PUBLIC_IMMICH_API_KEY
Running 17 checks on your project...
17/17 checks passed. No issues detected!
[2026-02-17 16:33:34] ✅ expo‑doctor finalizado sem erros críticos.
[2026-02-17 16:33:34] 📦 Instalando pods iOS…
[2026-02-17 16:33:34]    • Rodando expo prebuild --clean…
[2026-02-17 16:33:34]    • Executando: npx
expo
prebuild
--clean
env: load .env
env: export EXPO_PUBLIC_API_URL EXPO_PUBLIC_IMMICH_URL EXPO_PUBLIC_IMMICH_API_KEY
! Git branch has uncommitted file changes
› It's recommended to commit all changes before proceeding in case you want to revert generated changes.
Git status is dirty but the command will continue because the terminal is not interactive.
- Clearing android, ios
✔ Cleared android, ios code
- Creating native directories (./ios and ./android)
✔ Created native directories
- Updating package.json
✔ Updated package.json | no changes
- Running prebuild
✔ Finished prebuild
- Installing CocoaPods...
✔ Installed CocoaPods
[2026-02-17 16:34:28]    • Executando: pod
install
--repo-update
Using Expo modules
[Expo] Enabling modular headers for pod ExpoModulesCore
[Expo] Enabling modular headers for pod React-RCTAppDelegate
[Expo] Enabling modular headers for pod React-RCTFabric
[Expo] Enabling modular headers for pod ReactAppDependencyProvider
[Expo] Enabling modular headers for pod React-Core
[Expo] Enabling modular headers for pod ReactCodegen
[Expo] Enabling modular headers for pod RCTRequired
[Expo] Enabling modular headers for pod RCTTypeSafety
[Expo] Enabling modular headers for pod ReactCommon
[Expo] Enabling modular headers for pod React-NativeModulesApple
[Expo] Enabling modular headers for pod Yoga
[Expo] Enabling modular headers for pod React-Fabric
[Expo] Enabling modular headers for pod React-graphics
[Expo] Enabling modular headers for pod React-utils
[Expo] Enabling modular headers for pod React-featureflags
[Expo] Enabling modular headers for pod React-debug
[Expo] Enabling modular headers for pod React-ImageManager
[Expo] Enabling modular headers for pod React-rendererdebug
[Expo] Enabling modular headers for pod React-jsi
[Expo] Enabling modular headers for pod React-renderercss
[Expo] Enabling modular headers for pod hermes-engine
[Expo] Enabling modular headers for pod glog
[Expo] Enabling modular headers for pod boost
[Expo] Enabling modular headers for pod DoubleConversion
[Expo] Enabling modular headers for pod fast_float
[Expo] Enabling modular headers for pod fmt
[Expo] Enabling modular headers for pod RCT-Folly
[Expo] Enabling modular headers for pod SocketRocket
[Expo] Enabling modular headers for pod ZXingObjC
[Expo] Enabling modular headers for pod expo-dev-menu-interface
[Expo] Enabling modular headers for pod EXManifests
[Expo] Enabling modular headers for pod EXUpdatesInterface
[Expo] Enabling modular headers for pod expo-dev-menu
[Expo] Enabling modular headers for pod React-jsinspector
[Expo] Enabling modular headers for pod expo-dev-launcher
[Expo] Enabling modular headers for pod EXImageLoader
[Expo] Enabling modular headers for pod SDWebImageWebPCoder
[Expo] Enabling modular headers for pod RNScreens
[Expo] Enabling modular headers for pod EXStructuredHeaders
[Expo] Enabling modular headers for pod EASClient
[Expo] Enabling modular headers for pod ReachabilitySwift
Found 10 modules for target `FormCam`
link_native_modules! {:ios_packages=>[{:configurations=>[], :name=>"@react-native-async-storage/async-storage", :root=>"/Users/clisamax/Documents/GITHUB/FormCam/node_modules/@react-native-async-storage/async-storage", :path=>"../node_modules/@react-native-async-storage/async-storage", :podspec_path=>"/Users/clisamax/Documents/GITHUB/FormCam/node_modules/@react-native-async-storage/async-storage/RNCAsyncStorage.podspec", :script_phases=>[]}, {:configurations=>[], :name=>"@react-native-community/datetimepicker", :root=>"/Users/clisamax/Documents/GITHUB/FormCam/node_modules/@react-native-community/datetimepicker", :path=>"../node_modules/@react-native-community/datetimepicker", :podspec_path=>"/Users/clisamax/Documents/GITHUB/FormCam/node_modules/@react-native-community/datetimepicker/RNDateTimePicker.podspec", :script_phases=>[]}, {:configurations=>[], :name=>"@react-native-community/netinfo", :root=>"/Users/clisamax/Documents/GITHUB/FormCam/node_modules/@react-native-community/netinfo", :path=>"../node_modules/@react-native-community/netinfo", :podspec_path=>"/Users/clisamax/Documents/GITHUB/FormCam/node_modules/@react-native-community/netinfo/react-native-netinfo.podspec", :script_phases=>[]}, {:configurations=>[], :name=>"expo", :root=>"/Users/clisamax/Documents/GITHUB/FormCam/node_modules/expo", :path=>"../node_modules/expo", :podspec_path=>"/Users/clisamax/Documents/GITHUB/FormCam/node_modules/expo/Expo.podspec", :script_phases=>[]}, {:configurations=>[], :name=>"react-native-gesture-handler", :root=>"/Users/clisamax/Documents/GITHUB/FormCam/node_modules/react-native-gesture-handler", :path=>"../node_modules/react-native-gesture-handler", :podspec_path=>"/Users/clisamax/Documents/GITHUB/FormCam/node_modules/react-native-gesture-handler/RNGestureHandler.podspec", :script_phases=>[]}, {:configurations=>[], :name=>"react-native-reanimated", :root=>"/Users/clisamax/Documents/GITHUB/FormCam/node_modules/react-native-reanimated", :path=>"../node_modules/react-native-reanimated", :podspec_path=>"/Users/clisamax/Documents/GITHUB/FormCam/node_modules/react-native-reanimated/RNReanimated.podspec", :script_phases=>[]}, {:configurations=>[], :name=>"react-native-safe-area-context", :root=>"/Users/clisamax/Documents/GITHUB/FormCam/node_modules/react-native-safe-area-context", :path=>"../node_modules/react-native-safe-area-context", :podspec_path=>"/Users/clisamax/Documents/GITHUB/FormCam/node_modules/react-native-safe-area-context/react-native-safe-area-context.podspec", :script_phases=>[]}, {:configurations=>[], :name=>"react-native-screens", :root=>"/Users/clisamax/Documents/GITHUB/FormCam/node_modules/react-native-screens", :path=>"../node_modules/react-native-screens", :podspec_path=>"/Users/clisamax/Documents/GITHUB/FormCam/node_modules/react-native-screens/RNScreens.podspec", :script_phases=>[]}, {:configurations=>[], :name=>"react-native-vector-icons", :root=>"/Users/clisamax/Documents/GITHUB/FormCam/node_modules/react-native-vector-icons", :path=>"../node_modules/react-native-vector-icons", :podspec_path=>"/Users/clisamax/Documents/GITHUB/FormCam/node_modules/react-native-vector-icons/RNVectorIcons.podspec", :script_phases=>[]}, {:configurations=>[], :name=>"react-native-worklets", :root=>"/Users/clisamax/Documents/GITHUB/FormCam/node_modules/react-native-worklets", :path=>"../node_modules/react-native-worklets", :podspec_path=>"/Users/clisamax/Documents/GITHUB/FormCam/node_modules/react-native-worklets/RNWorklets.podspec", :script_phases=>[]}], :ios_project_root_path=>"/Users/clisamax/Documents/GITHUB/FormCam/ios", :react_native_path=>"../node_modules/react-native"}
Auto-linking React Native modules for target `FormCam`: RNCAsyncStorage, RNDateTimePicker, RNGestureHandler, RNReanimated, RNScreens, RNVectorIcons, RNWorklets, react-native-netinfo, and react-native-safe-area-context
Framework build type is static library
[ReactNativeDependencies] Setting up ReactNativeDependencies...
[ReactNativeDependencies] Building from source: false
[ReactNativeDependencies] Using release tarball
[ReactNativeDependencies] Using tarball from URL: https://repo1.maven.org/maven2/com/facebook/react/react-native-artifacts/0.81.5/react-native-artifacts-0.81.5-reactnative-dependencies-debug.tar.gz
[ReactNativeDependencies] Source: {:http=>"https://repo1.maven.org/maven2/com/facebook/react/react-native-artifacts/0.81.5/react-native-artifacts-0.81.5-reactnative-dependencies-debug.tar.gz"}
[ReactNativeCore] Setting up ReactNativeCore...
[ReactNativeCore] Building from source: false
[ReactNativeCore] Using tarball from URL: https://repo1.maven.org/maven2/com/facebook/react/react-native-artifacts/0.81.5/react-native-artifacts-0.81.5-reactnative-core-debug.tar.gz
[ReactNativeCore] Source: {:http=>"https://repo1.maven.org/maven2/com/facebook/react/react-native-artifacts/0.81.5/react-native-artifacts-0.81.5-reactnative-core-debug.tar.gz"}
Configuring the target with the New Architecture
[ReactNativeCore] Using React Native Core and React Native Dependencies prebuilt versions.
[36m[1m[Codegen][0m Analyzing /Users/clisamax/Documents/GITHUB/FormCam/package.json[0m
[36m[1m[Codegen][0m [33mSearching for codegen-enabled libraries in the app.[0m
[36m[1m[Codegen][0m [33mThe "codegenConfig" field is not defined in package.json. Assuming there is nothing to generate at the app level.[0m
[36m[1m[Codegen][0m [33mSearching for codegen-enabled libraries in react-native.config.js[0m
[36m[1m[Codegen][0m Found @react-native-async-storage/async-storage[0m
[36m[1m[Codegen][0m Found @react-native-community/datetimepicker[0m
[36m[1m[Codegen][0m Found react-native-gesture-handler[0m
[36m[1m[Codegen][0m Found react-native-reanimated[0m
[36m[1m[Codegen][0m Found react-native-safe-area-context[0m
[36m[1m[Codegen][0m Found react-native-screens[0m
[36m[1m[Codegen][0m Found react-native-vector-icons[0m
[36m[1m[Codegen][0m Found react-native-worklets[0m
[36m[1m[Codegen][0m Processing rnasyncstorage[0m
[36m[1m[Codegen][0m [33mSearching for podspec in the project dependencies.[0m
[36m[1m[Codegen][0m Supported Apple platforms: ios, macos, tvos, visionos for rnasyncstorage[0m
[36m[1m[Codegen][0m Processing RNDateTimePickerCGen[0m
[36m[1m[Codegen][0m [33mSearching for podspec in the project dependencies.[0m
[36m[1m[Codegen][0m Supported Apple platforms: ios, visionos for RNDateTimePickerCGen[0m
[36m[1m[Codegen][0m Processing rngesturehandler_codegen[0m
[36m[1m[Codegen][0m [33mSearching for podspec in the project dependencies.[0m
[36m[1m[Codegen][0m Supported Apple platforms: ios, macos, tvos, visionos for rngesturehandler_codegen[0m
[36m[1m[Codegen][0m Processing rnreanimated[0m
[36m[1m[Codegen][0m [33mSearching for podspec in the project dependencies.[0m
[36m[1m[Codegen][0m Supported Apple platforms: ios, macos, tvos, visionos for rnreanimated[0m
[36m[1m[Codegen][0m Processing safeareacontext[0m
[36m[1m[Codegen][0m [33mSearching for podspec in the project dependencies.[0m
[36m[1m[Codegen][0m Supported Apple platforms: ios, macos, tvos, visionos for safeareacontext[0m
[36m[1m[Codegen][0m Processing rnscreens[0m
[36m[1m[Codegen][0m [33mSearching for podspec in the project dependencies.[0m
[36m[1m[Codegen][0m Supported Apple platforms: ios, tvos, visionos for rnscreens[0m
[36m[1m[Codegen][0m Processing RNVectorIconsSpec[0m
[36m[1m[Codegen][0m [33mSearching for podspec in the project dependencies.[0m
[36m[1m[Codegen][0m Supported Apple platforms: ios, tvos, visionos for RNVectorIconsSpec[0m
[36m[1m[Codegen][0m Processing rnworklets[0m
[36m[1m[Codegen][0m [33mSearching for podspec in the project dependencies.[0m
[36m[1m[Codegen][0m Supported Apple platforms: ios, macos, tvos, visionos for rnworklets[0m
[36m[1m[Codegen][0m Generating Native Code for rnasyncstorage - ios[0m
[36m[1m[Codegen][0m Generated artifacts: /Users/clisamax/Documents/GITHUB/FormCam/ios/build/generated/ios[0m
[36m[1m[Codegen][0m Generating Native Code for RNDateTimePickerCGen - ios[0m
[36m[1m[Codegen][0m Generated artifacts: /Users/clisamax/Documents/GITHUB/FormCam/ios/build/generated/ios[0m
[36m[1m[Codegen][0m Generating Native Code for rngesturehandler_codegen - ios[0m
[36m[1m[Codegen][0m Generated artifacts: /Users/clisamax/Documents/GITHUB/FormCam/ios/build/generated/ios[0m
[36m[1m[Codegen][0m Generating Native Code for rnreanimated - ios[0m
[36m[1m[Codegen][0m Generated artifacts: /Users/clisamax/Documents/GITHUB/FormCam/ios/build/generated/ios[0m
[36m[1m[Codegen][0m Generating Native Code for safeareacontext - ios[0m
[36m[1m[Codegen][0m Generated artifacts: /Users/clisamax/Documents/GITHUB/FormCam/ios/build/generated/ios[0m
[36m[1m[Codegen][0m Generating Native Code for rnscreens - ios[0m
[36m[1m[Codegen][0m Generated artifacts: /Users/clisamax/Documents/GITHUB/FormCam/ios/build/generated/ios[0m
[36m[1m[Codegen][0m Generating Native Code for RNVectorIconsSpec - ios[0m
[36m[1m[Codegen][0m Generated artifacts: /Users/clisamax/Documents/GITHUB/FormCam/ios/build/generated/ios[0m
[36m[1m[Codegen][0m Generating Native Code for rnworklets - ios[0m
[36m[1m[Codegen][0m Generated artifacts: /Users/clisamax/Documents/GITHUB/FormCam/ios/build/generated/ios[0m
[36m[1m[Codegen][0m Generating RCTThirdPartyComponentsProvider.h[0m
[36m[1m[Codegen][0m Generated artifact: /Users/clisamax/Documents/GITHUB/FormCam/ios/build/generated/ios/RCTThirdPartyComponentsProvider.h[0m
[36m[1m[Codegen][0m Generating RCTThirdPartyComponentsProvider.mm[0m
[36m[1m[Codegen][0m Generated artifact: /Users/clisamax/Documents/GITHUB/FormCam/ios/build/generated/ios/RCTThirdPartyComponentsProvider.mm[0m
[36m[1m[Codegen][0m Generating RCTModulesProvider.h[0m
[36m[1m[Codegen][0m Generated artifact: /Users/clisamax/Documents/GITHUB/FormCam/ios/build/generated/ios/RCTModuleProviders.h[0m
[36m[1m[Codegen][0m Generating RCTModuleProviders.mm[0m
[36m[1m[Codegen][0m Generated artifact: /Users/clisamax/Documents/GITHUB/FormCam/ios/build/generated/ios/RCTModuleProviders.mm[0m
[36m[1m[Codegen][0m Generating RCTAppDependencyProvider[0m
[36m[1m[Codegen][0m Generated artifact: /Users/clisamax/Documents/GITHUB/FormCam/ios/build/generated/ios/RCTAppDependencyProvider.h[0m
[36m[1m[Codegen][0m Generated artifact: /Users/clisamax/Documents/GITHUB/FormCam/ios/build/generated/ios/RCTAppDependencyProvider.mm[0m
[36m[1m[Codegen][0m Generated podspec: /Users/clisamax/Documents/GITHUB/FormCam/ios/build/generated/ios/ReactAppDependencyProvider.podspec[0m
[36m[1m[Codegen][0m Generated podspec: /Users/clisamax/Documents/GITHUB/FormCam/ios/build/generated/ios/ReactCodegen.podspec[0m
[36m[1m[Codegen][0m [33mDone.[0m
[ReactNativeDependencies] Using release tarball
[ReactNativeDependencies] Using tarball from URL: https://repo1.maven.org/maven2/com/facebook/react/react-native-artifacts/0.81.5/react-native-artifacts-0.81.5-reactnative-dependencies-debug.tar.gz
Updating local specs repositories
Analyzing dependencies
Downloading dependencies
Generating Pods project
Setting USE_HERMES build settings
Setting REACT_NATIVE_PATH build settings
Setting SWIFT_ACTIVE_COMPILATION_CONDITIONS build settings
[Ccache]: Removing Ccache from CC, LD, CXX & LDPLUSPLUS build settings
Setting SWIFT_ENABLE_EXPLICIT_MODULES build settings
[SPM] Cleaning old SPM dependencies from Pods project
[SPM] Adding SPM dependencies to Pods project
[Privacy Manifest Aggregation] Appending aggregated reasons to existing PrivacyInfo.xcprivacy file.
[Privacy Manifest Aggregation] Reading .xcprivacy files to aggregate all used Required Reason APIs.
Setting CLANG_CXX_LANGUAGE_STANDARD to c++20 on /Users/clisamax/Documents/GITHUB/FormCam/ios/FormCam.xcodeproj

==================== DEPRECATION NOTICE =====================
Calling `pod install` directly is deprecated in React Native
because we are moving away from Cocoapods toward alternative
solutions to build the project.
* If you are using Expo, please run:
`npx expo run:ios`
* If you are using the Community CLI, please run:
`yarn ios`
=============================================================

Pod install took 20 [s] to run
Integrating client project
Pod installation complete! There are 103 dependencies from the Podfile and 107 total pods installed.
[Expo] Adding '[Expo Autolinking] Run Codegen with autolinking' build phase to ReactCodegen
[2026-02-17 16:34:50] ✅ Pods instalados.
[2026-02-17 16:34:50] 🔎 Testando compilação com xcodebuild (Debug)…
[2026-02-17 16:34:50]    • Executando: xcodebuild
-workspace
FormCam.xcworkspace
-scheme
FormCam
-configuration
Debug
-sdk
iphoneos
-showBuildSettings
-json
--- xcodebuild: WARNING: Using the first of multiple matching destinations:
{ platform:iOS, id:dvtdevice-DVTiPhonePlaceholder-iphoneos:placeholder, name:Any iOS Device }
{ platform:macOS, arch:arm64, variant:Designed for [iPad,iPhone], id:00008132-000668692653801C, name:My Mac }
{ platform:iOS Simulator, id:dvtdevice-DVTiOSDeviceSimulatorPlaceholder-iphonesimulator:placeholder, name:Any iOS Simulator Device }
{ platform:iOS Simulator, arch:arm64, id:ADCD9AD4-5D06-4240-999B-A146996C751A, OS:26.1, name:iPad (A16) }
{ platform:iOS Simulator, arch:arm64, id:A50E9BF8-0CF2-456A-A2D0-6CC402AA9090, OS:26.2, name:iPad (A16) }
{ platform:iOS Simulator, arch:arm64, id:79FC3762-BD72-4F61-991C-0B660CDB2C6D, OS:26.1, name:iPad Air 11-inch (M3) }
{ platform:iOS Simulator, arch:arm64, id:DD99553A-F12A-4816-B30F-376380CC06B4, OS:26.2, name:iPad Air 11-inch (M3) }
{ platform:iOS Simulator, arch:arm64, id:1A9472A0-4390-4D7C-B857-EAE5D0EB0975, OS:26.1, name:iPad Air 13-inch (M3) }
{ platform:iOS Simulator, arch:arm64, id:E75B31A4-9C7E-495C-8725-FA8826DAC5FE, OS:26.2, name:iPad Air 13-inch (M3) }
{ platform:iOS Simulator, arch:arm64, id:2B715F92-7508-404B-B966-30C37D215A54, OS:26.1, name:iPad Pro 11-inch (M5) }
{ platform:iOS Simulator, arch:arm64, id:9EDF5669-6657-43E4-A3E0-ECB49B3902E2, OS:26.2, name:iPad Pro 11-inch (M5) }
{ platform:iOS Simulator, arch:arm64, id:F3509EE4-ADE6-4CC8-A6CA-3D6EFE1734A4, OS:26.1, name:iPad Pro 13-inch (M5) }
{ platform:iOS Simulator, arch:arm64, id:6AFA3444-7AD4-4B3B-BF43-6A4FF7A3D797, OS:26.2, name:iPad Pro 13-inch (M5) }
{ platform:iOS Simulator, arch:arm64, id:5BB992CF-4406-4D65-BE7A-B6F9C3AEF252, OS:26.1, name:iPad mini (A17 Pro) }
{ platform:iOS Simulator, arch:arm64, id:C018A2C4-12B9-45F4-AECE-AC30516AA75C, OS:26.2, name:iPad mini (A17 Pro) }
{ platform:iOS Simulator, arch:arm64, id:D5DF3EE8-26EA-4003-ABA8-38929DE02097, OS:26.1, name:iPhone 15 }
{ platform:iOS Simulator, arch:arm64, id:77A84AB8-4B20-4A16-B60C-EF3CE9359223, OS:26.1, name:iPhone 16e }
{ platform:iOS Simulator, arch:arm64, id:B228DBBE-4948-4E0C-B709-C2E0B6D901FA, OS:26.2, name:iPhone 16e }
{ platform:iOS Simulator, arch:arm64, id:CB9FFEC9-8D91-4789-89C3-E666F4FB6504, OS:26.1, name:iPhone 17 }
{ platform:iOS Simulator, arch:arm64, id:F53F47E8-20D3-441A-BBB3-24B9F6700687, OS:26.2, name:iPhone 17 }
{ platform:iOS Simulator, arch:arm64, id:DD55AF79-15E0-4937-BB6C-44C4EE0805DD, OS:26.1, name:iPhone 17 Pro }
{ platform:iOS Simulator, arch:arm64, id:988A3597-2F6A-4545-AC3E-079CA5FA19E2, OS:26.2, name:iPhone 17 Pro }
{ platform:iOS Simulator, arch:arm64, id:06074ECB-3BA1-4294-9466-0A23601957C1, OS:26.1, name:iPhone 17 Pro Max }
{ platform:iOS Simulator, arch:arm64, id:483F4AA7-9A08-44BA-8B29-629392AA85CD, OS:26.2, name:iPhone 17 Pro Max }
{ platform:iOS Simulator, arch:arm64, id:5198FE2E-FE3E-462C-9829-D2BD457C63D0, OS:26.1, name:iPhone Air }
{ platform:iOS Simulator, arch:arm64, id:5F8964AA-01DE-475B-99FA-DFEEA14A9250, OS:26.2, name:iPhone Air }
{ platform:iOS, arch:arm64, id:00008120-000A7C400A05A01E, name:Clisamax }
[
  {
    "action" : "build",
    "buildSettings" : {
      "__DIAGNOSE_DEPRECATED_ARCHS" : "YES",
      "__IS_NOT_MACOS" : "YES",
      "__IS_NOT_MACOS_macosx" : "NO",
      "__IS_NOT_SIMULATOR" : "YES",
      "__IS_NOT_SIMULATOR_simulator" : "NO",
      "_DISCOVER_COMMAND_LINE_LINKER_INPUTS" : "YES",
      "_DISCOVER_COMMAND_LINE_LINKER_INPUTS_INCLUDE_WL" : "YES",
      "_LD_MULTIARCH" : "YES",
      "_WRAPPER_CONTENTS_DIR_SHALLOW_BUNDLE_NO" : "/Contents",
      "_WRAPPER_PARENT_PATH_SHALLOW_BUNDLE_NO" : "/..",
      "_WRAPPER_RESOURCES_DIR_SHALLOW_BUNDLE_NO" : "/Resources",
      "ACTION" : "build",
      "AD_HOC_CODE_SIGNING_ALLOWED" : "NO",
      "AGGREGATE_TRACKED_DOMAINS" : "YES",
      "ALLOW_BUILD_REQUEST_OVERRIDES" : "NO",
      "ALLOW_TARGET_PLATFORM_SPECIALIZATION" : "NO",
      "ALTERNATE_GROUP" : "staff",
      "ALTERNATE_MODE" : "u+w,go-w,a+rX",
      "ALTERNATE_OWNER" : "clisamax",
      "ALTERNATIVE_DISTRIBUTION_WEB" : "NO",
      "ALWAYS_EMBED_SWIFT_STANDARD_LIBRARIES" : "YES",
      "ALWAYS_SEARCH_USER_PATHS" : "NO",
      "ALWAYS_USE_SEPARATE_HEADERMAPS" : "NO",
      "ANDROID_DEPLOYMENT_TARGET" : "21.0",
      "APP_SHORTCUTS_ENABLE_FLEXIBLE_MATCHING" : "YES",
      "APPLICATION_EXTENSION_API_ONLY" : "NO",
      "APPLY_RULES_IN_COPY_FILES" : "NO",
      "APPLY_RULES_IN_COPY_HEADERS" : "NO",
      "arch" : "undefined_arch",
      "ARCHS" : "arm64",
      "ARCHS_STANDARD" : "arm64",
      "ARCHS_STANDARD_32_64_BIT" : "armv7 arm64",
      "ARCHS_STANDARD_32_BIT" : "armv7",
      "ARCHS_STANDARD_64_BIT" : "arm64",
      "ARCHS_STANDARD_INCLUDING_64_BIT" : "arm64",
      "ARCHS_UNIVERSAL_IPHONE_OS" : "armv7 arm64",
      "ASSETCATALOG_COMPILER_APPICON_NAME" : "AppIcon",
      "AUTOMATICALLY_MERGE_DEPENDENCIES" : "NO",
      "AUTOMATION_APPLE_EVENTS" : "NO",
      "AVAILABLE_PLATFORMS" : "android appletvos appletvsimulator driverkit iphoneos iphonesimulator macosx qnx watchos watchsimulator webassembly xros xrsimulator",
      "BUILD_ACTIVE_RESOURCES_ONLY" : "NO",
      "BUILD_COMPONENTS" : "headers build",
      "BUILD_DIR" : "/Users/clisamax/Library/Developer/Xcode/DerivedData/FormCam-bghffiesmchebqfenymgyejtnsai/Build/Products",
      "BUILD_LIBRARY_FOR_DISTRIBUTION" : "NO",
      "BUILD_ROOT" : "/Users/clisamax/Library/Developer/Xcode/DerivedData/FormCam-bghffiesmchebqfenymgyejtnsai/Build/Products",
      "BUILD_STYLE" : "",
      "BUILD_VARIANTS" : "normal",
      "BUILT_PRODUCTS_DIR" : "/Users/clisamax/Library/Developer/Xcode/DerivedData/FormCam-bghffiesmchebqfenymgyejtnsai/Build/Products/Debug-iphoneos",
      "BUNDLE_CONTENTS_FOLDER_PATH_deep" : "Contents/",
      "BUNDLE_EXECUTABLE_FOLDER_NAME_deep" : "MacOS",
      "BUNDLE_EXTENSIONS_FOLDER_PATH" : "Extensions",
      "BUNDLE_FORMAT" : "shallow",
      "BUNDLE_FRAMEWORKS_FOLDER_PATH" : "Frameworks",
      "BUNDLE_PLUGINS_FOLDER_PATH" : "PlugIns",
      "BUNDLE_PRIVATE_HEADERS_FOLDER_PATH" : "PrivateHeaders",
      "BUNDLE_PUBLIC_HEADERS_FOLDER_PATH" : "Headers",
      "CACHE_ROOT" : "/var/folders/88/p03mzgs51pj3xpcnz_66wt_w0000gn/C/com.apple.DeveloperTools/26.2-17C52/Xcode",
      "CCHROOT" : "/var/folders/88/p03mzgs51pj3xpcnz_66wt_w0000gn/C/com.apple.DeveloperTools/26.2-17C52/Xcode",
      "CHMOD" : "/bin/chmod",
      "CHOWN" : "/usr/sbin/chown",
      "CLANG_ANALYZER_LOCALIZABILITY_NONLOCALIZED" : "YES",
      "CLANG_CACHE_FINE_GRAINED_OUTPUTS" : "YES",
      "CLANG_CXX_LANGUAGE_STANDARD" : "c++20",
      "CLANG_CXX_LIBRARY" : "libc++",
      "CLANG_ENABLE_EXPLICIT_MODULES" : "YES",
      "CLANG_ENABLE_MODULES" : "YES",
      "CLANG_ENABLE_OBJC_ARC" : "YES",
      "CLANG_MODULES_BUILD_SESSION_FILE" : "/Users/clisamax/Library/Developer/Xcode/DerivedData/ModuleCache.noindex/Session.modulevalidation",
      "CLANG_WARN__DUPLICATE_METHOD_MATCH" : "YES",
      "CLANG_WARN_BLOCK_CAPTURE_AUTORELEASING" : "YES",
      "CLANG_WARN_BOOL_CONVERSION" : "YES",
      "CLANG_WARN_COMMA" : "YES",
      "CLANG_WARN_CONSTANT_CONVERSION" : "YES",
      "CLANG_WARN_DEPRECATED_OBJC_IMPLEMENTATIONS" : "YES",
      "CLANG_WARN_DIRECT_OBJC_ISA_USAGE" : "YES_ERROR",
      "CLANG_WARN_EMPTY_BODY" : "YES",
      "CLANG_WARN_ENUM_CONVERSION" : "YES",
      "CLANG_WARN_INFINITE_RECURSION" : "YES",
      "CLANG_WARN_INT_CONVERSION" : "YES",
      "CLANG_WARN_NON_LITERAL_NULL_CONVERSION" : "YES",
      "CLANG_WARN_OBJC_IMPLICIT_RETAIN_SELF" : "YES",
      "CLANG_WARN_OBJC_LITERAL_CONVERSION" : "YES",
      "CLANG_WARN_OBJC_ROOT_CLASS" : "YES_ERROR",
      "CLANG_WARN_QUOTED_INCLUDE_IN_FRAMEWORK_HEADER" : "NO",
      "CLANG_WARN_RANGE_LOOP_ANALYSIS" : "YES",
      "CLANG_WARN_STRICT_PROTOTYPES" : "YES",
      "CLANG_WARN_SUSPICIOUS_MOVE" : "YES",
      "CLANG_WARN_UNREACHABLE_CODE" : "YES",
      "CLASS_FILE_DIR" : "/Users/clisamax/Library/Developer/Xcode/DerivedData/FormCam-bghffiesmchebqfenymgyejtnsai/Build/Intermediates.noindex/FormCam.build/Debug-iphoneos/FormCam.build/JavaClasses",
      "CLEAN_PRECOMPS" : "YES",
      "CLONE_HEADERS" : "NO",
      "CODE_SIGN_CONTEXT_CLASS" : "XCiPhoneOSCodeSignContext",
      "CODE_SIGN_ENTITLEMENTS" : "FormCam/FormCam.entitlements",
      "CODE_SIGN_IDENTITY" : "iPhone Developer",
      "CODE_SIGN_INJECT_BASE_ENTITLEMENTS" : "YES",
      "CODE_SIGNING_ALLOWED" : "YES",
      "CODE_SIGNING_REQUIRED" : "YES",
      "CODESIGNING_FOLDER_PATH" : "/Users/clisamax/Library/Developer/Xcode/DerivedData/FormCam-bghffiesmchebqfenymgyejtnsai/Build/Products/Debug-iphoneos/FormCam.app",
      "COLOR_DIAGNOSTICS" : "NO",
      "COMBINE_HIDPI_IMAGES" : "NO",
      "COMPILATION_CACHE_CAS_PATH" : "/Users/clisamax/Library/Developer/Xcode/DerivedData/CompilationCache.noindex",
      "COMPILATION_CACHE_KEEP_CAS_DIRECTORY" : "YES",
      "COMPILER_INDEX_STORE_ENABLE" : "Default",
      "COMPOSITE_SDK_DIRS" : "/Users/clisamax/Library/Developer/Xcode/DerivedData/FormCam-bghffiesmchebqfenymgyejtnsai/Build/Intermediates.noindex/CompositeSDKs",
      "COMPRESS_PNG_FILES" : "YES",
      "CONFIGURATION" : "Debug",
      "CONFIGURATION_BUILD_DIR" : "/Users/clisamax/Library/Developer/Xcode/DerivedData/FormCam-bghffiesmchebqfenymgyejtnsai/Build/Products/Debug-iphoneos",
      "CONFIGURATION_TEMP_DIR" : "/Users/clisamax/Library/Developer/Xcode/DerivedData/FormCam-bghffiesmchebqfenymgyejtnsai/Build/Intermediates.noindex/FormCam.build/Debug-iphoneos",
      "CONTENTS_FOLDER_PATH" : "FormCam.app",
      "CONTENTS_FOLDER_PATH_SHALLOW_BUNDLE_NO" : "FormCam.app/Contents",
      "CONTENTS_FOLDER_PATH_SHALLOW_BUNDLE_YES" : "FormCam.app",
      "COPY_HEADERS_RUN_UNIFDEF" : "NO",
      "COPY_PHASE_STRIP" : "NO",
      "COPYING_PRESERVES_HFS_DATA" : "NO",
      "CORRESPONDING_SIMULATOR_PLATFORM_DIR" : "/Applications/Xcode.app/Contents/Developer/Platforms/iPhoneSimulator.platform",
      "CORRESPONDING_SIMULATOR_PLATFORM_NAME" : "iphonesimulator",
      "CORRESPONDING_SIMULATOR_SDK_DIR" : "/Applications/Xcode.app/Contents/Developer/Platforms/iPhoneSimulator.platform/Developer/SDKs/iPhoneSimulator26.2.sdk",
      "CORRESPONDING_SIMULATOR_SDK_NAME" : "iphonesimulator26.2",
      "CP" : "/bin/cp",
      "CREATE_INFOPLIST_SECTION_IN_BINARY" : "NO",
      "CURRENT_ARCH" : "undefined_arch",
      "CURRENT_PROJECT_VERSION" : "1",
      "CURRENT_VARIANT" : "normal",
      "DEAD_CODE_STRIPPING" : "YES",
      "DEBUG_INFORMATION_FORMAT" : "dwarf-with-dsym",
      "DEBUG_INFORMATION_VERSION" : "compiler-default",
      "DEBUGGING_SYMBOLS" : "YES",
      "DEFAULT_COMPILER" : "com.apple.compilers.llvm.clang.1_0",
      "DEFAULT_DEXT_INSTALL_PATH" : "/System/Library/DriverExtensions",
      "DEFAULT_KEXT_INSTALL_PATH" : "/System/Library/Extensions",
      "DEFINES_MODULE" : "NO",
      "DEPLOYMENT_LOCATION" : "NO",
      "DEPLOYMENT_POSTPROCESSING" : "NO",
      "DEPLOYMENT_TARGET_SETTING_NAME" : "IPHONEOS_DEPLOYMENT_TARGET",
      "DEPLOYMENT_TARGET_SUGGESTED_VALUES" : "12.0 12.1 12.2 12.3 12.4 13.0 13.1 13.2 13.3 13.4 13.5 13.6 14.0 14.1 14.2 14.3 14.4 14.5 14.6 14.7 15.0 15.1 15.2 15.3 15.4 15.5 15.6 16.0 16.1 16.2 16.3 16.4 16.5 16.6 17.0 17.1 17.2 17.3 17.4 17.5 17.6 18.0 18.1 18.2 18.3 18.4 18.5 18.6 26.0 26.1 26.2",
      "DERIVE_MACCATALYST_PRODUCT_BUNDLE_IDENTIFIER" : "NO",
      "DERIVED_FILE_DIR" : "/Users/clisamax/Library/Developer/Xcode/DerivedData/FormCam-bghffiesmchebqfenymgyejtnsai/Build/Intermediates.noindex/FormCam.build/Debug-iphoneos/FormCam.build/DerivedSources",
      "DERIVED_FILES_DIR" : "/Users/clisamax/Library/Developer/Xcode/DerivedData/FormCam-bghffiesmchebqfenymgyejtnsai/Build/Intermediates.noindex/FormCam.build/Debug-iphoneos/FormCam.build/DerivedSources",
      "DERIVED_SOURCES_DIR" : "/Users/clisamax/Library/Developer/Xcode/DerivedData/FormCam-bghffiesmchebqfenymgyejtnsai/Build/Intermediates.noindex/FormCam.build/Debug-iphoneos/FormCam.build/DerivedSources",
      "DEVELOPER_APPLICATIONS_DIR" : "/Applications/Xcode.app/Contents/Developer/Applications",
      "DEVELOPER_BIN_DIR" : "/Applications/Xcode.app/Contents/Developer/usr/bin",
      "DEVELOPER_DIR" : "/Applications/Xcode.app/Contents/Developer",
      "DEVELOPER_FRAMEWORKS_DIR" : "/Applications/Xcode.app/Contents/Developer/Library/Frameworks",
      "DEVELOPER_FRAMEWORKS_DIR_QUOTED" : "/Applications/Xcode.app/Contents/Developer/Library/Frameworks",
      "DEVELOPER_LIBRARY_DIR" : "/Applications/Xcode.app/Contents/Developer/Library",
      "DEVELOPER_SDK_DIR" : "/Applications/Xcode.app/Contents/Developer/Platforms/MacOSX.platform/Developer/SDKs",
      "DEVELOPER_TOOLS_DIR" : "/Applications/Xcode.app/Contents/Developer/Tools",
      "DEVELOPER_USR_DIR" : "/Applications/Xcode.app/Contents/Developer/usr",
      "DEVELOPMENT_LANGUAGE" : "en",
      "DIAGNOSE_MISSING_TARGET_DEPENDENCIES" : "YES",
      "DIFF" : "/usr/bin/diff",
      "DOCUMENTATION_FOLDER_PATH" : "FormCam.app/en.lproj/Documentation",
      "DONT_GENERATE_INFOPLIST_FILE" : "NO",
      "DRIVERKIT_DEPLOYMENT_TARGET" : "25.2",
      "DSTROOT" : "/tmp/FormCam.dst",
      "DT_TOOLCHAIN_DIR" : "/Applications/Xcode.app/Contents/Developer/Toolchains/XcodeDefault.xctoolchain",
      "DWARF_DSYM_FILE_NAME" : "FormCam.app.dSYM",
      "DWARF_DSYM_FILE_SHOULD_ACCOMPANY_PRODUCT" : "NO",
      "DWARF_DSYM_FOLDER_PATH" : "/Users/clisamax/Library/Developer/Xcode/DerivedData/FormCam-bghffiesmchebqfenymgyejtnsai/Build/Products/Debug-iphoneos",
      "DYNAMIC_LIBRARY_EXTENSION" : "dylib",
      "EAGER_COMPILATION_ALLOW_SCRIPTS" : "NO",
      "EAGER_LINKING" : "NO",
      "EFFECTIVE_PLATFORM_NAME" : "-iphoneos",
      "EMBED_ASSET_PACKS_IN_PRODUCT_BUNDLE" : "NO",
      "EMBEDDED_CONTENT_CONTAINS_SWIFT" : "NO",
      "EMBEDDED_PROFILE_NAME" : "embedded.mobileprovision",
      "ENABLE_APP_SANDBOX" : "NO",
      "ENABLE_BITCODE" : "NO",
      "ENABLE_C_BOUNDS_SAFETY" : "NO",
      "ENABLE_CODE_COVERAGE" : "YES",
      "ENABLE_CPLUSPLUS_BOUNDS_SAFE_BUFFERS" : "NO",
      "ENABLE_DEBUG_DYLIB" : "YES",
      "ENABLE_DEFAULT_HEADER_SEARCH_PATHS" : "YES",
      "ENABLE_DEFAULT_SEARCH_PATHS" : "YES",
      "ENABLE_ENHANCED_SECURITY" : "NO",
      "ENABLE_HARDENED_RUNTIME" : "NO",
      "ENABLE_HEADER_DEPENDENCIES" : "YES",
      "ENABLE_INCOMING_NETWORK_CONNECTIONS" : "NO",
      "ENABLE_ON_DEMAND_RESOURCES" : "YES",
      "ENABLE_OUTGOING_NETWORK_CONNECTIONS" : "NO",
      "ENABLE_POINTER_AUTHENTICATION" : "NO",
      "ENABLE_RESOURCE_ACCESS_AUDIO_INPUT" : "NO",
      "ENABLE_RESOURCE_ACCESS_BLUETOOTH" : "NO",
      "ENABLE_RESOURCE_ACCESS_CALENDARS" : "NO",
      "ENABLE_RESOURCE_ACCESS_CAMERA" : "NO",
      "ENABLE_RESOURCE_ACCESS_CONTACTS" : "NO",
      "ENABLE_RESOURCE_ACCESS_LOCATION" : "NO",
      "ENABLE_RESOURCE_ACCESS_PHOTO_LIBRARY" : "NO",
      "ENABLE_RESOURCE_ACCESS_PRINTING" : "NO",
      "ENABLE_RESOURCE_ACCESS_USB" : "NO",
      "ENABLE_SDK_IMPORTS" : "NO",
      "ENABLE_SECURITY_COMPILER_WARNINGS" : "NO",
      "ENABLE_STRICT_OBJC_MSGSEND" : "YES",
      "ENABLE_TESTABILITY" : "YES",
      "ENABLE_TESTING_SEARCH_PATHS" : "NO",
      "ENABLE_USER_SCRIPT_SANDBOXING" : "NO",
      "ENFORCE_VALID_ARCHS" : "YES",
      "ENTITLEMENTS_ALLOWED" : "YES",
      "ENTITLEMENTS_DESTINATION" : "Signature",
      "ENTITLEMENTS_REQUIRED" : "NO",
      "EXCLUDED_INSTALLSRC_SUBDIRECTORY_PATTERNS" : ".DS_Store .svn .git .hg CVS",
      "EXCLUDED_RECURSIVE_SEARCH_PATH_SUBDIRECTORIES" : "*.nib *.lproj *.framework *.gch *.xcode* *.xcassets *.icon (*) .DS_Store CVS .svn .git .hg *.pbproj *.pbxproj",
      "EXECUTABLE_FOLDER_PATH" : "FormCam.app",
      "EXECUTABLE_FOLDER_PATH_SHALLOW_BUNDLE_NO" : "FormCam.app/MacOS",
      "EXECUTABLE_FOLDER_PATH_SHALLOW_BUNDLE_YES" : "FormCam.app",
      "EXECUTABLE_NAME" : "FormCam",
      "EXECUTABLE_PATH" : "FormCam.app/FormCam",
      "EXECUTABLES_FOLDER_PATH" : "FormCam.app/Executables",
      "EXTENSIONS_FOLDER_PATH" : "FormCam.app/Extensions",
      "FILE_LIST" : "/Users/clisamax/Library/Developer/Xcode/DerivedData/FormCam-bghffiesmchebqfenymgyejtnsai/Build/Intermediates.noindex/FormCam.build/Debug-iphoneos/FormCam.build/Objects/LinkFileList",
      "FIXED_FILES_DIR" : "/Users/clisamax/Library/Developer/Xcode/DerivedData/FormCam-bghffiesmchebqfenymgyejtnsai/Build/Intermediates.noindex/FormCam.build/Debug-iphoneos/FormCam.build/FixedFiles",
      "FRAMEWORK_FLAG_PREFIX" : "-framework",
      "FRAMEWORK_SEARCH_PATHS" : "/Users/clisamax/Library/Developer/Xcode/DerivedData/FormCam-bghffiesmchebqfenymgyejtnsai/Build/Products/Debug-iphoneos  \"/Users/clisamax/Documents/GITHUB/FormCam/ios/Pods/React-Core-prebuilt\" \"/Users/clisamax/Documents/GITHUB/FormCam/ios/Pods/ReactNativeDependencies/framework/packages/react-native\" \"/Users/clisamax/Documents/GITHUB/FormCam/ios/Pods/hermes-engine/destroot/Library/Frameworks/universal\" \"/Users/clisamax/Library/Developer/Xcode/DerivedData/FormCam-bghffiesmchebqfenymgyejtnsai/Build/Products/Debug-iphoneos/XCFrameworkIntermediates/React-Core-prebuilt\" \"/Users/clisamax/Library/Developer/Xcode/DerivedData/FormCam-bghffiesmchebqfenymgyejtnsai/Build/Products/Debug-iphoneos/XCFrameworkIntermediates/ReactNativeDependencies\" \"/Users/clisamax/Library/Developer/Xcode/DerivedData/FormCam-bghffiesmchebqfenymgyejtnsai/Build/Products/Debug-iphoneos/XCFrameworkIntermediates/hermes-engine/Pre-built\"",
      "FRAMEWORK_VERSION" : "A",
      "FRAMEWORKS_FOLDER_PATH" : "FormCam.app/Frameworks",
      "FULL_PRODUCT_NAME" : "FormCam.app",
      "FUSE_BUILD_PHASES" : "YES",
      "FUSE_BUILD_SCRIPT_PHASES" : "NO",
      "GCC_C_LANGUAGE_STANDARD" : "gnu99",
      "GCC_DYNAMIC_NO_PIC" : "NO",
      "GCC_INLINES_ARE_PRIVATE_EXTERN" : "YES",
      "GCC_NO_COMMON_BLOCKS" : "YES",
      "GCC_OPTIMIZATION_LEVEL" : "0",
      "GCC_PFE_FILE_C_DIALECTS" : "c objective-c c++ objective-c++",
      "GCC_PREPROCESSOR_DEFINITIONS" : "DEBUG=1  COCOAPODS=1 DEBUG=1  SD_WEBP=1 ZXINGOBJC_USE_SUBSPECS ZXINGOBJC_USE_SUBSPECS ZXINGOBJC_ONED ZXINGOBJC_USE_SUBSPECS ZXINGOBJC_PDF417 EX_DEV_LAUNCHER_VERSION=6.0.20 EX_DEV_MENU_ENABLED=1 FB_SONARKIT_ENABLED=1",
      "GCC_SYMBOLS_PRIVATE_EXTERN" : "NO",
      "GCC_THUMB_SUPPORT" : "YES",
      "GCC_TREAT_WARNINGS_AS_ERRORS" : "NO",
      "GCC_VERSION" : "com.apple.compilers.llvm.clang.1_0",
      "GCC_VERSION_IDENTIFIER" : "com_apple_compilers_llvm_clang_1_0",
      "GCC_WARN_64_TO_32_BIT_CONVERSION" : "YES",
      "GCC_WARN_ABOUT_RETURN_TYPE" : "YES_ERROR",
      "GCC_WARN_UNDECLARED_SELECTOR" : "YES",
      "GCC_WARN_UNINITIALIZED_AUTOS" : "YES_AGGRESSIVE",
      "GCC_WARN_UNUSED_FUNCTION" : "YES",
      "GCC_WARN_UNUSED_VARIABLE" : "YES",
      "GCC3_VERSION" : "3.3",
      "GENERATE_INFOPLIST_FILE" : "NO",
      "GENERATE_INTERMEDIATE_TEXT_BASED_STUBS" : "YES",
      "GENERATE_PKGINFO_FILE" : "YES",
      "GENERATE_PRELINK_OBJECT_FILE" : "NO",
      "GENERATE_PROFILING_CODE" : "NO",
      "GENERATE_TEXT_BASED_STUBS" : "NO",
      "GENERATED_MODULEMAP_DIR" : "/Users/clisamax/Library/Developer/Xcode/DerivedData/FormCam-bghffiesmchebqfenymgyejtnsai/Build/Intermediates.noindex/GeneratedModuleMaps-iphoneos",
      "GID" : "20",
      "GROUP" : "staff",
      "HEADER_SEARCH_PATHS" : "/Users/clisamax/Library/Developer/Xcode/DerivedData/FormCam-bghffiesmchebqfenymgyejtnsai/Build/Products/Debug-iphoneos/include  \"/Users/clisamax/Documents/GITHUB/FormCam/ios/Pods/Headers/Public\" \"/Users/clisamax/Documents/GITHUB/FormCam/ios/Pods/Headers/Public/EXConstants\" \"/Users/clisamax/Documents/GITHUB/FormCam/ios/Pods/Headers/Public/EXImageLoader\" \"/Users/clisamax/Documents/GITHUB/FormCam/ios/Pods/Headers/Public/EXJSONUtils\" \"/Users/clisamax/Documents/GITHUB/FormCam/ios/Pods/Headers/Public/EXStructuredHeaders\" \"/Users/clisamax/Documents/GITHUB/FormCam/ios/Pods/Headers/Public/EXUpdates\" \"/Users/clisamax/Documents/GITHUB/FormCam/ios/Pods/Headers/Public/Expo\" \"/Users/clisamax/Documents/GITHUB/FormCam/ios/Pods/Headers/Public/ExpoFileSystem\" \"/Users/clisamax/Documents/GITHUB/FormCam/ios/Pods/Headers/Public/ExpoHead\" \"/Users/clisamax/Documents/GITHUB/FormCam/ios/Pods/Headers/Public/ExpoMediaLibrary\" \"/Users/clisamax/Documents/GITHUB/FormCam/ios/Pods/Headers/Public/ExpoModulesCore\" \"/Users/clisamax/Documents/GITHUB/FormCam/ios/Pods/Headers/Public/FBLazyVector\" \"/Users/clisamax/Documents/GITHUB/FormCam/ios/Pods/Headers/Public/RCTDeprecation\" \"/Users/clisamax/Documents/GITHUB/FormCam/ios/Pods/Headers/Public/RCTRequired\" \"/Users/clisamax/Documents/GITHUB/FormCam/ios/Pods/Headers/Public/RCTTypeSafety\" \"/Users/clisamax/Documents/GITHUB/FormCam/ios/Pods/Headers/Public/RNCAsyncStorage\" \"/Users/clisamax/Documents/GITHUB/FormCam/ios/Pods/Headers/Public/RNDateTimePicker\" \"/Users/clisamax/Documents/GITHUB/FormCam/ios/Pods/Headers/Public/RNGestureHandler\" \"/Users/clisamax/Documents/GITHUB/FormCam/ios/Pods/Headers/Public/RNReanimated\" \"/Users/clisamax/Documents/GITHUB/FormCam/ios/Pods/Headers/Public/RNScreens\" \"/Users/clisamax/Documents/GITHUB/FormCam/ios/Pods/Headers/Public/RNVectorIcons\" \"/Users/clisamax/Documents/GITHUB/FormCam/ios/Pods/Headers/Public/RNWorklets\" \"/Users/clisamax/Documents/GITHUB/FormCam/ios/Pods/Headers/Public/React-Core\" \"/Users/clisamax/Documents/GITHUB/FormCam/ios/Pods/Headers/Public/React-Core-prebuilt\" \"/Users/clisamax/Documents/GITHUB/FormCam/ios/Pods/Headers/Public/React-CoreModules\" \"/Users/clisamax/Documents/GITHUB/FormCam/ios/Pods/Headers/Public/React-Fabric\" \"/Users/clisamax/Documents/GITHUB/FormCam/ios/Pods/Headers/Public/React-FabricComponents\" \"/Users/clisamax/Documents/GITHUB/FormCam/ios/Pods/Headers/Public/React-FabricImage\" \"/Users/clisamax/Documents/GITHUB/FormCam/ios/Pods/Headers/Public/React-ImageManager\" \"/Users/clisamax/Documents/GITHUB/FormCam/ios/Pods/Headers/Public/React-Mapbuffer\" \"/Users/clisamax/Documents/GITHUB/FormCam/ios/Pods/Headers/Public/React-NativeModulesApple\" \"/Users/clisamax/Documents/GITHUB/FormCam/ios/Pods/Headers/Public/React-RCTAnimation\" \"/Users/clisamax/Documents/GITHUB/FormCam/ios/Pods/Headers/Public/React-RCTAppDelegate\" \"/Users/clisamax/Documents/GITHUB/FormCam/ios/Pods/Headers/Public/React-RCTBlob\" \"/Users/clisamax/Documents/GITHUB/FormCam/ios/Pods/Headers/Public/React-RCTFBReactNativeSpec\" \"/Users/clisamax/Documents/GITHUB/FormCam/ios/Pods/Headers/Public/React-RCTFabric\" \"/Users/clisamax/Documents/GITHUB/FormCam/ios/Pods/Headers/Public/React-RCTImage\" \"/Users/clisamax/Documents/GITHUB/FormCam/ios/Pods/Headers/Public/React-RCTRuntime\" \"/Users/clisamax/Documents/GITHUB/FormCam/ios/Pods/Headers/Public/React-RCTSettings\" \"/Users/clisamax/Documents/GITHUB/FormCam/ios/Pods/Headers/Public/React-RCTText\" \"/Users/clisamax/Documents/GITHUB/FormCam/ios/Pods/Headers/Public/React-RCTVibration\" \"/Users/clisamax/Documents/GITHUB/FormCam/ios/Pods/Headers/Public/React-RuntimeApple\" \"/Users/clisamax/Documents/GITHUB/FormCam/ios/Pods/Headers/Public/React-RuntimeCore\" \"/Users/clisamax/Documents/GITHUB/FormCam/ios/Pods/Headers/Public/React-RuntimeHermes\" \"/Users/clisamax/Documents/GITHUB/FormCam/ios/Pods/Headers/Public/React-callinvoker\" \"/Users/clisamax/Documents/GITHUB/FormCam/ios/Pods/Headers/Public/React-cxxreact\" \"/Users/clisamax/Documents/GITHUB/FormCam/ios/Pods/Headers/Public/React-debug\" \"/Users/clisamax/Documents/GITHUB/FormCam/ios/Pods/Headers/Public/React-defaultsnativemodule\" \"/Users/clisamax/Documents/GITHUB/FormCam/ios/Pods/Headers/Public/React-domnativemodule\" \"/Users/clisamax/Documents/GITHUB/FormCam/ios/Pods/Headers/Public/React-featureflags\" \"/Users/clisamax/Documents/GITHUB/FormCam/ios/Pods/Headers/Public/React-featureflagsnativemodule\" \"/Users/clisamax/Documents/GITHUB/FormCam/ios/Pods/Headers/Public/React-graphics\" \"/Users/clisamax/Documents/GITHUB/FormCam/ios/Pods/Headers/Public/React-hermes\" \"/Users/clisamax/Documents/GITHUB/FormCam/ios/Pods/Headers/Public/React-idlecallbacksnativemodule\" \"/Users/clisamax/Documents/GITHUB/FormCam/ios/Pods/Headers/Public/React-jserrorhandler\" \"/Users/clisamax/Documents/GITHUB/FormCam/ios/Pods/Headers/Public/React-jsi\" \"/Users/clisamax/Documents/GITHUB/FormCam/ios/Pods/Headers/Public/React-jsiexecutor\" \"/Users/clisamax/Documents/GITHUB/FormCam/ios/Pods/Headers/Public/React-jsinspector\" \"/Users/clisamax/Documents/GITHUB/FormCam/ios/Pods/Headers/Public/React-jsinspectorcdp\" \"/Users/clisamax/Documents/GITHUB/FormCam/ios/Pods/Headers/Public/React-jsinspectornetwork\" \"/Users/clisamax/Documents/GITHUB/FormCam/ios/Pods/Headers/Public/React-jsinspectortracing\" \"/Users/clisamax/Documents/GITHUB/FormCam/ios/Pods/Headers/Public/React-jsitooling\" \"/Users/clisamax/Documents/GITHUB/FormCam/ios/Pods/Headers/Public/React-logger\" \"/Users/clisamax/Documents/GITHUB/FormCam/ios/Pods/Headers/Public/React-microtasksnativemodule\" \"/Users/clisamax/Documents/GITHUB/FormCam/ios/Pods/Headers/Public/React-oscompat\" \"/Users/clisamax/Documents/GITHUB/FormCam/ios/Pods/Headers/Public/React-perflogger\" \"/Users/clisamax/Documents/GITHUB/FormCam/ios/Pods/Headers/Public/React-performancetimeline\" \"/Users/clisamax/Documents/GITHUB/FormCam/ios/Pods/Headers/Public/React-rendererconsistency\" \"/Users/clisamax/Documents/GITHUB/FormCam/ios/Pods/Headers/Public/React-renderercss\" \"/Users/clisamax/Documents/GITHUB/FormCam/ios/Pods/Headers/Public/React-rendererdebug\" \"/Users/clisamax/Documents/GITHUB/FormCam/ios/Pods/Headers/Public/React-runtimeexecutor\" \"/Users/clisamax/Documents/GITHUB/FormCam/ios/Pods/Headers/Public/React-runtimescheduler\" \"/Users/clisamax/Documents/GITHUB/FormCam/ios/Pods/Headers/Public/React-timing\" \"/Users/clisamax/Documents/GITHUB/FormCam/ios/Pods/Headers/Public/React-utils\" \"/Users/clisamax/Documents/GITHUB/FormCam/ios/Pods/Headers/Public/ReactAppDependencyProvider\" \"/Users/clisamax/Documents/GITHUB/FormCam/ios/Pods/Headers/Public/ReactCodegen\" \"/Users/clisamax/Documents/GITHUB/FormCam/ios/Pods/Headers/Public/ReactCommon\" \"/Users/clisamax/Documents/GITHUB/FormCam/ios/Pods/Headers/Public/ReactNativeDependencies\" \"/Users/clisamax/Documents/GITHUB/FormCam/ios/Pods/Headers/Public/SDWebImage\" \"/Users/clisamax/Documents/GITHUB/FormCam/ios/Pods/Headers/Public/SDWebImageWebPCoder\" \"/Users/clisamax/Documents/GITHUB/FormCam/ios/Pods/Headers/Public/Yoga\" \"/Users/clisamax/Documents/GITHUB/FormCam/ios/Pods/Headers/Public/ZXingObjC\" \"/Users/clisamax/Documents/GITHUB/FormCam/ios/Pods/Headers/Public/expo-dev-launcher\" \"/Users/clisamax/Documents/GITHUB/FormCam/ios/Pods/Headers/Public/expo-dev-menu\" \"/Users/clisamax/Documents/GITHUB/FormCam/ios/Pods/Headers/Public/hermes-engine\" \"/Users/clisamax/Documents/GITHUB/FormCam/ios/Pods/Headers/Public/libwebp\" \"/Users/clisamax/Documents/GITHUB/FormCam/ios/Pods/Headers/Public/react-native-netinfo\" \"/Users/clisamax/Documents/GITHUB/FormCam/ios/Pods/Headers/Public/react-native-safe-area-context\" \"/Users/clisamax/Library/Developer/Xcode/DerivedData/FormCam-bghffiesmchebqfenymgyejtnsai/Build/Products/Debug-iphoneos/EXManifests/Swift Compatibility Header\" \"/Users/clisamax/Library/Developer/Xcode/DerivedData/FormCam-bghffiesmchebqfenymgyejtnsai/Build/Products/Debug-iphoneos/EXUpdates/Swift Compatibility Header\" \"/Users/clisamax/Library/Developer/Xcode/DerivedData/FormCam-bghffiesmchebqfenymgyejtnsai/Build/Products/Debug-iphoneos/EXUpdatesInterface/Swift Compatibility Header\" \"/Users/clisamax/Library/Developer/Xcode/DerivedData/FormCam-bghffiesmchebqfenymgyejtnsai/Build/Products/Debug-iphoneos/Expo/Swift Compatibility Header\" \"/Users/clisamax/Documents/GITHUB/FormCam/ios/Pods/Headers/Private/Yoga\" \"/Users/clisamax/Library/Developer/Xcode/DerivedData/FormCam-bghffiesmchebqfenymgyejtnsai/Build/Products/Debug-iphoneos/ExpoModulesCore/Swift Compatibility Header\" \"/Users/clisamax/Documents/GITHUB/FormCam/ios/Pods/Headers/Private/Yoga\" \"/Users/clisamax/Documents/GITHUB/FormCam/ios/Pods/boost\" \"/Users/clisamax/Documents/GITHUB/FormCam/ios/Pods/boost-for-react-native\" \"/Users/clisamax/Documents/GITHUB/FormCam/ios/Pods/glog\" \"/Users/clisamax/Documents/GITHUB/FormCam/ios/Pods/RCT-Folly\" \"/Users/clisamax/Documents/GITHUB/FormCam/ios/Pods/Headers/Public/React-hermes\" \"/Users/clisamax/Documents/GITHUB/FormCam/ios/Pods/Headers/Public/hermes-engine\" \"/Users/clisamax/Documents/GITHUB/FormCam/ios/Pods/Headers/Public/RNWorklets\" \"/Users/clisamax/Documents/GITHUB/FormCam/ios/Pods/../../node_modules/react-native/ReactCommon\" \"/Users/clisamax/Documents/GITHUB/FormCam/ios/Pods/../../node_modules/react-native-reanimated/apple\" \"/Users/clisamax/Documents/GITHUB/FormCam/ios/Pods/../../node_modules/react-native-reanimated/Common/cpp\" \"/Users/clisamax/Documents/GITHUB/FormCam/ios/Pods/../../node_modules/react-native-reanimated/Common/NativeView\" \"/Users/clisamax/Documents/GITHUB/FormCam/ios/Pods/../../node_modules/react-native-worklets/apple\" \"/Users/clisamax/Documents/GITHUB/FormCam/ios/Pods/../../node_modules/react-native-worklets/Common/cpp\" \"/Users/clisamax/Documents/GITHUB/FormCam/ios/Pods/boost\" \"/Users/clisamax/Documents/GITHUB/FormCam/ios/Pods/boost-for-react-native\" \"/Users/clisamax/Documents/GITHUB/FormCam/ios/Pods/glog\" \"/Users/clisamax/Documents/GITHUB/FormCam/ios/Pods/RCT-Folly\" \"/Users/clisamax/Documents/GITHUB/FormCam/ios/Pods/Headers/Public/React-hermes\" \"/Users/clisamax/Documents/GITHUB/FormCam/ios/Pods/Headers/Public/hermes-engine\" \"/Users/clisamax/Documents/GITHUB/FormCam/ios/Pods/../../node_modules/react-native/ReactCommon\" \"/Users/clisamax/Documents/GITHUB/FormCam/ios/Pods/../../node_modules/react-native-worklets/apple\" \"/Users/clisamax/Documents/GITHUB/FormCam/ios/Pods/../../node_modules/react-native-worklets/Common/cpp\" \"/Users/clisamax/Documents/GITHUB/FormCam/ios/Pods/Headers/Private/React-Core\" \"/Users/clisamax/Documents/GITHUB/FormCam/ios/Pods/Headers/Private/React-Core\" \"/Users/clisamax/Documents/GITHUB/FormCam/ios/Pods/Headers/Private/Yoga\" \"/Users/clisamax/Library/Developer/Xcode/DerivedData/FormCam-bghffiesmchebqfenymgyejtnsai/Build/Products/Debug-iphoneos/expo-dev-launcher/Swift Compatibility Header\" \"/Users/clisamax/Library/Developer/Xcode/DerivedData/FormCam-bghffiesmchebqfenymgyejtnsai/Build/Products/Debug-iphoneos/expo-dev-menu/Swift Compatibility Header\" \"/Users/clisamax/Library/Developer/Xcode/DerivedData/FormCam-bghffiesmchebqfenymgyejtnsai/Build/Products/Debug-iphoneos/expo-dev-menu-interface/Swift Compatibility Header\"",
      "HEADERMAP_INCLUDES_FLAT_ENTRIES_FOR_TARGET_BEING_BUILT" : "YES",
      "HEADERMAP_INCLUDES_FRAMEWORK_ENTRIES_FOR_ALL_PRODUCT_TYPES" : "YES",
      "HEADERMAP_INCLUDES_FRAMEWORK_ENTRIES_FOR_TARGETS_NOT_BEING_BUILT" : "YES",
      "HEADERMAP_INCLUDES_NONPUBLIC_NONPRIVATE_HEADERS" : "YES",
      "HEADERMAP_INCLUDES_PROJECT_HEADERS" : "YES",
      "HEADERMAP_USES_FRAMEWORK_PREFIX_ENTRIES" : "YES",
      "HEADERMAP_USES_VFS" : "NO",
      "HOME" : "/Users/clisamax",
      "HOST_ARCH" : "arm64",
      "HOST_PLATFORM" : "macosx",
      "ICONV" : "/usr/bin/iconv",
      "IMPLICIT_DEPENDENCY_DOMAIN" : "default",
      "INFOPLIST_ENABLE_CFBUNDLEICONS_MERGE" : "YES",
      "INFOPLIST_EXPAND_BUILD_SETTINGS" : "YES",
      "INFOPLIST_FILE" : "FormCam/Info.plist",
      "INFOPLIST_OUTPUT_FORMAT" : "binary",
      "INFOPLIST_PATH" : "FormCam.app/Info.plist",
      "INFOPLIST_PREPROCESS" : "NO",
      "INFOSTRINGS_PATH" : "FormCam.app/en.lproj/InfoPlist.strings",
      "INLINE_PRIVATE_FRAMEWORKS" : "NO",
      "INSTALL_DIR" : "/tmp/FormCam.dst/Applications",
      "INSTALL_GROUP" : "staff",
      "INSTALL_MODE_FLAG" : "u+w,go-w,a+rX",
      "INSTALL_OWNER" : "clisamax",
      "INSTALL_PATH" : "/Applications",
      "INSTALL_ROOT" : "/tmp/FormCam.dst",
      "INSTALLAPI_IGNORE_SKIP_INSTALL" : "YES",
      "INSTALLHDRS_COPY_PHASE" : "NO",
      "INSTALLHDRS_SCRIPT_PHASE" : "NO",
      "IPHONEOS_DEPLOYMENT_TARGET" : "15.1",
      "IS_UNOPTIMIZED_BUILD" : "YES",
      "JAVA_APP_STUB" : "/System/Library/Frameworks/JavaVM.framework/Resources/MacOS/JavaApplicationStub",
      "JAVA_ARCHIVE_CLASSES" : "YES",
      "JAVA_ARCHIVE_TYPE" : "JAR",
      "JAVA_COMPILER" : "/usr/bin/javac",
      "JAVA_FOLDER_PATH" : "FormCam.app/Java",
      "JAVA_FRAMEWORK_RESOURCES_DIRS" : "Resources",
      "JAVA_JAR_FLAGS" : "cv",
      "JAVA_SOURCE_SUBDIR" : ".",
      "JAVA_USE_DEPENDENCIES" : "YES",
      "JAVA_ZIP_FLAGS" : "-urg",
      "JAVAC_DEFAULT_FLAGS" : "-J-Xms64m -J-XX:NewSize=4M -J-Dfile.encoding=UTF8",
      "JIKES_DEFAULT_FLAGS" : "+E +OLDCSO",
      "KASAN_CFLAGS_CLASSIC" : "-DKASAN=1 -DKASAN_CLASSIC=1 -fsanitize=address -mllvm -asan-globals-live-support -mllvm -asan-force-dynamic-shadow",
      "KASAN_CFLAGS_TBI" : "-DKASAN=1 -DKASAN_TBI=1 -fsanitize=kernel-hwaddress -mllvm -hwasan-recover=0 -mllvm -hwasan-instrument-atomics=0 -mllvm -hwasan-instrument-stack=1 -mllvm -hwasan-generate-tags-with-calls=1 -mllvm -hwasan-instrument-with-calls=1 -mllvm -hwasan-use-short-granules=0 -mllvm -hwasan-memory-access-callback-prefix=__asan_",
      "KASAN_DEFAULT_CFLAGS" : "-DKASAN=1 -DKASAN_CLASSIC=1 -fsanitize=address -mllvm -asan-globals-live-support -mllvm -asan-force-dynamic-shadow",
      "KEEP_PRIVATE_EXTERNS" : "NO",
      "LD_DEPENDENCY_INFO_FILE" : "/Users/clisamax/Library/Developer/Xcode/DerivedData/FormCam-bghffiesmchebqfenymgyejtnsai/Build/Intermediates.noindex/FormCam.build/Debug-iphoneos/FormCam.build/Objects-normal/undefined_arch/FormCam_dependency_info.dat",
      "LD_EXPORT_SYMBOLS" : "YES",
      "LD_GENERATE_MAP_FILE" : "NO",
      "LD_MAP_FILE_PATH" : "/Users/clisamax/Library/Developer/Xcode/DerivedData/FormCam-bghffiesmchebqfenymgyejtnsai/Build/Intermediates.noindex/FormCam.build/Debug-iphoneos/FormCam.build/FormCam-LinkMap-normal-undefined_arch.txt",
      "LD_NO_PIE" : "NO",
      "LD_QUOTE_LINKER_ARGUMENTS_FOR_COMPILER_DRIVER" : "YES",
      "LD_RUNPATH_SEARCH_PATHS" : "/usr/lib/swift  /usr/lib/swift '@executable_path/Frameworks' '@loader_path/Frameworks' @executable_path/Frameworks",
      "LD_RUNPATH_SEARCH_PATHS_YES" : "@loader_path/../Frameworks",
      "LD_SHARED_CACHE_ELIGIBLE" : "Automatic",
      "LD_WARN_DUPLICATE_LIBRARIES" : "NO",
      "LD_WARN_UNUSED_DYLIBS" : "NO",
      "LEGACY_DEVELOPER_DIR" : "/Applications/Xcode.app/Contents/PlugIns/Xcode3Core.ideplugin/Contents/SharedSupport/Developer",
      "LEX" : "lex",
      "LIBRARY_DEXT_INSTALL_PATH" : "/Library/DriverExtensions",
      "LIBRARY_FLAG_NOSPACE" : "YES",
      "LIBRARY_FLAG_PREFIX" : "-l",
      "LIBRARY_KEXT_INSTALL_PATH" : "/Library/Extensions",
      "LIBRARY_SEARCH_PATHS" : "/Users/clisamax/Library/Developer/Xcode/DerivedData/FormCam-bghffiesmchebqfenymgyejtnsai/Build/Products/Debug-iphoneos /Applications/Xcode.app/Contents/Developer/Platforms/iPhoneOS.platform/Developer/SDKs/iPhoneOS26.2.sdk/usr/lib/swift /Users/clisamax/Library/Developer/Xcode/DerivedData/FormCam-bghffiesmchebqfenymgyejtnsai/Build/Products/Debug-iphoneos/EASClient /Users/clisamax/Library/Developer/Xcode/DerivedData/FormCam-bghffiesmchebqfenymgyejtnsai/Build/Products/Debug-iphoneos/EXConstants /Users/clisamax/Library/Developer/Xcode/DerivedData/FormCam-bghffiesmchebqfenymgyejtnsai/Build/Products/Debug-iphoneos/EXImageLoader /Users/clisamax/Library/Developer/Xcode/DerivedData/FormCam-bghffiesmchebqfenymgyejtnsai/Build/Products/Debug-iphoneos/EXJSONUtils /Users/clisamax/Library/Developer/Xcode/DerivedData/FormCam-bghffiesmchebqfenymgyejtnsai/Build/Products/Debug-iphoneos/EXManifests /Users/clisamax/Library/Developer/Xcode/DerivedData/FormCam-bghffiesmchebqfenymgyejtnsai/Build/Products/Debug-iphoneos/EXStructuredHeaders /Users/clisamax/Library/Developer/Xcode/DerivedData/FormCam-bghffiesmchebqfenymgyejtnsai/Build/Products/Debug-iphoneos/EXUpdates /Users/clisamax/Library/Developer/Xcode/DerivedData/FormCam-bghffiesmchebqfenymgyejtnsai/Build/Products/Debug-iphoneos/EXUpdatesInterface /Users/clisamax/Library/Developer/Xcode/DerivedData/FormCam-bghffiesmchebqfenymgyejtnsai/Build/Products/Debug-iphoneos/Expo /Users/clisamax/Library/Developer/Xcode/DerivedData/FormCam-bghffiesmchebqfenymgyejtnsai/Build/Products/Debug-iphoneos/ExpoAsset /Users/clisamax/Library/Developer/Xcode/DerivedData/FormCam-bghffiesmchebqfenymgyejtnsai/Build/Products/Debug-iphoneos/ExpoCamera /Users/clisamax/Library/Developer/Xcode/DerivedData/FormCam-bghffiesmchebqfenymgyejtnsai/Build/Products/Debug-iphoneos/ExpoFileSystem /Users/clisamax/Library/Developer/Xcode/DerivedData/FormCam-bghffiesmchebqfenymgyejtnsai/Build/Products/Debug-iphoneos/ExpoFont /Users/clisamax/Library/Developer/Xcode/DerivedData/FormCam-bghffiesmchebqfenymgyejtnsai/Build/Products/Debug-iphoneos/ExpoHead /Users/clisamax/Library/Developer/Xcode/DerivedData/FormCam-bghffiesmchebqfenymgyejtnsai/Build/Products/Debug-iphoneos/ExpoImageManipulator /Users/clisamax/Library/Developer/Xcode/DerivedData/FormCam-bghffiesmchebqfenymgyejtnsai/Build/Products/Debug-iphoneos/ExpoKeepAwake /Users/clisamax/Library/Developer/Xcode/DerivedData/FormCam-bghffiesmchebqfenymgyejtnsai/Build/Products/Debug-iphoneos/ExpoLinking /Users/clisamax/Library/Developer/Xcode/DerivedData/FormCam-bghffiesmchebqfenymgyejtnsai/Build/Products/Debug-iphoneos/ExpoMediaLibrary /Users/clisamax/Library/Developer/Xcode/DerivedData/FormCam-bghffiesmchebqfenymgyejtnsai/Build/Products/Debug-iphoneos/ExpoModulesCore /Users/clisamax/Library/Developer/Xcode/DerivedData/FormCam-bghffiesmchebqfenymgyejtnsai/Build/Products/Debug-iphoneos/ExpoSplashScreen /Users/clisamax/Library/Developer/Xcode/DerivedData/FormCam-bghffiesmchebqfenymgyejtnsai/Build/Products/Debug-iphoneos/ExpoSystemUI /Users/clisamax/Library/Developer/Xcode/DerivedData/FormCam-bghffiesmchebqfenymgyejtnsai/Build/Products/Debug-iphoneos/ExpoWebBrowser /Users/clisamax/Library/Developer/Xcode/DerivedData/FormCam-bghffiesmchebqfenymgyejtnsai/Build/Products/Debug-iphoneos/RNCAsyncStorage /Users/clisamax/Library/Developer/Xcode/DerivedData/FormCam-bghffiesmchebqfenymgyejtnsai/Build/Products/Debug-iphoneos/RNDateTimePicker /Users/clisamax/Library/Developer/Xcode/DerivedData/FormCam-bghffiesmchebqfenymgyejtnsai/Build/Products/Debug-iphoneos/RNGestureHandler /Users/clisamax/Library/Developer/Xcode/DerivedData/FormCam-bghffiesmchebqfenymgyejtnsai/Build/Products/Debug-iphoneos/RNReanimated /Users/clisamax/Library/Developer/Xcode/DerivedData/FormCam-bghffiesmchebqfenymgyejtnsai/Build/Products/Debug-iphoneos/RNScreens /Users/clisamax/Library/Developer/Xcode/DerivedData/FormCam-bghffiesmchebqfenymgyejtnsai/Build/Products/Debug-iphoneos/RNVectorIcons /Users/clisamax/Library/Developer/Xcode/DerivedData/FormCam-bghffiesmchebqfenymgyejtnsai/Build/Products/Debug-iphoneos/RNWorklets /Users/clisamax/Library/Developer/Xcode/DerivedData/FormCam-bghffiesmchebqfenymgyejtnsai/Build/Products/Debug-iphoneos/ReachabilitySwift /Users/clisamax/Library/Developer/Xcode/DerivedData/FormCam-bghffiesmchebqfenymgyejtnsai/Build/Products/Debug-iphoneos/ReactAppDependencyProvider /Users/clisamax/Library/Developer/Xcode/DerivedData/FormCam-bghffiesmchebqfenymgyejtnsai/Build/Products/Debug-iphoneos/ReactCodegen /Users/clisamax/Library/Developer/Xcode/DerivedData/FormCam-bghffiesmchebqfenymgyejtnsai/Build/Products/Debug-iphoneos/SDWebImage /Users/clisamax/Library/Developer/Xcode/DerivedData/FormCam-bghffiesmchebqfenymgyejtnsai/Build/Products/Debug-iphoneos/SDWebImageWebPCoder /Users/clisamax/Library/Developer/Xcode/DerivedData/FormCam-bghffiesmchebqfenymgyejtnsai/Build/Products/Debug-iphoneos/ZXingObjC /Users/clisamax/Library/Developer/Xcode/DerivedData/FormCam-bghffiesmchebqfenymgyejtnsai/Build/Products/Debug-iphoneos/expo-dev-launcher /Users/clisamax/Library/Developer/Xcode/DerivedData/FormCam-bghffiesmchebqfenymgyejtnsai/Build/Products/Debug-iphoneos/expo-dev-menu /Users/clisamax/Library/Developer/Xcode/DerivedData/FormCam-bghffiesmchebqfenymgyejtnsai/Build/Products/Debug-iphoneos/expo-dev-menu-interface /Users/clisamax/Library/Developer/Xcode/DerivedData/FormCam-bghffiesmchebqfenymgyejtnsai/Build/Products/Debug-iphoneos/libwebp /Users/clisamax/Library/Developer/Xcode/DerivedData/FormCam-bghffiesmchebqfenymgyejtnsai/Build/Products/Debug-iphoneos/react-native-netinfo /Users/clisamax/Library/Developer/Xcode/DerivedData/FormCam-bghffiesmchebqfenymgyejtnsai/Build/Products/Debug-iphoneos/react-native-safe-area-context /Applications/Xcode.app/Contents/Developer/Toolchains/XcodeDefault.xctoolchain/usr/lib/swift/iphoneos /Applications/Xcode.app/Contents/Developer/Platforms/iPhoneOS.platform/Developer/SDKs/iPhoneOS26.2.sdk/usr/lib/swift",
      "LINK_FILE_LIST_normal_arm64" : "/Users/clisamax/Library/Developer/Xcode/DerivedData/FormCam-bghffiesmchebqfenymgyejtnsai/Build/Intermediates.noindex/FormCam.build/Debug-iphoneos/FormCam.build/Objects-normal/arm64/FormCam.LinkFileList",
      "LINK_OBJC_RUNTIME" : "YES",
      "LINK_WITH_STANDARD_LIBRARIES" : "YES",
      "LINKER_DISPLAYS_MANGLED_NAMES" : "NO",
      "LLVM_TARGET_TRIPLE_OS_VERSION" : "ios15.1",
      "LLVM_TARGET_TRIPLE_VENDOR" : "apple",
      "LM_AUX_CONST_METADATA_LIST_PATH_normal_arm64" : "/Users/clisamax/Library/Developer/Xcode/DerivedData/FormCam-bghffiesmchebqfenymgyejtnsai/Build/Intermediates.noindex/FormCam.build/Debug-iphoneos/FormCam.build/Objects-normal/arm64/FormCam.SwiftConstValuesFileList",
      "LOCAL_ADMIN_APPS_DIR" : "/Applications/Utilities",
      "LOCAL_APPS_DIR" : "/Applications",
      "LOCAL_DEVELOPER_DIR" : "/Library/Developer",
      "LOCAL_LIBRARY_DIR" : "/Library",
      "LOCALIZATION_EXPORT_SUPPORTED" : "YES",
      "LOCALIZATION_PREFERS_STRING_CATALOGS" : "NO",
      "LOCALIZED_RESOURCES_FOLDER_PATH" : "FormCam.app/en.lproj",
      "LOCALIZED_STRING_MACRO_NAMES" : "NSLocalizedString CFCopyLocalizedString",
      "LOCALIZED_STRING_SWIFTUI_SUPPORT" : "YES",
      "LOCROOT" : "/Users/clisamax/Documents/GITHUB/FormCam/ios",
      "LOCSYMROOT" : "/Users/clisamax/Documents/GITHUB/FormCam/ios",
      "MAC_OS_X_PRODUCT_BUILD_VERSION" : "25D125",
      "MAC_OS_X_VERSION_ACTUAL" : "260300",
      "MAC_OS_X_VERSION_MAJOR" : "260000",
      "MAC_OS_X_VERSION_MINOR" : "260300",
      "MACH_O_TYPE" : "mh_execute",
      "MACOSX_DEPLOYMENT_TARGET" : "26.2",
      "MAKE_MERGEABLE" : "NO",
      "MARKETING_VERSION" : "1.0",
      "MERGE_LINKED_LIBRARIES" : "NO",
      "MERGEABLE_LIBRARY" : "NO",
      "MERGED_BINARY_TYPE" : "none",
      "METAL_LIBRARY_FILE_BASE" : "default",
      "METAL_LIBRARY_OUTPUT_DIR" : "/Users/clisamax/Library/Developer/Xcode/DerivedData/FormCam-bghffiesmchebqfenymgyejtnsai/Build/Products/Debug-iphoneos/FormCam.app",
      "MODULE_CACHE_DIR" : "/Users/clisamax/Library/Developer/Xcode/DerivedData/ModuleCache.noindex",
      "MODULES_FOLDER_PATH" : "FormCam.app/Modules",
      "MTL_ENABLE_DEBUG_INFO" : "YES",
      "NATIVE_ARCH" : "arm64",
      "NATIVE_ARCH_32_BIT" : "arm",
      "NATIVE_ARCH_64_BIT" : "arm64",
      "NATIVE_ARCH_ACTUAL" : "arm64",
      "NO_COMMON" : "YES",
      "OBJECT_FILE_DIR" : "/Users/clisamax/Library/Developer/Xcode/DerivedData/FormCam-bghffiesmchebqfenymgyejtnsai/Build/Intermediates.noindex/FormCam.build/Debug-iphoneos/FormCam.build/Objects",
      "OBJECT_FILE_DIR_normal" : "/Users/clisamax/Library/Developer/Xcode/DerivedData/FormCam-bghffiesmchebqfenymgyejtnsai/Build/Intermediates.noindex/FormCam.build/Debug-iphoneos/FormCam.build/Objects-normal",
      "OBJROOT" : "/Users/clisamax/Library/Developer/Xcode/DerivedData/FormCam-bghffiesmchebqfenymgyejtnsai/Build/Intermediates.noindex",
      "ONLY_ACTIVE_ARCH" : "NO",
      "OS" : "MACOS",
      "OSAC" : "/usr/bin/osacompile",
      "OTHER_CFLAGS" : " -fmodule-map-file=\"/Users/clisamax/Library/Developer/Xcode/DerivedData/FormCam-bghffiesmchebqfenymgyejtnsai/Build/Products/Debug-iphoneos/EASClient/EASClient.modulemap\" -fmodule-map-file=\"/Users/clisamax/Library/Developer/Xcode/DerivedData/FormCam-bghffiesmchebqfenymgyejtnsai/Build/Products/Debug-iphoneos/EXConstants/EXConstants.modulemap\" -fmodule-map-file=\"/Users/clisamax/Library/Developer/Xcode/DerivedData/FormCam-bghffiesmchebqfenymgyejtnsai/Build/Products/Debug-iphoneos/EXManifests/EXManifests.modulemap\" -fmodule-map-file=\"/Users/clisamax/Library/Developer/Xcode/DerivedData/FormCam-bghffiesmchebqfenymgyejtnsai/Build/Products/Debug-iphoneos/EXUpdates/EXUpdates.modulemap\" -fmodule-map-file=\"/Users/clisamax/Library/Developer/Xcode/DerivedData/FormCam-bghffiesmchebqfenymgyejtnsai/Build/Products/Debug-iphoneos/EXUpdatesInterface/EXUpdatesInterface.modulemap\" -fmodule-map-file=\"/Users/clisamax/Library/Developer/Xcode/DerivedData/FormCam-bghffiesmchebqfenymgyejtnsai/Build/Products/Debug-iphoneos/Expo/Expo.modulemap\" -fmodule-map-file=\"/Users/clisamax/Library/Developer/Xcode/DerivedData/FormCam-bghffiesmchebqfenymgyejtnsai/Build/Products/Debug-iphoneos/ExpoAsset/ExpoAsset.modulemap\" -fmodule-map-file=\"/Users/clisamax/Library/Developer/Xcode/DerivedData/FormCam-bghffiesmchebqfenymgyejtnsai/Build/Products/Debug-iphoneos/ExpoCamera/ExpoCamera.modulemap\" -fmodule-map-file=\"/Users/clisamax/Library/Developer/Xcode/DerivedData/FormCam-bghffiesmchebqfenymgyejtnsai/Build/Products/Debug-iphoneos/ExpoFileSystem/ExpoFileSystem.modulemap\" -fmodule-map-file=\"/Users/clisamax/Library/Developer/Xcode/DerivedData/FormCam-bghffiesmchebqfenymgyejtnsai/Build/Products/Debug-iphoneos/ExpoFont/ExpoFont.modulemap\" -fmodule-map-file=\"/Users/clisamax/Library/Developer/Xcode/DerivedData/FormCam-bghffiesmchebqfenymgyejtnsai/Build/Products/Debug-iphoneos/ExpoHead/ExpoHead.modulemap\" -fmodule-map-file=\"/Users/clisamax/Library/Developer/Xcode/DerivedData/FormCam-bghffiesmchebqfenymgyejtnsai/Build/Products/Debug-iphoneos/ExpoImageManipulator/ExpoImageManipulator.modulemap\" -fmodule-map-file=\"/Users/clisamax/Library/Developer/Xcode/DerivedData/FormCam-bghffiesmchebqfenymgyejtnsai/Build/Products/Debug-iphoneos/ExpoKeepAwake/ExpoKeepAwake.modulemap\" -fmodule-map-file=\"/Users/clisamax/Library/Developer/Xcode/DerivedData/FormCam-bghffiesmchebqfenymgyejtnsai/Build/Products/Debug-iphoneos/ExpoLinking/ExpoLinking.modulemap\" -fmodule-map-file=\"/Users/clisamax/Library/Developer/Xcode/DerivedData/FormCam-bghffiesmchebqfenymgyejtnsai/Build/Products/Debug-iphoneos/ExpoMediaLibrary/ExpoMediaLibrary.modulemap\" -fmodule-map-file=\"/Users/clisamax/Library/Developer/Xcode/DerivedData/FormCam-bghffiesmchebqfenymgyejtnsai/Build/Products/Debug-iphoneos/ExpoModulesCore/ExpoModulesCore.modulemap\" -fmodule-map-file=\"/Users/clisamax/Library/Developer/Xcode/DerivedData/FormCam-bghffiesmchebqfenymgyejtnsai/Build/Products/Debug-iphoneos/ExpoSplashScreen/ExpoSplashScreen.modulemap\" -fmodule-map-file=\"/Users/clisamax/Library/Developer/Xcode/DerivedData/FormCam-bghffiesmchebqfenymgyejtnsai/Build/Products/Debug-iphoneos/ExpoSystemUI/ExpoSystemUI.modulemap\" -fmodule-map-file=\"/Users/clisamax/Library/Developer/Xcode/DerivedData/FormCam-bghffiesmchebqfenymgyejtnsai/Build/Products/Debug-iphoneos/ExpoWebBrowser/ExpoWebBrowser.modulemap\" -fmodule-map-file=\"/Users/clisamax/Library/Developer/Xcode/DerivedData/FormCam-bghffiesmchebqfenymgyejtnsai/Build/Products/Debug-iphoneos/ReachabilitySwift/Reachability.modulemap\" -fmodule-map-file=\"/Users/clisamax/Library/Developer/Xcode/DerivedData/FormCam-bghffiesmchebqfenymgyejtnsai/Build/Products/Debug-iphoneos/expo-dev-launcher/EXDevLauncher.modulemap\" -fmodule-map-file=\"/Users/clisamax/Library/Developer/Xcode/DerivedData/FormCam-bghffiesmchebqfenymgyejtnsai/Build/Products/Debug-iphoneos/expo-dev-menu-interface/EXDevMenuInterface.modulemap\" -fmodule-map-file=\"/Users/clisamax/Library/Developer/Xcode/DerivedData/FormCam-bghffiesmchebqfenymgyejtnsai/Build/Products/Debug-iphoneos/expo-dev-menu/EXDevMenu.modulemap\" -fmodule-map-file=\"/Users/clisamax/Documents/GITHUB/FormCam/ios/Pods/Headers/Private/SDWebImageWebPCoder/SDWebImageWebPCoder.modulemap\" -fmodule-map-file=\"/Users/clisamax/Documents/GITHUB/FormCam/ios/Pods/Headers/Public/EXImageLoader/EXImageLoader.modulemap\" -fmodule-map-file=\"/Users/clisamax/Documents/GITHUB/FormCam/ios/Pods/Headers/Public/EXJSONUtils/EXJSONUtils.modulemap\" -fmodule-map-file=\"/Users/clisamax/Documents/GITHUB/FormCam/ios/Pods/Headers/Public/EXStructuredHeaders/EXStructuredHeaders.modulemap\" -fmodule-map-file=\"/Users/clisamax/Documents/GITHUB/FormCam/ios/Pods/Headers/Public/RNReanimated/RNReanimated.modulemap\" -fmodule-map-file=\"/Users/clisamax/Documents/GITHUB/FormCam/ios/Pods/Headers/Public/RNScreens/RNScreens.modulemap\" -fmodule-map-file=\"/Users/clisamax/Documents/GITHUB/FormCam/ios/Pods/Headers/Public/RNWorklets/RNWorklets.modulemap\" -fmodule-map-file=\"/Users/clisamax/Documents/GITHUB/FormCam/ios/Pods/Headers/Public/ReactAppDependencyProvider/ReactAppDependencyProvider.modulemap\" -fmodule-map-file=\"/Users/clisamax/Documents/GITHUB/FormCam/ios/Pods/Headers/Public/ReactCodegen/ReactCodegen.modulemap\" -fmodule-map-file=\"/Users/clisamax/Documents/GITHUB/FormCam/ios/Pods/Headers/Public/ZXingObjC/ZXingObjC.modulemap\"   -DREACT_NATIVE_MINOR_VERSION=81   -DREACT_NATIVE_MINOR_VERSION=81 -DREANIMATED_VERSION=4.1.6  -DREANIMATED_FEATURE_FLAGS=\"[RUNTIME_TEST_FLAG:false][DISABLE_COMMIT_PAUSING_MECHANISM:false][ANDROID_SYNCHRONOUSLY_UPDATE_UI_PROPS:false][EXPERIMENTAL_CSS_ANIMATIONS_FOR_SVG_COMPONENTS:false][USE_SYNCHRONIZABLE_FOR_MUTABLES:false]\"  -DREACT_NATIVE_TARGET_VERSION=81 -DUSE_HERMES -DRN_FABRIC_ENABLED -DRCT_NEW_ARCH_ENABLED",
      "OTHER_CPLUSPLUSFLAGS" : " -fmodule-map-file=\"/Users/clisamax/Library/Developer/Xcode/DerivedData/FormCam-bghffiesmchebqfenymgyejtnsai/Build/Products/Debug-iphoneos/EASClient/EASClient.modulemap\" -fmodule-map-file=\"/Users/clisamax/Library/Developer/Xcode/DerivedData/FormCam-bghffiesmchebqfenymgyejtnsai/Build/Products/Debug-iphoneos/EXConstants/EXConstants.modulemap\" -fmodule-map-file=\"/Users/clisamax/Library/Developer/Xcode/DerivedData/FormCam-bghffiesmchebqfenymgyejtnsai/Build/Products/Debug-iphoneos/EXManifests/EXManifests.modulemap\" -fmodule-map-file=\"/Users/clisamax/Library/Developer/Xcode/DerivedData/FormCam-bghffiesmchebqfenymgyejtnsai/Build/Products/Debug-iphoneos/EXUpdates/EXUpdates.modulemap\" -fmodule-map-file=\"/Users/clisamax/Library/Developer/Xcode/DerivedData/FormCam-bghffiesmchebqfenymgyejtnsai/Build/Products/Debug-iphoneos/EXUpdatesInterface/EXUpdatesInterface.modulemap\" -fmodule-map-file=\"/Users/clisamax/Library/Developer/Xcode/DerivedData/FormCam-bghffiesmchebqfenymgyejtnsai/Build/Products/Debug-iphoneos/Expo/Expo.modulemap\" -fmodule-map-file=\"/Users/clisamax/Library/Developer/Xcode/DerivedData/FormCam-bghffiesmchebqfenymgyejtnsai/Build/Products/Debug-iphoneos/ExpoAsset/ExpoAsset.modulemap\" -fmodule-map-file=\"/Users/clisamax/Library/Developer/Xcode/DerivedData/FormCam-bghffiesmchebqfenymgyejtnsai/Build/Products/Debug-iphoneos/ExpoCamera/ExpoCamera.modulemap\" -fmodule-map-file=\"/Users/clisamax/Library/Developer/Xcode/DerivedData/FormCam-bghffiesmchebqfenymgyejtnsai/Build/Products/Debug-iphoneos/ExpoFileSystem/ExpoFileSystem.modulemap\" -fmodule-map-file=\"/Users/clisamax/Library/Developer/Xcode/DerivedData/FormCam-bghffiesmchebqfenymgyejtnsai/Build/Products/Debug-iphoneos/ExpoFont/ExpoFont.modulemap\" -fmodule-map-file=\"/Users/clisamax/Library/Developer/Xcode/DerivedData/FormCam-bghffiesmchebqfenymgyejtnsai/Build/Products/Debug-iphoneos/ExpoHead/ExpoHead.modulemap\" -fmodule-map-file=\"/Users/clisamax/Library/Developer/Xcode/DerivedData/FormCam-bghffiesmchebqfenymgyejtnsai/Build/Products/Debug-iphoneos/ExpoImageManipulator/ExpoImageManipulator.modulemap\" -fmodule-map-file=\"/Users/clisamax/Library/Developer/Xcode/DerivedData/FormCam-bghffiesmchebqfenymgyejtnsai/Build/Products/Debug-iphoneos/ExpoKeepAwake/ExpoKeepAwake.modulemap\" -fmodule-map-file=\"/Users/clisamax/Library/Developer/Xcode/DerivedData/FormCam-bghffiesmchebqfenymgyejtnsai/Build/Products/Debug-iphoneos/ExpoLinking/ExpoLinking.modulemap\" -fmodule-map-file=\"/Users/clisamax/Library/Developer/Xcode/DerivedData/FormCam-bghffiesmchebqfenymgyejtnsai/Build/Products/Debug-iphoneos/ExpoMediaLibrary/ExpoMediaLibrary.modulemap\" -fmodule-map-file=\"/Users/clisamax/Library/Developer/Xcode/DerivedData/FormCam-bghffiesmchebqfenymgyejtnsai/Build/Products/Debug-iphoneos/ExpoModulesCore/ExpoModulesCore.modulemap\" -fmodule-map-file=\"/Users/clisamax/Library/Developer/Xcode/DerivedData/FormCam-bghffiesmchebqfenymgyejtnsai/Build/Products/Debug-iphoneos/ExpoSplashScreen/ExpoSplashScreen.modulemap\" -fmodule-map-file=\"/Users/clisamax/Library/Developer/Xcode/DerivedData/FormCam-bghffiesmchebqfenymgyejtnsai/Build/Products/Debug-iphoneos/ExpoSystemUI/ExpoSystemUI.modulemap\" -fmodule-map-file=\"/Users/clisamax/Library/Developer/Xcode/DerivedData/FormCam-bghffiesmchebqfenymgyejtnsai/Build/Products/Debug-iphoneos/ExpoWebBrowser/ExpoWebBrowser.modulemap\" -fmodule-map-file=\"/Users/clisamax/Library/Developer/Xcode/DerivedData/FormCam-bghffiesmchebqfenymgyejtnsai/Build/Products/Debug-iphoneos/ReachabilitySwift/Reachability.modulemap\" -fmodule-map-file=\"/Users/clisamax/Library/Developer/Xcode/DerivedData/FormCam-bghffiesmchebqfenymgyejtnsai/Build/Products/Debug-iphoneos/expo-dev-launcher/EXDevLauncher.modulemap\" -fmodule-map-file=\"/Users/clisamax/Library/Developer/Xcode/DerivedData/FormCam-bghffiesmchebqfenymgyejtnsai/Build/Products/Debug-iphoneos/expo-dev-menu-interface/EXDevMenuInterface.modulemap\" -fmodule-map-file=\"/Users/clisamax/Library/Developer/Xcode/DerivedData/FormCam-bghffiesmchebqfenymgyejtnsai/Build/Products/Debug-iphoneos/expo-dev-menu/EXDevMenu.modulemap\" -fmodule-map-file=\"/Users/clisamax/Documents/GITHUB/FormCam/ios/Pods/Headers/Private/SDWebImageWebPCoder/SDWebImageWebPCoder.modulemap\" -fmodule-map-file=\"/Users/clisamax/Documents/GITHUB/FormCam/ios/Pods/Headers/Public/EXImageLoader/EXImageLoader.modulemap\" -fmodule-map-file=\"/Users/clisamax/Documents/GITHUB/FormCam/ios/Pods/Headers/Public/EXJSONUtils/EXJSONUtils.modulemap\" -fmodule-map-file=\"/Users/clisamax/Documents/GITHUB/FormCam/ios/Pods/Headers/Public/EXStructuredHeaders/EXStructuredHeaders.modulemap\" -fmodule-map-file=\"/Users/clisamax/Documents/GITHUB/FormCam/ios/Pods/Headers/Public/RNReanimated/RNReanimated.modulemap\" -fmodule-map-file=\"/Users/clisamax/Documents/GITHUB/FormCam/ios/Pods/Headers/Public/RNScreens/RNScreens.modulemap\" -fmodule-map-file=\"/Users/clisamax/Documents/GITHUB/FormCam/ios/Pods/Headers/Public/RNWorklets/RNWorklets.modulemap\" -fmodule-map-file=\"/Users/clisamax/Documents/GITHUB/FormCam/ios/Pods/Headers/Public/ReactAppDependencyProvider/ReactAppDependencyProvider.modulemap\" -fmodule-map-file=\"/Users/clisamax/Documents/GITHUB/FormCam/ios/Pods/Headers/Public/ReactCodegen/ReactCodegen.modulemap\" -fmodule-map-file=\"/Users/clisamax/Documents/GITHUB/FormCam/ios/Pods/Headers/Public/ZXingObjC/ZXingObjC.modulemap\"   -DREACT_NATIVE_MINOR_VERSION=81   -DREACT_NATIVE_MINOR_VERSION=81 -DREANIMATED_VERSION=4.1.6  -DREANIMATED_FEATURE_FLAGS=\"[RUNTIME_TEST_FLAG:false][DISABLE_COMMIT_PAUSING_MECHANISM:false][ANDROID_SYNCHRONOUSLY_UPDATE_UI_PROPS:false][EXPERIMENTAL_CSS_ANIMATIONS_FOR_SVG_COMPONENTS:false][USE_SYNCHRONIZABLE_FOR_MUTABLES:false]\"  -DREACT_NATIVE_TARGET_VERSION=81 -DUSE_HERMES -DRN_FABRIC_ENABLED -DRCT_NEW_ARCH_ENABLED -DRCT_NEW_ARCH_ENABLED=1",
      "OTHER_LDFLAGS" : " -ObjC -l\"EASClient\" -l\"EXConstants\" -l\"EXImageLoader\" -l\"EXJSONUtils\" -l\"EXManifests\" -l\"EXStructuredHeaders\" -l\"EXUpdates\" -l\"EXUpdatesInterface\" -l\"Expo\" -l\"ExpoAsset\" -l\"ExpoCamera\" -l\"ExpoFileSystem\" -l\"ExpoFont\" -l\"ExpoHead\" -l\"ExpoImageManipulator\" -l\"ExpoKeepAwake\" -l\"ExpoLinking\" -l\"ExpoMediaLibrary\" -l\"ExpoModulesCore\" -l\"ExpoSplashScreen\" -l\"ExpoSystemUI\" -l\"ExpoWebBrowser\" -l\"RNCAsyncStorage\" -l\"RNDateTimePicker\" -l\"RNGestureHandler\" -l\"RNReanimated\" -l\"RNScreens\" -l\"RNVectorIcons\" -l\"RNWorklets\" -l\"ReachabilitySwift\" -l\"ReactAppDependencyProvider\" -l\"ReactCodegen\" -l\"SDWebImage\" -l\"SDWebImageWebPCoder\" -l\"ZXingObjC\" -l\"expo-dev-launcher\" -l\"expo-dev-menu\" -l\"expo-dev-menu-interface\" -l\"libwebp\" -l\"react-native-netinfo\" -l\"react-native-safe-area-context\" -framework \"AVFoundation\" -framework \"Accelerate\" -framework \"AudioToolbox\" -framework \"CoreGraphics\" -framework \"CoreMedia\" -framework \"CoreTelephony\" -framework \"CoreVideo\" -framework \"ImageIO\" -framework \"MobileCoreServices\" -framework \"Photos\" -framework \"PhotosUI\" -framework \"QuartzCore\" -framework \"React\" -framework \"ReactNativeDependencies\" -framework \"SystemConfiguration\" -framework \"UIKit\" -framework \"hermes\" -weak_framework \"JavaScriptCore\" -ObjC -lc++",
      "OTHER_MODULE_VERIFIER_FLAGS" : " \"-F/Users/clisamax/Library/Developer/Xcode/DerivedData/FormCam-bghffiesmchebqfenymgyejtnsai/Build/Products/Debug-iphoneos/EASClient\" \"-F/Users/clisamax/Library/Developer/Xcode/DerivedData/FormCam-bghffiesmchebqfenymgyejtnsai/Build/Products/Debug-iphoneos/EXConstants\" \"-F/Users/clisamax/Library/Developer/Xcode/DerivedData/FormCam-bghffiesmchebqfenymgyejtnsai/Build/Products/Debug-iphoneos/EXImageLoader\" \"-F/Users/clisamax/Library/Developer/Xcode/DerivedData/FormCam-bghffiesmchebqfenymgyejtnsai/Build/Products/Debug-iphoneos/EXJSONUtils\" \"-F/Users/clisamax/Library/Developer/Xcode/DerivedData/FormCam-bghffiesmchebqfenymgyejtnsai/Build/Products/Debug-iphoneos/EXManifests\" \"-F/Users/clisamax/Library/Developer/Xcode/DerivedData/FormCam-bghffiesmchebqfenymgyejtnsai/Build/Products/Debug-iphoneos/EXStructuredHeaders\" \"-F/Users/clisamax/Library/Developer/Xcode/DerivedData/FormCam-bghffiesmchebqfenymgyejtnsai/Build/Products/Debug-iphoneos/EXUpdates\" \"-F/Users/clisamax/Library/Developer/Xcode/DerivedData/FormCam-bghffiesmchebqfenymgyejtnsai/Build/Products/Debug-iphoneos/EXUpdatesInterface\" \"-F/Users/clisamax/Library/Developer/Xcode/DerivedData/FormCam-bghffiesmchebqfenymgyejtnsai/Build/Products/Debug-iphoneos/Expo\" \"-F/Users/clisamax/Library/Developer/Xcode/DerivedData/FormCam-bghffiesmchebqfenymgyejtnsai/Build/Products/Debug-iphoneos/ExpoAsset\" \"-F/Users/clisamax/Library/Developer/Xcode/DerivedData/FormCam-bghffiesmchebqfenymgyejtnsai/Build/Products/Debug-iphoneos/ExpoCamera\" \"-F/Users/clisamax/Library/Developer/Xcode/DerivedData/FormCam-bghffiesmchebqfenymgyejtnsai/Build/Products/Debug-iphoneos/ExpoFileSystem\" \"-F/Users/clisamax/Library/Developer/Xcode/DerivedData/FormCam-bghffiesmchebqfenymgyejtnsai/Build/Products/Debug-iphoneos/ExpoFont\" \"-F/Users/clisamax/Library/Developer/Xcode/DerivedData/FormCam-bghffiesmchebqfenymgyejtnsai/Build/Products/Debug-iphoneos/ExpoHead\" \"-F/Users/clisamax/Library/Developer/Xcode/DerivedData/FormCam-bghffiesmchebqfenymgyejtnsai/Build/Products/Debug-iphoneos/ExpoImageManipulator\" \"-F/Users/clisamax/Library/Developer/Xcode/DerivedData/FormCam-bghffiesmchebqfenymgyejtnsai/Build/Products/Debug-iphoneos/ExpoKeepAwake\" \"-F/Users/clisamax/Library/Developer/Xcode/DerivedData/FormCam-bghffiesmchebqfenymgyejtnsai/Build/Products/Debug-iphoneos/ExpoLinking\" \"-F/Users/clisamax/Library/Developer/Xcode/DerivedData/FormCam-bghffiesmchebqfenymgyejtnsai/Build/Products/Debug-iphoneos/ExpoMediaLibrary\" \"-F/Users/clisamax/Library/Developer/Xcode/DerivedData/FormCam-bghffiesmchebqfenymgyejtnsai/Build/Products/Debug-iphoneos/ExpoModulesCore\" \"-F/Users/clisamax/Library/Developer/Xcode/DerivedData/FormCam-bghffiesmchebqfenymgyejtnsai/Build/Products/Debug-iphoneos/ExpoSplashScreen\" \"-F/Users/clisamax/Library/Developer/Xcode/DerivedData/FormCam-bghffiesmchebqfenymgyejtnsai/Build/Products/Debug-iphoneos/ExpoSystemUI\" \"-F/Users/clisamax/Library/Developer/Xcode/DerivedData/FormCam-bghffiesmchebqfenymgyejtnsai/Build/Products/Debug-iphoneos/ExpoWebBrowser\" \"-F/Users/clisamax/Library/Developer/Xcode/DerivedData/FormCam-bghffiesmchebqfenymgyejtnsai/Build/Products/Debug-iphoneos/FBLazyVector\" \"-F/Users/clisamax/Library/Developer/Xcode/DerivedData/FormCam-bghffiesmchebqfenymgyejtnsai/Build/Products/Debug-iphoneos/RCTDeprecation\" \"-F/Users/clisamax/Library/Developer/Xcode/DerivedData/FormCam-bghffiesmchebqfenymgyejtnsai/Build/Products/Debug-iphoneos/RCTRequired\" \"-F/Users/clisamax/Library/Developer/Xcode/DerivedData/FormCam-bghffiesmchebqfenymgyejtnsai/Build/Products/Debug-iphoneos/RCTTypeSafety\" \"-F/Users/clisamax/Library/Developer/Xcode/DerivedData/FormCam-bghffiesmchebqfenymgyejtnsai/Build/Products/Debug-iphoneos/RNCAsyncStorage\" \"-F/Users/clisamax/Library/Developer/Xcode/DerivedData/FormCam-bghffiesmchebqfenymgyejtnsai/Build/Products/Debug-iphoneos/RNDateTimePicker\" \"-F/Users/clisamax/Library/Developer/Xcode/DerivedData/FormCam-bghffiesmchebqfenymgyejtnsai/Build/Products/Debug-iphoneos/RNGestureHandler\" \"-F/Users/clisamax/Library/Developer/Xcode/DerivedData/FormCam-bghffiesmchebqfenymgyejtnsai/Build/Products/Debug-iphoneos/RNReanimated\" \"-F/Users/clisamax/Library/Developer/Xcode/DerivedData/FormCam-bghffiesmchebqfenymgyejtnsai/Build/Products/Debug-iphoneos/RNScreens\" \"-F/Users/clisamax/Library/Developer/Xcode/DerivedData/FormCam-bghffiesmchebqfenymgyejtnsai/Build/Products/Debug-iphoneos/RNVectorIcons\" \"-F/Users/clisamax/Library/Developer/Xcode/DerivedData/FormCam-bghffiesmchebqfenymgyejtnsai/Build/Products/Debug-iphoneos/RNWorklets\" \"-F/Users/clisamax/Library/Developer/Xcode/DerivedData/FormCam-bghffiesmchebqfenymgyejtnsai/Build/Products/Debug-iphoneos/ReachabilitySwift\" \"-F/Users/clisamax/Library/Developer/Xcode/DerivedData/FormCam-bghffiesmchebqfenymgyejtnsai/Build/Products/Debug-iphoneos/React\" \"-F/Users/clisamax/Library/Developer/Xcode/DerivedData/FormCam-bghffiesmchebqfenymgyejtnsai/Build/Products/Debug-iphoneos/React-Core\" \"-F/Users/clisamax/Library/Developer/Xcode/DerivedData/FormCam-bghffiesmchebqfenymgyejtnsai/Build/Products/Debug-iphoneos/React-Core-prebuilt\" \"-F/Users/clisamax/Library/Developer/Xcode/DerivedData/FormCam-bghffiesmchebqfenymgyejtnsai/Build/Products/Debug-iphoneos/React-CoreModules\" \"-F/Users/clisamax/Library/Developer/Xcode/DerivedData/FormCam-bghffiesmchebqfenymgyejtnsai/Build/Products/Debug-iphoneos/React-Fabric\" \"-F/Users/clisamax/Library/Developer/Xcode/DerivedData/FormCam-bghffiesmchebqfenymgyejtnsai/Build/Products/Debug-iphoneos/React-FabricComponents\" \"-F/Users/clisamax/Library/Developer/Xcode/DerivedData/FormCam-bghffiesmchebqfenymgyejtnsai/Build/Products/Debug-iphoneos/React-FabricImage\" \"-F/Users/clisamax/Library/Developer/Xcode/DerivedData/FormCam-bghffiesmchebqfenymgyejtnsai/Build/Products/Debug-iphoneos/React-ImageManager\" \"-F/Users/clisamax/Library/Developer/Xcode/DerivedData/FormCam-bghffiesmchebqfenymgyejtnsai/Build/Products/Debug-iphoneos/React-Mapbuffer\" \"-F/Users/clisamax/Library/Developer/Xcode/DerivedData/FormCam-bghffiesmchebqfenymgyejtnsai/Build/Products/Debug-iphoneos/React-NativeModulesApple\" \"-F/Users/clisamax/Library/Developer/Xcode/DerivedData/FormCam-bghffiesmchebqfenymgyejtnsai/Build/Products/Debug-iphoneos/React-RCTActionSheet\" \"-F/Users/clisamax/Library/Developer/Xcode/DerivedData/FormCam-bghffiesmchebqfenymgyejtnsai/Build/Products/Debug-iphoneos/React-RCTAnimation\" \"-F/Users/clisamax/Library/Developer/Xcode/DerivedData/FormCam-bghffiesmchebqfenymgyejtnsai/Build/Products/Debug-iphoneos/React-RCTAppDelegate\" \"-F/Users/clisamax/Library/Developer/Xcode/DerivedData/FormCam-bghffiesmchebqfenymgyejtnsai/Build/Products/Debug-iphoneos/React-RCTBlob\" \"-F/Users/clisamax/Library/Developer/Xcode/DerivedData/FormCam-bghffiesmchebqfenymgyejtnsai/Build/Products/Debug-iphoneos/React-RCTFBReactNativeSpec\" \"-F/Users/clisamax/Library/Developer/Xcode/DerivedData/FormCam-bghffiesmchebqfenymgyejtnsai/Build/Products/Debug-iphoneos/React-RCTFabric\" \"-F/Users/clisamax/Library/Developer/Xcode/DerivedData/FormCam-bghffiesmchebqfenymgyejtnsai/Build/Products/Debug-iphoneos/React-RCTImage\" \"-F/Users/clisamax/Library/Developer/Xcode/DerivedData/FormCam-bghffiesmchebqfenymgyejtnsai/Build/Products/Debug-iphoneos/React-RCTLinking\" \"-F/Users/clisamax/Library/Developer/Xcode/DerivedData/FormCam-bghffiesmchebqfenymgyejtnsai/Build/Products/Debug-iphoneos/React-RCTNetwork\" \"-F/Users/clisamax/Library/Developer/Xcode/DerivedData/FormCam-bghffiesmchebqfenymgyejtnsai/Build/Products/Debug-iphoneos/React-RCTRuntime\" \"-F/Users/clisamax/Library/Developer/Xcode/DerivedData/FormCam-bghffiesmchebqfenymgyejtnsai/Build/Products/Debug-iphoneos/React-RCTSettings\" \"-F/Users/clisamax/Library/Developer/Xcode/DerivedData/FormCam-bghffiesmchebqfenymgyejtnsai/Build/Products/Debug-iphoneos/React-RCTText\" \"-F/Users/clisamax/Library/Developer/Xcode/DerivedData/FormCam-bghffiesmchebqfenymgyejtnsai/Build/Products/Debug-iphoneos/React-RCTVibration\" \"-F/Users/clisamax/Library/Developer/Xcode/DerivedData/FormCam-bghffiesmchebqfenymgyejtnsai/Build/Products/Debug-iphoneos/React-RuntimeApple\" \"-F/Users/clisamax/Library/Developer/Xcode/DerivedData/FormCam-bghffiesmchebqfenymgyejtnsai/Build/Products/Debug-iphoneos/React-RuntimeCore\" \"-F/Users/clisamax/Library/Developer/Xcode/DerivedData/FormCam-bghffiesmchebqfenymgyejtnsai/Build/Products/Debug-iphoneos/React-RuntimeHermes\" \"-F/Users/clisamax/Library/Developer/Xcode/DerivedData/FormCam-bghffiesmchebqfenymgyejtnsai/Build/Products/Debug-iphoneos/React-callinvoker\" \"-F/Users/clisamax/Library/Developer/Xcode/DerivedData/FormCam-bghffiesmchebqfenymgyejtnsai/Build/Products/Debug-iphoneos/React-cxxreact\" \"-F/Users/clisamax/Library/Developer/Xcode/DerivedData/FormCam-bghffiesmchebqfenymgyejtnsai/Build/Products/Debug-iphoneos/React-debug\" \"-F/Users/clisamax/Library/Developer/Xcode/DerivedData/FormCam-bghffiesmchebqfenymgyejtnsai/Build/Products/Debug-iphoneos/React-defaultsnativemodule\" \"-F/Users/clisamax/Library/Developer/Xcode/DerivedData/FormCam-bghffiesmchebqfenymgyejtnsai/Build/Products/Debug-iphoneos/React-domnativemodule\" \"-F/Users/clisamax/Library/Developer/Xcode/DerivedData/FormCam-bghffiesmchebqfenymgyejtnsai/Build/Products/Debug-iphoneos/React-featureflags\" \"-F/Users/clisamax/Library/Developer/Xcode/DerivedData/FormCam-bghffiesmchebqfenymgyejtnsai/Build/Products/Debug-iphoneos/React-featureflagsnativemodule\" \"-F/Users/clisamax/Library/Developer/Xcode/DerivedData/FormCam-bghffiesmchebqfenymgyejtnsai/Build/Products/Debug-iphoneos/React-graphics\" \"-F/Users/clisamax/Library/Developer/Xcode/DerivedData/FormCam-bghffiesmchebqfenymgyejtnsai/Build/Products/Debug-iphoneos/React-hermes\" \"-F/Users/clisamax/Library/Developer/Xcode/DerivedData/FormCam-bghffiesmchebqfenymgyejtnsai/Build/Products/Debug-iphoneos/React-idlecallbacksnativemodule\" \"-F/Users/clisamax/Library/Developer/Xcode/DerivedData/FormCam-bghffiesmchebqfenymgyejtnsai/Build/Products/Debug-iphoneos/React-jserrorhandler\" \"-F/Users/clisamax/Library/Developer/Xcode/DerivedData/FormCam-bghffiesmchebqfenymgyejtnsai/Build/Products/Debug-iphoneos/React-jsi\" \"-F/Users/clisamax/Library/Developer/Xcode/DerivedData/FormCam-bghffiesmchebqfenymgyejtnsai/Build/Products/Debug-iphoneos/React-jsiexecutor\" \"-F/Users/clisamax/Library/Developer/Xcode/DerivedData/FormCam-bghffiesmchebqfenymgyejtnsai/Build/Products/Debug-iphoneos/React-jsinspector\" \"-F/Users/clisamax/Library/Developer/Xcode/DerivedData/FormCam-bghffiesmchebqfenymgyejtnsai/Build/Products/Debug-iphoneos/React-jsinspectorcdp\" \"-F/Users/clisamax/Library/Developer/Xcode/DerivedData/FormCam-bghffiesmchebqfenymgyejtnsai/Build/Products/Debug-iphoneos/React-jsinspectornetwork\" \"-F/Users/clisamax/Library/Developer/Xcode/DerivedData/FormCam-bghffiesmchebqfenymgyejtnsai/Build/Products/Debug-iphoneos/React-jsinspectortracing\" \"-F/Users/clisamax/Library/Developer/Xcode/DerivedData/FormCam-bghffiesmchebqfenymgyejtnsai/Build/Products/Debug-iphoneos/React-jsitooling\" \"-F/Users/clisamax/Library/Developer/Xcode/DerivedData/FormCam-bghffiesmchebqfenymgyejtnsai/Build/Products/Debug-iphoneos/React-jsitracing\" \"-F/Users/clisamax/Library/Developer/Xcode/DerivedData/FormCam-bghffiesmchebqfenymgyejtnsai/Build/Products/Debug-iphoneos/React-logger\" \"-F/Users/clisamax/Library/Developer/Xcode/DerivedData/FormCam-bghffiesmchebqfenymgyejtnsai/Build/Products/Debug-iphoneos/React-microtasksnativemodule\" \"-F/Users/clisamax/Library/Developer/Xcode/DerivedData/FormCam-bghffiesmchebqfenymgyejtnsai/Build/Products/Debug-iphoneos/React-oscompat\" \"-F/Users/clisamax/Library/Developer/Xcode/DerivedData/FormCam-bghffiesmchebqfenymgyejtnsai/Build/Products/Debug-iphoneos/React-perflogger\" \"-F/Users/clisamax/Library/Developer/Xcode/DerivedData/FormCam-bghffiesmchebqfenymgyejtnsai/Build/Products/Debug-iphoneos/React-performancetimeline\" \"-F/Users/clisamax/Library/Developer/Xcode/DerivedData/FormCam-bghffiesmchebqfenymgyejtnsai/Build/Products/Debug-iphoneos/React-rendererconsistency\" \"-F/Users/clisamax/Library/Developer/Xcode/DerivedData/FormCam-bghffiesmchebqfenymgyejtnsai/Build/Products/Debug-iphoneos/React-renderercss\" \"-F/Users/clisamax/Library/Developer/Xcode/DerivedData/FormCam-bghffiesmchebqfenymgyejtnsai/Build/Products/Debug-iphoneos/React-rendererdebug\" \"-F/Users/clisamax/Library/Developer/Xcode/DerivedData/FormCam-bghffiesmchebqfenymgyejtnsai/Build/Products/Debug-iphoneos/React-runtimeexecutor\" \"-F/Users/clisamax/Library/Developer/Xcode/DerivedData/FormCam-bghffiesmchebqfenymgyejtnsai/Build/Products/Debug-iphoneos/React-runtimescheduler\" \"-F/Users/clisamax/Library/Developer/Xcode/DerivedData/FormCam-bghffiesmchebqfenymgyejtnsai/Build/Products/Debug-iphoneos/React-timing\" \"-F/Users/clisamax/Library/Developer/Xcode/DerivedData/FormCam-bghffiesmchebqfenymgyejtnsai/Build/Products/Debug-iphoneos/React-utils\" \"-F/Users/clisamax/Library/Developer/Xcode/DerivedData/FormCam-bghffiesmchebqfenymgyejtnsai/Build/Products/Debug-iphoneos/ReactAppDependencyProvider\" \"-F/Users/clisamax/Library/Developer/Xcode/DerivedData/FormCam-bghffiesmchebqfenymgyejtnsai/Build/Products/Debug-iphoneos/ReactCodegen\" \"-F/Users/clisamax/Library/Developer/Xcode/DerivedData/FormCam-bghffiesmchebqfenymgyejtnsai/Build/Products/Debug-iphoneos/ReactCommon\" \"-F/Users/clisamax/Library/Developer/Xcode/DerivedData/FormCam-bghffiesmchebqfenymgyejtnsai/Build/Products/Debug-iphoneos/ReactNativeDependencies\" \"-F/Users/clisamax/Library/Developer/Xcode/DerivedData/FormCam-bghffiesmchebqfenymgyejtnsai/Build/Products/Debug-iphoneos/SDWebImage\" \"-F/Users/clisamax/Library/Developer/Xcode/DerivedData/FormCam-bghffiesmchebqfenymgyejtnsai/Build/Products/Debug-iphoneos/SDWebImageWebPCoder\" \"-F/Users/clisamax/Library/Developer/Xcode/DerivedData/FormCam-bghffiesmchebqfenymgyejtnsai/Build/Products/Debug-iphoneos/Yoga\" \"-F/Users/clisamax/Library/Developer/Xcode/DerivedData/FormCam-bghffiesmchebqfenymgyejtnsai/Build/Products/Debug-iphoneos/ZXingObjC\" \"-F/Users/clisamax/Library/Developer/Xcode/DerivedData/FormCam-bghffiesmchebqfenymgyejtnsai/Build/Products/Debug-iphoneos/expo-dev-client\" \"-F/Users/clisamax/Library/Developer/Xcode/DerivedData/FormCam-bghffiesmchebqfenymgyejtnsai/Build/Products/Debug-iphoneos/expo-dev-launcher\" \"-F/Users/clisamax/Library/Developer/Xcode/DerivedData/FormCam-bghffiesmchebqfenymgyejtnsai/Build/Products/Debug-iphoneos/expo-dev-menu\" \"-F/Users/clisamax/Library/Developer/Xcode/DerivedData/FormCam-bghffiesmchebqfenymgyejtnsai/Build/Products/Debug-iphoneos/expo-dev-menu-interface\" \"-F/Users/clisamax/Library/Developer/Xcode/DerivedData/FormCam-bghffiesmchebqfenymgyejtnsai/Build/Products/Debug-iphoneos/hermes-engine\" \"-F/Users/clisamax/Library/Developer/Xcode/DerivedData/FormCam-bghffiesmchebqfenymgyejtnsai/Build/Products/Debug-iphoneos/libwebp\" \"-F/Users/clisamax/Library/Developer/Xcode/DerivedData/FormCam-bghffiesmchebqfenymgyejtnsai/Build/Products/Debug-iphoneos/react-native-netinfo\" \"-F/Users/clisamax/Library/Developer/Xcode/DerivedData/FormCam-bghffiesmchebqfenymgyejtnsai/Build/Products/Debug-iphoneos/react-native-safe-area-context\"",
      "OTHER_SWIFT_FLAGS" : " -D COCOAPODS -Xcc -fmodule-map-file=\"/Users/clisamax/Library/Developer/Xcode/DerivedData/FormCam-bghffiesmchebqfenymgyejtnsai/Build/Products/Debug-iphoneos/EASClient/EASClient.modulemap\" -Xcc -fmodule-map-file=\"/Users/clisamax/Library/Developer/Xcode/DerivedData/FormCam-bghffiesmchebqfenymgyejtnsai/Build/Products/Debug-iphoneos/EXConstants/EXConstants.modulemap\" -Xcc -fmodule-map-file=\"/Users/clisamax/Library/Developer/Xcode/DerivedData/FormCam-bghffiesmchebqfenymgyejtnsai/Build/Products/Debug-iphoneos/EXManifests/EXManifests.modulemap\" -Xcc -fmodule-map-file=\"/Users/clisamax/Library/Developer/Xcode/DerivedData/FormCam-bghffiesmchebqfenymgyejtnsai/Build/Products/Debug-iphoneos/EXUpdates/EXUpdates.modulemap\" -Xcc -fmodule-map-file=\"/Users/clisamax/Library/Developer/Xcode/DerivedData/FormCam-bghffiesmchebqfenymgyejtnsai/Build/Products/Debug-iphoneos/EXUpdatesInterface/EXUpdatesInterface.modulemap\" -Xcc -fmodule-map-file=\"/Users/clisamax/Library/Developer/Xcode/DerivedData/FormCam-bghffiesmchebqfenymgyejtnsai/Build/Products/Debug-iphoneos/Expo/Expo.modulemap\" -Xcc -fmodule-map-file=\"/Users/clisamax/Library/Developer/Xcode/DerivedData/FormCam-bghffiesmchebqfenymgyejtnsai/Build/Products/Debug-iphoneos/ExpoAsset/ExpoAsset.modulemap\" -Xcc -fmodule-map-file=\"/Users/clisamax/Library/Developer/Xcode/DerivedData/FormCam-bghffiesmchebqfenymgyejtnsai/Build/Products/Debug-iphoneos/ExpoCamera/ExpoCamera.modulemap\" -Xcc -fmodule-map-file=\"/Users/clisamax/Library/Developer/Xcode/DerivedData/FormCam-bghffiesmchebqfenymgyejtnsai/Build/Products/Debug-iphoneos/ExpoFileSystem/ExpoFileSystem.modulemap\" -Xcc -fmodule-map-file=\"/Users/clisamax/Library/Developer/Xcode/DerivedData/FormCam-bghffiesmchebqfenymgyejtnsai/Build/Products/Debug-iphoneos/ExpoFont/ExpoFont.modulemap\" -Xcc -fmodule-map-file=\"/Users/clisamax/Library/Developer/Xcode/DerivedData/FormCam-bghffiesmchebqfenymgyejtnsai/Build/Products/Debug-iphoneos/ExpoHead/ExpoHead.modulemap\" -Xcc -fmodule-map-file=\"/Users/clisamax/Library/Developer/Xcode/DerivedData/FormCam-bghffiesmchebqfenymgyejtnsai/Build/Products/Debug-iphoneos/ExpoImageManipulator/ExpoImageManipulator.modulemap\" -Xcc -fmodule-map-file=\"/Users/clisamax/Library/Developer/Xcode/DerivedData/FormCam-bghffiesmchebqfenymgyejtnsai/Build/Products/Debug-iphoneos/ExpoKeepAwake/ExpoKeepAwake.modulemap\" -Xcc -fmodule-map-file=\"/Users/clisamax/Library/Developer/Xcode/DerivedData/FormCam-bghffiesmchebqfenymgyejtnsai/Build/Products/Debug-iphoneos/ExpoLinking/ExpoLinking.modulemap\" -Xcc -fmodule-map-file=\"/Users/clisamax/Library/Developer/Xcode/DerivedData/FormCam-bghffiesmchebqfenymgyejtnsai/Build/Products/Debug-iphoneos/ExpoMediaLibrary/ExpoMediaLibrary.modulemap\" -Xcc -fmodule-map-file=\"/Users/clisamax/Library/Developer/Xcode/DerivedData/FormCam-bghffiesmchebqfenymgyejtnsai/Build/Products/Debug-iphoneos/ExpoModulesCore/ExpoModulesCore.modulemap\" -Xcc -fmodule-map-file=\"/Users/clisamax/Library/Developer/Xcode/DerivedData/FormCam-bghffiesmchebqfenymgyejtnsai/Build/Products/Debug-iphoneos/ExpoSplashScreen/ExpoSplashScreen.modulemap\" -Xcc -fmodule-map-file=\"/Users/clisamax/Library/Developer/Xcode/DerivedData/FormCam-bghffiesmchebqfenymgyejtnsai/Build/Products/Debug-iphoneos/ExpoSystemUI/ExpoSystemUI.modulemap\" -Xcc -fmodule-map-file=\"/Users/clisamax/Library/Developer/Xcode/DerivedData/FormCam-bghffiesmchebqfenymgyejtnsai/Build/Products/Debug-iphoneos/ExpoWebBrowser/ExpoWebBrowser.modulemap\" -Xcc -fmodule-map-file=\"/Users/clisamax/Library/Developer/Xcode/DerivedData/FormCam-bghffiesmchebqfenymgyejtnsai/Build/Products/Debug-iphoneos/ReachabilitySwift/Reachability.modulemap\" -Xcc -fmodule-map-file=\"/Users/clisamax/Library/Developer/Xcode/DerivedData/FormCam-bghffiesmchebqfenymgyejtnsai/Build/Products/Debug-iphoneos/expo-dev-launcher/EXDevLauncher.modulemap\" -Xcc -fmodule-map-file=\"/Users/clisamax/Library/Developer/Xcode/DerivedData/FormCam-bghffiesmchebqfenymgyejtnsai/Build/Products/Debug-iphoneos/expo-dev-menu-interface/EXDevMenuInterface.modulemap\" -Xcc -fmodule-map-file=\"/Users/clisamax/Library/Developer/Xcode/DerivedData/FormCam-bghffiesmchebqfenymgyejtnsai/Build/Products/Debug-iphoneos/expo-dev-menu/EXDevMenu.modulemap\" -Xcc -fmodule-map-file=\"/Users/clisamax/Documents/GITHUB/FormCam/ios/Pods/Headers/Private/SDWebImageWebPCoder/SDWebImageWebPCoder.modulemap\" -Xcc -fmodule-map-file=\"/Users/clisamax/Documents/GITHUB/FormCam/ios/Pods/Headers/Public/EXImageLoader/EXImageLoader.modulemap\" -Xcc -fmodule-map-file=\"/Users/clisamax/Documents/GITHUB/FormCam/ios/Pods/Headers/Public/EXJSONUtils/EXJSONUtils.modulemap\" -Xcc -fmodule-map-file=\"/Users/clisamax/Documents/GITHUB/FormCam/ios/Pods/Headers/Public/EXStructuredHeaders/EXStructuredHeaders.modulemap\" -Xcc -fmodule-map-file=\"/Users/clisamax/Documents/GITHUB/FormCam/ios/Pods/Headers/Public/RNReanimated/RNReanimated.modulemap\" -Xcc -fmodule-map-file=\"/Users/clisamax/Documents/GITHUB/FormCam/ios/Pods/Headers/Public/RNScreens/RNScreens.modulemap\" -Xcc -fmodule-map-file=\"/Users/clisamax/Documents/GITHUB/FormCam/ios/Pods/Headers/Public/RNWorklets/RNWorklets.modulemap\" -Xcc -fmodule-map-file=\"/Users/clisamax/Documents/GITHUB/FormCam/ios/Pods/Headers/Public/ReactAppDependencyProvider/ReactAppDependencyProvider.modulemap\" -Xcc -fmodule-map-file=\"/Users/clisamax/Documents/GITHUB/FormCam/ios/Pods/Headers/Public/ReactCodegen/ReactCodegen.modulemap\" -Xcc -fmodule-map-file=\"/Users/clisamax/Documents/GITHUB/FormCam/ios/Pods/Headers/Public/ZXingObjC/ZXingObjC.modulemap\" -DEX_DEV_MENU_ENABLED -D EXPO_CONFIGURATION_DEBUG",
      "PACKAGE_TYPE" : "com.apple.package-type.wrapper.application",
      "PASCAL_STRINGS" : "YES",
      "PATH" : "/Applications/Xcode.app/Contents/SharedFrameworks/SwiftBuild.framework/Versions/A/PlugIns/SWBBuildService.bundle/Contents/PlugIns/SWBUniversalPlatformPlugin.bundle/Contents/Frameworks/SWBUniversalPlatform.framework/Resources:/Applications/Xcode.app/Contents/Developer/Toolchains/XcodeDefault.xctoolchain/usr/bin:/Applications/Xcode.app/Contents/Developer/Toolchains/XcodeDefault.xctoolchain/usr/local/bin:/Applications/Xcode.app/Contents/Developer/Toolchains/XcodeDefault.xctoolchain/usr/libexec:/Applications/Xcode.app/Contents/Developer/Platforms/iPhoneOS.platform/usr/bin:/Applications/Xcode.app/Contents/Developer/Platforms/iPhoneOS.platform/usr/local/bin:/Applications/Xcode.app/Contents/Developer/Platforms/iPhoneOS.platform/Developer/usr/bin:/Applications/Xcode.app/Contents/Developer/Platforms/iPhoneOS.platform/Developer/usr/local/bin:/Applications/Xcode.app/Contents/Developer/usr/bin:/Applications/Xcode.app/Contents/Developer/usr/local/bin:/Users/clisamax/.nvm/versions/node/v24.13.1/bin:/opt/homebrew/opt/openjdk@17/bin:/Users/clisamax/.nvm/versions/node/v24.12.0/bin:/Users/clisamax/.rbenv/shims:/Users/clisamax/.antigravity/antigravity/bin:/Users/clisamax/Library/Application Support/Code/User/globalStorage/github.copilot-chat/debugCommand:/Users/clisamax/Library/Application Support/Code/User/globalStorage/github.copilot-chat/copilotCli:/Users/clisamax/.vscode/extensions/vadimcn.vscode-lldb-1.12.1/bin:/usr/local/bin:/System/Cryptexes/App/usr/bin:/usr/bin:/bin:/usr/sbin:/sbin:/var/run/com.apple.security.cryptexd/codex.system/bootstrap/usr/local/bin:/var/run/com.apple.security.cryptexd/codex.system/bootstrap/usr/bin:/var/run/com.apple.security.cryptexd/codex.system/bootstrap/usr/appleinternal/bin:/opt/pmk/env/global/bin:/Library/Apple/usr/bin:/opt/homebrew/bin:/Users/clisamax/Library/Android/sdk/cmdline-tools/latest/bin:/Users/clisamax/Library/Android/sdk/platform-tools:/Users/clisamax/Library/Android/sdk/emulator",
      "PATH_PREFIXES_EXCLUDED_FROM_HEADER_DEPENDENCIES" : "/usr/include /usr/local/include /System/Library/Frameworks /System/Library/PrivateFrameworks /Applications/Xcode.app/Contents/Developer/Headers /Applications/Xcode.app/Contents/Developer/SDKs /Applications/Xcode.app/Contents/Developer/Platforms",
      "PBDEVELOPMENTPLIST_PATH" : "FormCam.app/pbdevelopment.plist",
      "PER_ARCH_MODULE_FILE_DIR" : "/Users/clisamax/Library/Developer/Xcode/DerivedData/FormCam-bghffiesmchebqfenymgyejtnsai/Build/Intermediates.noindex/FormCam.build/Debug-iphoneos/FormCam.build/Objects-normal/undefined_arch",
      "PER_ARCH_OBJECT_FILE_DIR" : "/Users/clisamax/Library/Developer/Xcode/DerivedData/FormCam-bghffiesmchebqfenymgyejtnsai/Build/Intermediates.noindex/FormCam.build/Debug-iphoneos/FormCam.build/Objects-normal/undefined_arch",
      "PER_VARIANT_OBJECT_FILE_DIR" : "/Users/clisamax/Library/Developer/Xcode/DerivedData/FormCam-bghffiesmchebqfenymgyejtnsai/Build/Intermediates.noindex/FormCam.build/Debug-iphoneos/FormCam.build/Objects-normal",
      "PKGINFO_FILE_PATH" : "/Users/clisamax/Library/Developer/Xcode/DerivedData/FormCam-bghffiesmchebqfenymgyejtnsai/Build/Intermediates.noindex/FormCam.build/Debug-iphoneos/FormCam.build/PkgInfo",
      "PKGINFO_PATH" : "FormCam.app/PkgInfo",
      "PLATFORM_DEVELOPER_APPLICATIONS_DIR" : "/Applications/Xcode.app/Contents/Developer/Platforms/iPhoneOS.platform/Developer/Applications",
      "PLATFORM_DEVELOPER_BIN_DIR" : "/Applications/Xcode.app/Contents/Developer/Platforms/iPhoneOS.platform/Developer/usr/bin",
      "PLATFORM_DEVELOPER_LIBRARY_DIR" : "/Applications/Xcode.app/Contents/Developer/Platforms/iPhoneOS.platform/Developer/Library",
      "PLATFORM_DEVELOPER_SDK_DIR" : "/Applications/Xcode.app/Contents/Developer/Platforms/iPhoneOS.platform/Developer/SDKs",
      "PLATFORM_DEVELOPER_TOOLS_DIR" : "/Applications/Xcode.app/Contents/Developer/Platforms/iPhoneOS.platform/Developer/Tools",
      "PLATFORM_DEVELOPER_USR_DIR" : "/Applications/Xcode.app/Contents/Developer/Platforms/iPhoneOS.platform/Developer/usr",
      "PLATFORM_DIR" : "/Applications/Xcode.app/Contents/Developer/Platforms/iPhoneOS.platform",
      "PLATFORM_DISPLAY_NAME" : "iOS",
      "PLATFORM_FAMILY_NAME" : "iOS",
      "PLATFORM_NAME" : "iphoneos",
      "PLATFORM_PREFERRED_ARCH" : "arm64",
      "PLATFORM_PRODUCT_BUILD_VERSION" : "23C53",
      "PLATFORM_REQUIRES_SWIFT_AUTOLINK_EXTRACT" : "NO",
      "PLATFORM_REQUIRES_SWIFT_MODULEWRAP" : "NO",
      "PLIST_FILE_OUTPUT_FORMAT" : "binary",
      "PLUGINS_FOLDER_PATH" : "FormCam.app/PlugIns",
      "PODS_BUILD_DIR" : "/Users/clisamax/Library/Developer/Xcode/DerivedData/FormCam-bghffiesmchebqfenymgyejtnsai/Build/Products",
      "PODS_CONFIGURATION_BUILD_DIR" : "/Users/clisamax/Library/Developer/Xcode/DerivedData/FormCam-bghffiesmchebqfenymgyejtnsai/Build/Products/Debug-iphoneos",
      "PODS_PODFILE_DIR_PATH" : "/Users/clisamax/Documents/GITHUB/FormCam/ios/.",
      "PODS_ROOT" : "/Users/clisamax/Documents/GITHUB/FormCam/ios/Pods",
      "PODS_XCFRAMEWORKS_BUILD_DIR" : "/Users/clisamax/Library/Developer/Xcode/DerivedData/FormCam-bghffiesmchebqfenymgyejtnsai/Build/Products/Debug-iphoneos/XCFrameworkIntermediates",
      "PRECOMP_DESTINATION_DIR" : "/Users/clisamax/Library/Developer/Xcode/DerivedData/FormCam-bghffiesmchebqfenymgyejtnsai/Build/Intermediates.noindex/FormCam.build/Debug-iphoneos/FormCam.build/PrefixHeaders",
      "PRECOMPS_INCLUDE_HEADERS_FROM_BUILT_PRODUCTS_DIR" : "YES",
      "PRIVATE_HEADERS_FOLDER_PATH" : "FormCam.app/PrivateHeaders",
      "PROCESSED_INFOPLIST_PATH" : "/Users/clisamax/Library/Developer/Xcode/DerivedData/FormCam-bghffiesmchebqfenymgyejtnsai/Build/Intermediates.noindex/FormCam.build/Debug-iphoneos/FormCam.build/Objects-normal/undefined_arch/Processed-Info.plist",
      "PRODUCT_BUNDLE_IDENTIFIER" : "com.clisamax.FormCam",
      "PRODUCT_BUNDLE_PACKAGE_TYPE" : "APPL",
      "PRODUCT_MODULE_NAME" : "FormCam",
      "PRODUCT_NAME" : "FormCam",
      "PRODUCT_SETTINGS_PATH" : "/Users/clisamax/Documents/GITHUB/FormCam/ios/FormCam/Info.plist",
      "PRODUCT_TYPE" : "com.apple.product-type.application",
      "PROFILING_CODE" : "NO",
      "PROJECT" : "FormCam",
      "PROJECT_DERIVED_FILE_DIR" : "/Users/clisamax/Library/Developer/Xcode/DerivedData/FormCam-bghffiesmchebqfenymgyejtnsai/Build/Intermediates.noindex/FormCam.build/DerivedSources",
      "PROJECT_DIR" : "/Users/clisamax/Documents/GITHUB/FormCam/ios",
      "PROJECT_FILE_PATH" : "/Users/clisamax/Documents/GITHUB/FormCam/ios/FormCam.xcodeproj",
      "PROJECT_GUID" : "c8d828294ef4b8322c235d9fdd859b87",
      "PROJECT_NAME" : "FormCam",
      "PROJECT_TEMP_DIR" : "/Users/clisamax/Library/Developer/Xcode/DerivedData/FormCam-bghffiesmchebqfenymgyejtnsai/Build/Intermediates.noindex/FormCam.build",
      "PROJECT_TEMP_ROOT" : "/Users/clisamax/Library/Developer/Xcode/DerivedData/FormCam-bghffiesmchebqfenymgyejtnsai/Build/Intermediates.noindex",
      "PROVISIONING_PROFILE_REQUIRED" : "YES",
      "PROVISIONING_PROFILE_REQUIRED_YES_YES" : "YES",
      "PROVISIONING_PROFILE_SUPPORTED" : "YES",
      "PUBLIC_HEADERS_FOLDER_PATH" : "FormCam.app/Headers",
      "REACT_NATIVE_PATH" : "/Users/clisamax/Documents/GITHUB/FormCam/ios/Pods/../../node_modules/react-native",
      "RECOMMENDED_IPHONEOS_DEPLOYMENT_TARGET" : "15.0",
      "RECURSIVE_SEARCH_PATHS_FOLLOW_SYMLINKS" : "YES",
      "REMOVE_CVS_FROM_RESOURCES" : "YES",
      "REMOVE_GIT_FROM_RESOURCES" : "YES",
      "REMOVE_HEADERS_FROM_EMBEDDED_BUNDLES" : "YES",
      "REMOVE_HG_FROM_RESOURCES" : "YES",
      "REMOVE_STATIC_EXECUTABLES_FROM_EMBEDDED_BUNDLES" : "YES",
      "REMOVE_SVN_FROM_RESOURCES" : "YES",
      "RESCHEDULE_INDEPENDENT_HEADERS_PHASES" : "YES",
      "REZ_COLLECTOR_DIR" : "/Users/clisamax/Library/Developer/Xcode/DerivedData/FormCam-bghffiesmchebqfenymgyejtnsai/Build/Intermediates.noindex/FormCam.build/Debug-iphoneos/FormCam.build/ResourceManagerResources",
      "REZ_OBJECTS_DIR" : "/Users/clisamax/Library/Developer/Xcode/DerivedData/FormCam-bghffiesmchebqfenymgyejtnsai/Build/Intermediates.noindex/FormCam.build/Debug-iphoneos/FormCam.build/ResourceManagerResources/Objects",
      "REZ_SEARCH_PATHS" : "/Users/clisamax/Library/Developer/Xcode/DerivedData/FormCam-bghffiesmchebqfenymgyejtnsai/Build/Products/Debug-iphoneos ",
      "RUNTIME_EXCEPTION_ALLOW_DYLD_ENVIRONMENT_VARIABLES" : "NO",
      "RUNTIME_EXCEPTION_ALLOW_JIT" : "NO",
      "RUNTIME_EXCEPTION_ALLOW_UNSIGNED_EXECUTABLE_MEMORY" : "NO",
      "RUNTIME_EXCEPTION_DEBUGGING_TOOL" : "NO",
      "RUNTIME_EXCEPTION_DISABLE_EXECUTABLE_PAGE_PROTECTION" : "NO",
      "RUNTIME_EXCEPTION_DISABLE_LIBRARY_VALIDATION" : "NO",
      "SCAN_ALL_SOURCE_FILES_FOR_INCLUDES" : "NO",
      "SCRIPTS_FOLDER_PATH" : "FormCam.app/Scripts",
      "SDK_DIR" : "/Applications/Xcode.app/Contents/Developer/Platforms/iPhoneOS.platform/Developer/SDKs/iPhoneOS26.2.sdk",
      "SDK_DIR_iphoneos" : "/Applications/Xcode.app/Contents/Developer/Platforms/iPhoneOS.platform/Developer/SDKs/iPhoneOS26.2.sdk",
      "SDK_DIR_iphoneos26_2" : "/Applications/Xcode.app/Contents/Developer/Platforms/iPhoneOS.platform/Developer/SDKs/iPhoneOS26.2.sdk",
      "SDK_NAME" : "iphoneos26.2",
      "SDK_NAMES" : "iphoneos26.2",
      "SDK_PRODUCT_BUILD_VERSION" : "23C53",
      "SDK_STAT_CACHE_DIR" : "/Users/clisamax/Library/Developer/Xcode/DerivedData",
      "SDK_STAT_CACHE_ENABLE" : "YES",
      "SDK_STAT_CACHE_PATH" : "/Users/clisamax/Library/Developer/Xcode/DerivedData/SDKStatCaches.noindex/iphoneos26.2-23C53-3794476bd08197c3e2abd9bb477ef7f7.sdkstatcache",
      "SDK_VERSION" : "26.2",
      "SDK_VERSION_ACTUAL" : "260200",
      "SDK_VERSION_MAJOR" : "260000",
      "SDK_VERSION_MINOR" : "260200",
      "SDKROOT" : "/Applications/Xcode.app/Contents/Developer/Platforms/iPhoneOS.platform/Developer/SDKs/iPhoneOS26.2.sdk",
      "SED" : "/usr/bin/sed",
      "SEPARATE_STRIP" : "NO",
      "SEPARATE_SYMBOL_EDIT" : "NO",
      "SET_DIR_MODE_OWNER_GROUP" : "YES",
      "SET_FILE_MODE_OWNER_GROUP" : "NO",
      "SHALLOW_BUNDLE" : "YES",
      "SHALLOW_BUNDLE_ios_macabi" : "NO",
      "SHALLOW_BUNDLE_macos" : "NO",
      "SHALLOW_BUNDLE_TRIPLE" : "ios",
      "SHARED_DERIVED_FILE_DIR" : "/Users/clisamax/Library/Developer/Xcode/DerivedData/FormCam-bghffiesmchebqfenymgyejtnsai/Build/Products/Debug-iphoneos/DerivedSources",
      "SHARED_FRAMEWORKS_FOLDER_PATH" : "FormCam.app/SharedFrameworks",
      "SHARED_PRECOMPS_DIR" : "/Users/clisamax/Library/Developer/Xcode/DerivedData/FormCam-bghffiesmchebqfenymgyejtnsai/Build/Intermediates.noindex/PrecompiledHeaders",
      "SHARED_SUPPORT_FOLDER_PATH" : "FormCam.app/SharedSupport",
      "SKIP_INSTALL" : "NO",
      "SOURCE_ROOT" : "/Users/clisamax/Documents/GITHUB/FormCam/ios",
      "SRCROOT" : "/Users/clisamax/Documents/GITHUB/FormCam/ios",
      "STRING_CATALOG_GENERATE_SYMBOLS" : "NO",
      "STRINGS_FILE_INFOPLIST_RENAME" : "YES",
      "STRINGS_FILE_OUTPUT_ENCODING" : "binary",
      "STRINGSDATA_DIR" : "/Users/clisamax/Library/Developer/Xcode/DerivedData/FormCam-bghffiesmchebqfenymgyejtnsai/Build/Intermediates.noindex/FormCam.build/Debug-iphoneos/FormCam.build/Objects-normal/undefined_arch",
      "STRINGSDATA_ROOT" : "/Users/clisamax/Library/Developer/Xcode/DerivedData/FormCam-bghffiesmchebqfenymgyejtnsai/Build/Intermediates.noindex/FormCam.build/Debug-iphoneos/FormCam.build",
      "STRIP_BITCODE_FROM_COPIED_FILES" : "YES",
      "STRIP_INSTALLED_PRODUCT" : "NO",
      "STRIP_STYLE" : "all",
      "STRIP_SWIFT_SYMBOLS" : "YES",
      "SUPPORTED_DEVICE_FAMILIES" : "1,2",
      "SUPPORTED_PLATFORMS" : "iphoneos iphonesimulator",
      "SUPPORTS_MAC_DESIGNED_FOR_IPHONE_IPAD" : "YES",
      "SUPPORTS_MACCATALYST" : "NO",
      "SUPPORTS_ON_DEMAND_RESOURCES" : "YES",
      "SUPPORTS_TEXT_BASED_API" : "NO",
      "SUPPORTS_XR_DESIGNED_FOR_IPHONE_IPAD" : "YES",
      "SUPPRESS_WARNINGS" : "NO",
      "SWIFT_ACTIVE_COMPILATION_CONDITIONS" : " DEBUG",
      "SWIFT_EMIT_CONST_VALUE_PROTOCOLS" : "AppIntent EntityQuery AppEntity TransientEntity AppEnum AppShortcutProviding AppShortcutsProvider AnyResolverProviding AppIntentsPackage DynamicOptionsProvider _IntentValueRepresentable _AssistantIntentsProvider _GenerativeFunctionExtractable IntentValueQuery Resolver AppExtension ExtensionPointDefining",
      "SWIFT_EMIT_LOC_STRINGS" : "NO",
      "SWIFT_ENABLE_EXPLICIT_MODULES" : "NO",
      "SWIFT_INCLUDE_PATHS" : "/Users/clisamax/Library/Developer/Xcode/DerivedData/FormCam-bghffiesmchebqfenymgyejtnsai/Build/Products/Debug-iphoneos  \"/Users/clisamax/Library/Developer/Xcode/DerivedData/FormCam-bghffiesmchebqfenymgyejtnsai/Build/Products/Debug-iphoneos/EASClient\" \"/Users/clisamax/Library/Developer/Xcode/DerivedData/FormCam-bghffiesmchebqfenymgyejtnsai/Build/Products/Debug-iphoneos/EXConstants\" \"/Users/clisamax/Library/Developer/Xcode/DerivedData/FormCam-bghffiesmchebqfenymgyejtnsai/Build/Products/Debug-iphoneos/EXManifests\" \"/Users/clisamax/Library/Developer/Xcode/DerivedData/FormCam-bghffiesmchebqfenymgyejtnsai/Build/Products/Debug-iphoneos/EXUpdates\" \"/Users/clisamax/Library/Developer/Xcode/DerivedData/FormCam-bghffiesmchebqfenymgyejtnsai/Build/Products/Debug-iphoneos/EXUpdatesInterface\" \"/Users/clisamax/Library/Developer/Xcode/DerivedData/FormCam-bghffiesmchebqfenymgyejtnsai/Build/Products/Debug-iphoneos/Expo\" \"/Users/clisamax/Library/Developer/Xcode/DerivedData/FormCam-bghffiesmchebqfenymgyejtnsai/Build/Products/Debug-iphoneos/ExpoAsset\" \"/Users/clisamax/Library/Developer/Xcode/DerivedData/FormCam-bghffiesmchebqfenymgyejtnsai/Build/Products/Debug-iphoneos/ExpoCamera\" \"/Users/clisamax/Library/Developer/Xcode/DerivedData/FormCam-bghffiesmchebqfenymgyejtnsai/Build/Products/Debug-iphoneos/ExpoFileSystem\" \"/Users/clisamax/Library/Developer/Xcode/DerivedData/FormCam-bghffiesmchebqfenymgyejtnsai/Build/Products/Debug-iphoneos/ExpoFont\" \"/Users/clisamax/Library/Developer/Xcode/DerivedData/FormCam-bghffiesmchebqfenymgyejtnsai/Build/Products/Debug-iphoneos/ExpoHead\" \"/Users/clisamax/Library/Developer/Xcode/DerivedData/FormCam-bghffiesmchebqfenymgyejtnsai/Build/Products/Debug-iphoneos/ExpoImageManipulator\" \"/Users/clisamax/Library/Developer/Xcode/DerivedData/FormCam-bghffiesmchebqfenymgyejtnsai/Build/Products/Debug-iphoneos/ExpoKeepAwake\" \"/Users/clisamax/Library/Developer/Xcode/DerivedData/FormCam-bghffiesmchebqfenymgyejtnsai/Build/Products/Debug-iphoneos/ExpoLinking\" \"/Users/clisamax/Library/Developer/Xcode/DerivedData/FormCam-bghffiesmchebqfenymgyejtnsai/Build/Products/Debug-iphoneos/ExpoMediaLibrary\" \"/Users/clisamax/Library/Developer/Xcode/DerivedData/FormCam-bghffiesmchebqfenymgyejtnsai/Build/Products/Debug-iphoneos/ExpoModulesCore\" \"/Users/clisamax/Library/Developer/Xcode/DerivedData/FormCam-bghffiesmchebqfenymgyejtnsai/Build/Products/Debug-iphoneos/ExpoSplashScreen\" \"/Users/clisamax/Library/Developer/Xcode/DerivedData/FormCam-bghffiesmchebqfenymgyejtnsai/Build/Products/Debug-iphoneos/ExpoSystemUI\" \"/Users/clisamax/Library/Developer/Xcode/DerivedData/FormCam-bghffiesmchebqfenymgyejtnsai/Build/Products/Debug-iphoneos/ExpoWebBrowser\" \"/Users/clisamax/Library/Developer/Xcode/DerivedData/FormCam-bghffiesmchebqfenymgyejtnsai/Build/Products/Debug-iphoneos/ReachabilitySwift\" \"/Users/clisamax/Library/Developer/Xcode/DerivedData/FormCam-bghffiesmchebqfenymgyejtnsai/Build/Products/Debug-iphoneos/expo-dev-launcher\" \"/Users/clisamax/Library/Developer/Xcode/DerivedData/FormCam-bghffiesmchebqfenymgyejtnsai/Build/Products/Debug-iphoneos/expo-dev-menu\" \"/Users/clisamax/Library/Developer/Xcode/DerivedData/FormCam-bghffiesmchebqfenymgyejtnsai/Build/Products/Debug-iphoneos/expo-dev-menu-interface\"",
      "SWIFT_OBJC_BRIDGING_HEADER" : "FormCam/FormCam-Bridging-Header.h",
      "SWIFT_OPTIMIZATION_LEVEL" : "-Onone",
      "SWIFT_PLATFORM_TARGET_PREFIX" : "ios",
      "SWIFT_RESPONSE_FILE_PATH_normal_arm64" : "/Users/clisamax/Library/Developer/Xcode/DerivedData/FormCam-bghffiesmchebqfenymgyejtnsai/Build/Intermediates.noindex/FormCam.build/Debug-iphoneos/FormCam.build/Objects-normal/arm64/FormCam.SwiftFileList",
      "SWIFT_VERSION" : "5.0",
      "SYMROOT" : "/Users/clisamax/Library/Developer/Xcode/DerivedData/FormCam-bghffiesmchebqfenymgyejtnsai/Build/Products",
      "SYSTEM_ADMIN_APPS_DIR" : "/Applications/Utilities",
      "SYSTEM_APPS_DIR" : "/Applications",
      "SYSTEM_CORE_SERVICES_DIR" : "/System/Library/CoreServices",
      "SYSTEM_DEMOS_DIR" : "/Applications/Extras",
      "SYSTEM_DEVELOPER_APPS_DIR" : "/Applications/Xcode.app/Contents/Developer/Applications",
      "SYSTEM_DEVELOPER_BIN_DIR" : "/Applications/Xcode.app/Contents/Developer/usr/bin",
      "SYSTEM_DEVELOPER_DEMOS_DIR" : "/Applications/Xcode.app/Contents/Developer/Applications/Utilities/Built Examples",
      "SYSTEM_DEVELOPER_DIR" : "/Applications/Xcode.app/Contents/Developer",
      "SYSTEM_DEVELOPER_DOC_DIR" : "/Applications/Xcode.app/Contents/Developer/ADC Reference Library",
      "SYSTEM_DEVELOPER_GRAPHICS_TOOLS_DIR" : "/Applications/Xcode.app/Contents/Developer/Applications/Graphics Tools",
      "SYSTEM_DEVELOPER_JAVA_TOOLS_DIR" : "/Applications/Xcode.app/Contents/Developer/Applications/Java Tools",
      "SYSTEM_DEVELOPER_PERFORMANCE_TOOLS_DIR" : "/Applications/Xcode.app/Contents/Developer/Applications/Performance Tools",
      "SYSTEM_DEVELOPER_RELEASENOTES_DIR" : "/Applications/Xcode.app/Contents/Developer/ADC Reference Library/releasenotes",
      "SYSTEM_DEVELOPER_TOOLS" : "/Applications/Xcode.app/Contents/Developer/Tools",
      "SYSTEM_DEVELOPER_TOOLS_DOC_DIR" : "/Applications/Xcode.app/Contents/Developer/ADC Reference Library/documentation/DeveloperTools",
      "SYSTEM_DEVELOPER_TOOLS_RELEASENOTES_DIR" : "/Applications/Xcode.app/Contents/Developer/ADC Reference Library/releasenotes/DeveloperTools",
      "SYSTEM_DEVELOPER_USR_DIR" : "/Applications/Xcode.app/Contents/Developer/usr",
      "SYSTEM_DEVELOPER_UTILITIES_DIR" : "/Applications/Xcode.app/Contents/Developer/Applications/Utilities",
      "SYSTEM_DEXT_INSTALL_PATH" : "/System/Library/DriverExtensions",
      "SYSTEM_DOCUMENTATION_DIR" : "/Library/Documentation",
      "SYSTEM_EXTENSIONS_FOLDER_PATH" : "FormCam.app/SystemExtensions",
      "SYSTEM_EXTENSIONS_FOLDER_PATH_SHALLOW_BUNDLE_NO" : "FormCam.app/Library/SystemExtensions",
      "SYSTEM_EXTENSIONS_FOLDER_PATH_SHALLOW_BUNDLE_YES" : "FormCam.app/SystemExtensions",
      "SYSTEM_KEXT_INSTALL_PATH" : "/System/Library/Extensions",
      "SYSTEM_LIBRARY_DIR" : "/System/Library",
      "TAPI_DEMANGLE" : "YES",
      "TAPI_ENABLE_PROJECT_HEADERS" : "NO",
      "TAPI_LANGUAGE" : "objective-c",
      "TAPI_LANGUAGE_STANDARD" : "compiler-default",
      "TAPI_USE_SRCROOT" : "YES",
      "TAPI_VERIFY_MODE" : "Pedantic",
      "TARGET_BUILD_DIR" : "/Users/clisamax/Library/Developer/Xcode/DerivedData/FormCam-bghffiesmchebqfenymgyejtnsai/Build/Products/Debug-iphoneos",
      "TARGET_NAME" : "FormCam",
      "TARGET_TEMP_DIR" : "/Users/clisamax/Library/Developer/Xcode/DerivedData/FormCam-bghffiesmchebqfenymgyejtnsai/Build/Intermediates.noindex/FormCam.build/Debug-iphoneos/FormCam.build",
      "TARGETED_DEVICE_FAMILY" : "1,2",
      "TARGETNAME" : "FormCam",
      "TEMP_DIR" : "/Users/clisamax/Library/Developer/Xcode/DerivedData/FormCam-bghffiesmchebqfenymgyejtnsai/Build/Intermediates.noindex/FormCam.build/Debug-iphoneos/FormCam.build",
      "TEMP_FILE_DIR" : "/Users/clisamax/Library/Developer/Xcode/DerivedData/FormCam-bghffiesmchebqfenymgyejtnsai/Build/Intermediates.noindex/FormCam.build/Debug-iphoneos/FormCam.build",
      "TEMP_FILES_DIR" : "/Users/clisamax/Library/Developer/Xcode/DerivedData/FormCam-bghffiesmchebqfenymgyejtnsai/Build/Intermediates.noindex/FormCam.build/Debug-iphoneos/FormCam.build",
      "TEMP_ROOT" : "/Users/clisamax/Library/Developer/Xcode/DerivedData/FormCam-bghffiesmchebqfenymgyejtnsai/Build/Intermediates.noindex",
      "TEMP_SANDBOX_DIR" : "/Users/clisamax/Library/Developer/Xcode/DerivedData/FormCam-bghffiesmchebqfenymgyejtnsai/Build/Intermediates.noindex/TemporaryTaskSandboxes",
      "TEST_FRAMEWORK_SEARCH_PATHS" : " /Applications/Xcode.app/Contents/Developer/Platforms/iPhoneOS.platform/Developer/Library/Frameworks /Applications/Xcode.app/Contents/Developer/Platforms/iPhoneOS.platform/Developer/SDKs/iPhoneOS26.2.sdk/Developer/Library/Frameworks",
      "TEST_LIBRARY_SEARCH_PATHS" : " /Applications/Xcode.app/Contents/Developer/Platforms/iPhoneOS.platform/Developer/usr/lib",
      "TOOLCHAIN_DIR" : "/Applications/Xcode.app/Contents/Developer/Toolchains/XcodeDefault.xctoolchain",
      "TOOLCHAINS" : "com.apple.dt.toolchain.XcodeDefault",
      "TREAT_MISSING_BASELINES_AS_TEST_FAILURES" : "NO",
      "TREAT_MISSING_SCRIPT_PHASE_OUTPUTS_AS_ERRORS" : "NO",
      "TVOS_DEPLOYMENT_TARGET" : "26.2",
      "UID" : "501",
      "UNINSTALLED_PRODUCTS_DIR" : "/Users/clisamax/Library/Developer/Xcode/DerivedData/FormCam-bghffiesmchebqfenymgyejtnsai/Build/Intermediates.noindex/UninstalledProducts",
      "UNLOCALIZED_RESOURCES_FOLDER_PATH" : "FormCam.app",
      "UNLOCALIZED_RESOURCES_FOLDER_PATH_SHALLOW_BUNDLE_NO" : "FormCam.app/Resources",
      "UNLOCALIZED_RESOURCES_FOLDER_PATH_SHALLOW_BUNDLE_YES" : "FormCam.app",
      "UNSTRIPPED_PRODUCT" : "NO",
      "USE_DYNAMIC_NO_PIC" : "YES",
      "USE_HEADER_SYMLINKS" : "NO",
      "USE_HEADERMAP" : "YES",
      "USE_HERMES" : "true",
      "USE_RECURSIVE_SCRIPT_INPUTS_IN_SCRIPT_PHASES" : "YES",
      "USER" : "clisamax",
      "USER_APPS_DIR" : "/Users/clisamax/Applications",
      "USER_LIBRARY_DIR" : "/Users/clisamax/Library",
      "VALID_ARCHS" : "arm64 arm64e armv7 armv7s",
      "VALIDATE_DEVELOPMENT_ASSET_PATHS" : "YES_ERROR",
      "VALIDATE_PRODUCT" : "NO",
      "variant" : "normal",
      "VERBOSE_PBXCP" : "NO",
      "VERSION_INFO_BUILDER" : "clisamax",
      "VERSION_INFO_FILE" : "FormCam_vers.c",
      "VERSION_INFO_STRING" : "\"@(#)PROGRAM:FormCam  PROJECT:FormCam-1\"",
      "VERSIONING_SYSTEM" : "apple-generic",
      "VERSIONPLIST_PATH" : "FormCam.app/version.plist",
      "WARNING_CFLAGS" : "-Wno-comma -Wno-shorten-64-to-32",
      "WATCHOS_DEPLOYMENT_TARGET" : "26.2",
      "WORKSPACE_DIR" : "/Users/clisamax/Documents/GITHUB/FormCam/ios",
      "WRAP_ASSET_PACKS_IN_SEPARATE_DIRECTORIES" : "NO",
      "WRAPPER_EXTENSION" : "app",
      "WRAPPER_NAME" : "FormCam.app",
      "WRAPPER_SUFFIX" : ".app",
      "XCODE_APP_SUPPORT_DIR" : "/Applications/Xcode.app/Contents/Developer/Library/Xcode",
      "XCODE_PRODUCT_BUILD_VERSION" : "17C52",
      "XCODE_VERSION_ACTUAL" : "2620",
      "XCODE_VERSION_MAJOR" : "2600",
      "XCODE_VERSION_MINOR" : "2620",
      "XPCSERVICES_FOLDER_PATH" : "FormCam.app/XPCServices",
      "XROS_DEPLOYMENT_TARGET" : "26.2",
      "YACC" : "yacc"
    },
    "target" : "FormCam"
  }
]
[2026-02-17 16:34:55]    • Executando: xcodebuild
-workspace
FormCam.xcworkspace
-scheme
FormCam
-configuration
Debug
-sdk
iphoneos
-derivedDataPath
/Users/clisamax/Documents/GITHUB/FormCam/ios/build
-jobs
10
-allowProvisioningUpdates
-quiet
-showBuildTimingSummary
clean
build
--- xcodebuild: WARNING: Using the first of multiple matching destinations:
{ platform:iOS, id:dvtdevice-DVTiPhonePlaceholder-iphoneos:placeholder, name:Any iOS Device }
{ platform:macOS, arch:arm64, variant:Designed for [iPad,iPhone], id:00008132-000668692653801C, name:My Mac }
{ platform:iOS Simulator, id:dvtdevice-DVTiOSDeviceSimulatorPlaceholder-iphonesimulator:placeholder, name:Any iOS Simulator Device }
{ platform:iOS Simulator, arch:arm64, id:ADCD9AD4-5D06-4240-999B-A146996C751A, OS:26.1, name:iPad (A16) }
{ platform:iOS Simulator, arch:arm64, id:A50E9BF8-0CF2-456A-A2D0-6CC402AA9090, OS:26.2, name:iPad (A16) }
{ platform:iOS Simulator, arch:arm64, id:79FC3762-BD72-4F61-991C-0B660CDB2C6D, OS:26.1, name:iPad Air 11-inch (M3) }
{ platform:iOS Simulator, arch:arm64, id:DD99553A-F12A-4816-B30F-376380CC06B4, OS:26.2, name:iPad Air 11-inch (M3) }
{ platform:iOS Simulator, arch:arm64, id:1A9472A0-4390-4D7C-B857-EAE5D0EB0975, OS:26.1, name:iPad Air 13-inch (M3) }
{ platform:iOS Simulator, arch:arm64, id:E75B31A4-9C7E-495C-8725-FA8826DAC5FE, OS:26.2, name:iPad Air 13-inch (M3) }
{ platform:iOS Simulator, arch:arm64, id:2B715F92-7508-404B-B966-30C37D215A54, OS:26.1, name:iPad Pro 11-inch (M5) }
{ platform:iOS Simulator, arch:arm64, id:9EDF5669-6657-43E4-A3E0-ECB49B3902E2, OS:26.2, name:iPad Pro 11-inch (M5) }
{ platform:iOS Simulator, arch:arm64, id:F3509EE4-ADE6-4CC8-A6CA-3D6EFE1734A4, OS:26.1, name:iPad Pro 13-inch (M5) }
{ platform:iOS Simulator, arch:arm64, id:6AFA3444-7AD4-4B3B-BF43-6A4FF7A3D797, OS:26.2, name:iPad Pro 13-inch (M5) }
{ platform:iOS Simulator, arch:arm64, id:5BB992CF-4406-4D65-BE7A-B6F9C3AEF252, OS:26.1, name:iPad mini (A17 Pro) }
{ platform:iOS Simulator, arch:arm64, id:C018A2C4-12B9-45F4-AECE-AC30516AA75C, OS:26.2, name:iPad mini (A17 Pro) }
{ platform:iOS Simulator, arch:arm64, id:D5DF3EE8-26EA-4003-ABA8-38929DE02097, OS:26.1, name:iPhone 15 }
{ platform:iOS Simulator, arch:arm64, id:77A84AB8-4B20-4A16-B60C-EF3CE9359223, OS:26.1, name:iPhone 16e }
{ platform:iOS Simulator, arch:arm64, id:B228DBBE-4948-4E0C-B709-C2E0B6D901FA, OS:26.2, name:iPhone 16e }
{ platform:iOS Simulator, arch:arm64, id:CB9FFEC9-8D91-4789-89C3-E666F4FB6504, OS:26.1, name:iPhone 17 }
{ platform:iOS Simulator, arch:arm64, id:F53F47E8-20D3-441A-BBB3-24B9F6700687, OS:26.2, name:iPhone 17 }
{ platform:iOS Simulator, arch:arm64, id:DD55AF79-15E0-4937-BB6C-44C4EE0805DD, OS:26.1, name:iPhone 17 Pro }
{ platform:iOS Simulator, arch:arm64, id:988A3597-2F6A-4545-AC3E-079CA5FA19E2, OS:26.2, name:iPhone 17 Pro }
{ platform:iOS Simulator, arch:arm64, id:06074ECB-3BA1-4294-9466-0A23601957C1, OS:26.1, name:iPhone 17 Pro Max }
{ platform:iOS Simulator, arch:arm64, id:483F4AA7-9A08-44BA-8B29-629392AA85CD, OS:26.2, name:iPhone 17 Pro Max }
{ platform:iOS Simulator, arch:arm64, id:5198FE2E-FE3E-462C-9829-D2BD457C63D0, OS:26.1, name:iPhone Air }
{ platform:iOS Simulator, arch:arm64, id:5F8964AA-01DE-475B-99FA-DFEEA14A9250, OS:26.2, name:iPhone Air }
{ platform:iOS, arch:arm64, id:00008120-000A7C400A05A01E, name:Clisamax }
--- xcodebuild: WARNING: Using the first of multiple matching destinations:
{ platform:iOS, id:dvtdevice-DVTiPhonePlaceholder-iphoneos:placeholder, name:Any iOS Device }
{ platform:macOS, arch:arm64, variant:Designed for [iPad,iPhone], id:00008132-000668692653801C, name:My Mac }
{ platform:iOS Simulator, id:dvtdevice-DVTiOSDeviceSimulatorPlaceholder-iphonesimulator:placeholder, name:Any iOS Simulator Device }
{ platform:iOS Simulator, arch:arm64, id:ADCD9AD4-5D06-4240-999B-A146996C751A, OS:26.1, name:iPad (A16) }
{ platform:iOS Simulator, arch:arm64, id:A50E9BF8-0CF2-456A-A2D0-6CC402AA9090, OS:26.2, name:iPad (A16) }
{ platform:iOS Simulator, arch:arm64, id:79FC3762-BD72-4F61-991C-0B660CDB2C6D, OS:26.1, name:iPad Air 11-inch (M3) }
{ platform:iOS Simulator, arch:arm64, id:DD99553A-F12A-4816-B30F-376380CC06B4, OS:26.2, name:iPad Air 11-inch (M3) }
{ platform:iOS Simulator, arch:arm64, id:1A9472A0-4390-4D7C-B857-EAE5D0EB0975, OS:26.1, name:iPad Air 13-inch (M3) }
{ platform:iOS Simulator, arch:arm64, id:E75B31A4-9C7E-495C-8725-FA8826DAC5FE, OS:26.2, name:iPad Air 13-inch (M3) }
{ platform:iOS Simulator, arch:arm64, id:2B715F92-7508-404B-B966-30C37D215A54, OS:26.1, name:iPad Pro 11-inch (M5) }
{ platform:iOS Simulator, arch:arm64, id:9EDF5669-6657-43E4-A3E0-ECB49B3902E2, OS:26.2, name:iPad Pro 11-inch (M5) }
{ platform:iOS Simulator, arch:arm64, id:F3509EE4-ADE6-4CC8-A6CA-3D6EFE1734A4, OS:26.1, name:iPad Pro 13-inch (M5) }
{ platform:iOS Simulator, arch:arm64, id:6AFA3444-7AD4-4B3B-BF43-6A4FF7A3D797, OS:26.2, name:iPad Pro 13-inch (M5) }
{ platform:iOS Simulator, arch:arm64, id:5BB992CF-4406-4D65-BE7A-B6F9C3AEF252, OS:26.1, name:iPad mini (A17 Pro) }
{ platform:iOS Simulator, arch:arm64, id:C018A2C4-12B9-45F4-AECE-AC30516AA75C, OS:26.2, name:iPad mini (A17 Pro) }
{ platform:iOS Simulator, arch:arm64, id:D5DF3EE8-26EA-4003-ABA8-38929DE02097, OS:26.1, name:iPhone 15 }
{ platform:iOS Simulator, arch:arm64, id:77A84AB8-4B20-4A16-B60C-EF3CE9359223, OS:26.1, name:iPhone 16e }
{ platform:iOS Simulator, arch:arm64, id:B228DBBE-4948-4E0C-B709-C2E0B6D901FA, OS:26.2, name:iPhone 16e }
{ platform:iOS Simulator, arch:arm64, id:CB9FFEC9-8D91-4789-89C3-E666F4FB6504, OS:26.1, name:iPhone 17 }
{ platform:iOS Simulator, arch:arm64, id:F53F47E8-20D3-441A-BBB3-24B9F6700687, OS:26.2, name:iPhone 17 }
{ platform:iOS Simulator, arch:arm64, id:DD55AF79-15E0-4937-BB6C-44C4EE0805DD, OS:26.1, name:iPhone 17 Pro }
{ platform:iOS Simulator, arch:arm64, id:988A3597-2F6A-4545-AC3E-079CA5FA19E2, OS:26.2, name:iPhone 17 Pro }
{ platform:iOS Simulator, arch:arm64, id:06074ECB-3BA1-4294-9466-0A23601957C1, OS:26.1, name:iPhone 17 Pro Max }
{ platform:iOS Simulator, arch:arm64, id:483F4AA7-9A08-44BA-8B29-629392AA85CD, OS:26.2, name:iPhone 17 Pro Max }
{ platform:iOS Simulator, arch:arm64, id:5198FE2E-FE3E-462C-9829-D2BD457C63D0, OS:26.1, name:iPhone Air }
{ platform:iOS Simulator, arch:arm64, id:5F8964AA-01DE-475B-99FA-DFEEA14A9250, OS:26.2, name:iPhone Air }
{ platform:iOS, arch:arm64, id:00008120-000A7C400A05A01E, name:Clisamax }
warning: Run script build phase '[CP-User] [Hermes] Replace Hermes for the right configuration, if needed' will be run during every build because it does not specify any outputs. To address this issue, either add output dependencies to the script phase, or configure it to run in every build by unchecking "Based on dependency analysis" in the script phase. (in target 'hermes-engine' from project 'Pods')
note: Run script build phase '[CP-User] Generate app.config for prebuilt Constants.manifest' will be run during every build because the option to run the script phase "Based on dependency analysis" is unchecked. (in target 'EXConstants' from project 'Pods')
warning: Run script build phase '[CP-User] Generate updates resources for expo-updates' will be run during every build because it does not specify any outputs. To address this issue, either add output dependencies to the script phase, or configure it to run in every build by unchecking "Based on dependency analysis" in the script phase. (in target 'EXUpdates' from project 'Pods')
note: Run script build phase '[CP-User] [RNDeps] Replace React Native Dependencies for the right configuration, if needed' will be run during every build because the option to run the script phase "Based on dependency analysis" is unchecked. (in target 'ReactNativeDependencies' from project 'Pods')
/Users/clisamax/Documents/GITHUB/FormCam/ios/FormCam.xcodeproj: error: Signing for "FormCam" requires a development team. Select a development team in the Signing & Capabilities editor. (in target 'FormCam' from project 'FormCam')
note: Run script build phase 'Bundle React Native code and images' will be run during every build because the option to run the script phase "Based on dependency analysis" is unchecked. (in target 'FormCam' from project 'FormCam')
note: Run script build phase '[Expo] Configure project' will be run during every build because the option to run the script phase "Based on dependency analysis" is unchecked. (in target 'FormCam' from project 'FormCam')
note: Run script build phase '[CP-User] [RNDeps] Replace React Native Core for the right configuration, if needed' will be run during every build because the option to run the script phase "Based on dependency analysis" is unchecked. (in target 'React-Core-prebuilt' from project 'Pods')
note: Run script build phase '[CP-User] [RN]Check FBReactNativeSpec' will be run during every build because the option to run the script phase "Based on dependency analysis" is unchecked. (in target 'React-RCTFBReactNativeSpec' from project 'Pods')
/Users/clisamax/Documents/GITHUB/FormCam/ios/Pods/Pods.xcodeproj: warning: The iOS deployment target 'IPHONEOS_DEPLOYMENT_TARGET' is set to 9.0, but the range of supported deployment target versions is 12.0 to 26.2.99. (in target 'SDWebImage-SDWebImage' from project 'Pods')
** BUILD FAILED **

